EwbNo,DocNo,VehicleNo,Distance
663720857708,INV-1000,TS09AB8291,354
688273385879,INV-1001,TS09AB4662,655
566213987831,INV-1002,TS09AB9363,350
336131622550,INV-1003,TS09AB6924,659
357194413043,INV-1004,TS09AB2941,640
671835791120,INV-1005,TS09AB7454,77
569041263863,INV-1006,TS09AB8145,59
872919943981,INV-1007,TS09AB8790,891
242829097743,INV-1008,TS09AB3153,167
743622810349,INV-1009,TS09AB4975,154
539319037998,INV-1011,TS09AB2956,692
223515799698,INV-1012,TS09AB7048,974
992386397640,INV-1013,TS09AB1766,833
815209944181,INV-1015,TS09AB7157,939
788108797931,INV-1016,TS09AB1445,130
168400880607,INV-1017,TS09AB5423,876
635756127663,INV-1018,TS09AB1591,553
652934716078,INV-1019,TS09AB2018,509
979232625207,INV-1020,TS09AB1106,463
878168547635,INV-1021,TS09AB4196,846
128412500326,INV-1022,TS09AB6433,706
559399644498,INV-1024,TS09AB4208,576
854189954257,INV-1025,TS09AB7391,568
418115324868,INV-1026,TS09AB3820,187
248396638992,INV-1027,TS09AB8090,214
173257876803,INV-1028,TS09AB1483,484
319150879850,INV-1029,TS09AB7110,199
230640048460,INV-1031,TS09AB5427,976
305931263402,INV-1032,TS09AB8576,98
619524282559,INV-1033,TS09AB7337,522
559746222269,INV-1035,TS09AB5579,223
273941497027,INV-1036,TS09AB8489,938
371495427609,INV-1037,TS09AB2279,342
535028521551,INV-1038,TS09AB4952,631
513949737946,INV-1039,TS09AB2575,802
440082690751,INV-1040,TS09AB6547,743
777542019895,INV-1041,TS09AB5756,722
376160632104,INV-1042,TS09AB4760,437
823301998328,INV-1043,TS09AB4656,487
901007257235,INV-1044,TS09AB7043,864
574992977564,INV-1045,TS09AB6823,212
613033617627,INV-1046,TS09AB6946,427
989549438638,INV-1047,TS09AB3266,237
581160845965,INV-1048,TS09AB1369,452
416173242880,INV-1049,TS09AB1454,895
554258225234,INV-1050,TS09AB9869,878
564106227512,INV-1051,TS09AB4084,314
238966052181,INV-1052,TS09AB7217,740
426058037334,INV-1053,TS09AB9568,788
277299650358,INV-1054,TS09AB1466,493
569586270536,INV-1056,TS09AB4655,799
286469435614,INV-1058,TS09AB6962,277
623123805125,INV-1059,TS09AB2013,596
131104439746,INV-1060,TS09AB7230,37
103392540857,INV-1061,TS09AB9820,589
433244466302,INV-1062,TS09AB4053,312
160285088668,INV-1063,TS09AB4413,110
958125361480,INV-1064,TS09AB7083,171
275282959253,INV-1065,TS09AB7937,706
245682712763,INV-1066,TS09AB3823,287
493813053558,INV-1067,TS09AB3678,619
277274117059,INV-1068,TS09AB9820,182
818655295286,INV-1069,TS09AB2695,271
972205195494,INV-1070,TS09AB8232,505
634213883436,INV-1071,TS09AB2785,209
524288654280,INV-1072,TS09AB3017,606
474277229600,INV-1073,TS09AB1262,166
449238797078,INV-1074,TS09AB2656,498
154744134939,INV-1075,TS09AB7951,496
761298090087,INV-1076,TS09AB6826,692
788640597527,INV-1077,TS09AB6951,253
441147871362,INV-1078,TS09AB3986,54
186932522614,INV-1079,TS09AB6732,105
952349701182,INV-1080,TS09AB6412,393
712255929497,INV-1081,TS09AB3157,515
520405534746,INV-1082,TS09AB6725,789
853634237806,INV-1083,TS09AB7445,876
977706294243,INV-1085,TS09AB1190,293
529131623343,INV-1088,TS09AB2506,313
901691854852,INV-1089,TS09AB1111,44
617723028295,INV-1090,TS09AB6348,260
926028505708,INV-1091,TS09AB3301,436
517396209589,INV-1092,TS09AB2759,18
226497227606,INV-1093,TS09AB4414,10
434422268762,INV-1094,TS09AB4274,469
975899097198,INV-1095,TS09AB3803,925
846797889122,INV-1096,TS09AB1949,360
827372409011,INV-1097,TS09AB3915,368
811463960898,INV-1099,TS09AB1274,739
446338967915,INV-1100,TS09AB9238,844
383814302246,INV-1101,TS09AB8750,619
911606142456,INV-1102,TS09AB7407,565
163046235890,INV-1103,TS09AB7384,994
243956021446,INV-1104,TS09AB4972,370
287472089398,INV-1105,TS09AB3765,550
151574138188,INV-1106,TS09AB4712,399
887559503487,INV-1107,TS09AB9752,323
124589426125,INV-1108,TS09AB3229,567
230338302658,INV-1109,TS09AB3491,841
618688092762,INV-1111,TS09AB6111,272
359196837189,INV-1112,TS09AB3182,934
851227144770,INV-1113,TS09AB1468,85
788613048101,INV-1114,TS09AB9126,405
628721119295,INV-1115,TS09AB5388,376
746572911398,INV-1116,TS09AB2698,829
605071081252,INV-1117,TS09AB7808,452
723101287951,INV-1118,TS09AB3909,271
719805822406,INV-1119,TS09AB6184,488
566388904348,INV-1120,TS09AB7554,552
547184491855,INV-1121,TS09AB7098,831
808304819680,INV-1123,TS09AB4776,898
462324261771,INV-1124,TS09AB8293,558
702766849686,INV-1125,TS09AB1977,181
655411198162,INV-1126,TS09AB6784,135
599097487678,INV-1128,TS09AB8539,752
118002292031,INV-1129,TS09AB4532,662
447188719244,INV-1130,TS09AB1667,770
475780414488,INV-1131,TS09AB6898,504
402742832145,INV-1132,TS09AB2510,523
434218678779,INV-1133,TS09AB3101,785
798162231264,INV-1134,TS09AB2517,969
373883242650,INV-1135,TS09AB3286,103
850038440677,INV-1136,TS09AB9670,856
936437879742,INV-1137,TS09AB1499,839
529901737456,INV-1138,TS09AB9010,457
654472839544,INV-1140,TS09AB4292,822
706282847779,INV-1141,TS09AB5226,562
994908440413,INV-1142,TS09AB7497,769
903067218972,INV-1143,TS09AB9609,24
345315503514,INV-1144,TS09AB9711,575
868098250718,INV-1145,TS09AB1746,763
437017894834,INV-1146,TS09AB9526,185
989275008494,INV-1148,TS09AB9232,813
746960378519,INV-1149,TS09AB1350,880
128561500930,INV-1150,TS09AB8522,890
235900967789,INV-1151,TS09AB7134,951
670638788711,INV-1152,TS09AB3346,246
123856113022,INV-1153,TS09AB3278,265
991468217710,INV-1154,TS09AB7160,975
610709768509,INV-1155,TS09AB6094,679
438017752176,INV-1156,TS09AB2553,503
824984929986,INV-1159,TS09AB2837,910
231409766859,INV-1160,TS09AB7609,783
762703287084,INV-1161,TS09AB8924,122
111680803227,INV-1162,TS09AB4822,773
181255107179,INV-1163,TS09AB4811,419
478654080718,INV-1164,TS09AB2187,676
127686955261,INV-1165,TS09AB6449,684
369869202588,INV-1166,TS09AB4385,925
119959202992,INV-1167,TS09AB7437,581
295241191984,INV-1168,TS09AB1696,682
713533449055,INV-1170,TS09AB8098,274
353311549440,INV-1171,TS09AB1772,404
172239884860,INV-1172,TS09AB6468,332
119562826028,INV-1173,TS09AB4177,312
350016944678,INV-1174,TS09AB4773,33
957064555020,INV-1175,TS09AB2770,556
165695195944,INV-1176,TS09AB5064,687
956188795933,INV-1177,TS09AB2841,104
599287727879,INV-1178,TS09AB7570,387
347729604669,INV-1179,TS09AB6500,75
264363169936,INV-1180,TS09AB8231,851
290892686005,INV-1181,TS09AB4256,590
171672027557,INV-1182,TS09AB3833,580
629035793166,INV-1183,TS09AB9880,303
689977056726,INV-1184,TS09AB2823,656
977648771732,INV-1185,TS09AB9543,885
475865894576,INV-1188,TS09AB1347,247
634161031826,INV-1190,TS09AB5708,920
367169409244,INV-1191,TS09AB7045,552
830230304326,INV-1192,TS09AB8719,275
609650249710,INV-1193,TS09AB7284,558
201545919507,INV-1194,TS09AB4652,644
414993280762,INV-1195,TS09AB9770,123
510324329523,INV-1196,TS09AB7834,450
768650310302,INV-1197,TS09AB1961,604
377126499223,INV-1198,TS09AB9710,39
249898921088,INV-1200,TS09AB8419,413
895172958710,INV-1202,TS09AB6593,777
486687093651,INV-1204,TS09AB9526,532
251799793090,INV-1205,TS09AB6852,980
612217632451,INV-1206,TS09AB7212,600
368540908021,INV-1207,TS09AB4368,842
105253670880,INV-1208,TS09AB6299,864
788945690023,INV-1209,TS09AB9757,923
573163524488,INV-1210,TS09AB5595,82
895272677320,INV-1211,TS09AB2509,962
446399417133,INV-1212,TS09AB2694,737
371311335887,INV-1213,TS09AB3281,786
317441629813,INV-1215,TS09AB4109,630
637501293235,INV-1216,TS09AB6484,659
736667847620,INV-1217,TS09AB1917,300
107565309501,INV-1218,TS09AB9358,140
979913467349,INV-1219,TS09AB8674,22
815530764964,INV-1220,TS09AB3413,812
865386006384,INV-1221,TS09AB4697,872
921010359344,INV-1222,TS09AB8908,919
230667400156,INV-1223,TS09AB5456,510
792438980372,INV-1224,TS09AB7081,503
225628437515,INV-1225,TS09AB1720,85
461139360595,INV-1226,TS09AB2244,690
997459179093,INV-1227,TS09AB8193,289
514584249369,INV-1228,TS09AB7748,631
906270535330,INV-1229,TS09AB9033,155
192664399096,INV-1230,TS09AB1629,776
918840804661,INV-1231,TS09AB2933,999
629622489046,INV-1232,TS09AB7164,392
412563992873,INV-1233,TS09AB5150,807
458873906448,INV-1234,TS09AB5364,631
309846104666,INV-1235,TS09AB6195,222
415261238500,INV-1236,TS09AB1372,293
700113730189,INV-1237,TS09AB4578,750
196189850236,INV-1238,TS09AB9289,824
809593956500,INV-1239,TS09AB1626,883
352014025969,INV-1240,TS09AB1806,849
489877488411,INV-1241,TS09AB1082,996
205590137867,INV-1242,TS09AB1728,236
256122924656,INV-1244,TS09AB5630,584
505831306036,INV-1245,TS09AB5989,910
224937446570,INV-1246,TS09AB2254,683
651012546348,INV-1247,TS09AB6527,554
707133340032,INV-1248,TS09AB1371,947
409619454751,INV-1250,TS09AB5867,525
752021803413,INV-1251,TS09AB4655,374
419663054709,INV-1252,TS09AB3212,707
314695851281,INV-1253,TS09AB4975,351
262321505342,INV-1254,TS09AB3347,351
913596601908,INV-1255,TS09AB5740,522
364050475537,INV-1256,TS09AB4909,325
215352390619,INV-1257,TS09AB2696,831
352728834630,INV-1258,TS09AB2845,187
224041082037,INV-1259,TS09AB7514,221
167302822566,INV-1260,TS09AB2815,849
792256314719,INV-1261,TS09AB9138,751
745651490801,INV-1262,TS09AB7980,295
760401794053,INV-1263,TS09AB6481,23
499995663930,INV-1264,TS09AB5158,142
615279221824,INV-1266,TS09AB8192,13
124809723033,INV-1268,TS09AB5692,724
844483696524,INV-1271,TS09AB5272,844
957494159639,INV-1272,TS09AB6634,876
853623906887,INV-1273,TS09AB4368,451
156202242096,INV-1274,TS09AB3645,265
394555082089,INV-1275,TS09AB7294,537
984320658763,INV-1276,TS09AB6975,268
238186863014,INV-1277,TS09AB1844,860
287209747927,INV-1278,TS09AB3502,154
925591060882,INV-1279,TS09AB5362,620
280577435226,INV-1280,TS09AB6588,709
432784164508,INV-1281,TS09AB9362,879
123977832400,INV-1282,TS09AB2325,478
471593477139,INV-1283,TS09AB3772,906
865336581229,INV-1284,TS09AB3740,809
480610156766,INV-1285,TS09AB9366,806
538205375057,INV-1286,TS09AB7524,265
439826819891,INV-1287,TS09AB1615,36
625632772548,INV-1288,TS09AB1983,832
736899115348,INV-1289,TS09AB5572,319
570253407941,INV-1290,TS09AB3387,78
832451798089,INV-1291,TS09AB8814,961
132264060757,INV-1292,TS09AB4276,781
504691633846,INV-1293,TS09AB8078,704
949289020339,INV-1294,TS09AB5878,440
870842387114,INV-1295,TS09AB2445,26
979554921189,INV-1296,TS09AB3524,286
304559277757,INV-1298,TS09AB3696,770
306621266551,INV-1299,TS09AB1446,335
991148617905,INV-1300,TS09AB9321,375
636384493078,INV-1301,TS09AB9869,106
409601319578,INV-1302,TS09AB1586,498
318737227633,INV-1303,TS09AB2840,454
495678755051,INV-1305,TS09AB1538,419
815655787772,INV-1306,TS09AB3933,477
461820367068,INV-1307,TS09AB8630,495
186155084969,INV-1308,TS09AB1784,914
949978047772,INV-1310,TS09AB8057,929
737627983672,INV-1311,TS09AB1813,79
249558251184,INV-1312,TS09AB4679,53
104144262320,INV-1313,TS09AB8945,290
200121651767,INV-1314,TS09AB6039,59
206343323771,INV-1315,TS09AB3824,799
912525576940,INV-1316,TS09AB6112,633
817232908585,INV-1319,TS09AB8989,740
278008312780,INV-1320,TS09AB7615,939
737523702349,INV-1321,TS09AB6990,14
938770707657,INV-1322,TS09AB5274,505
692346442225,INV-1323,TS09AB9664,579
860709987760,INV-1324,TS09AB7594,368
689597106144,INV-1325,TS09AB5462,57
199685443937,INV-1326,TS09AB3889,649
647414805417,INV-1327,TS09AB8809,422
251434775019,INV-1328,TS09AB8682,362
375963672398,INV-1329,TS09AB9488,86
980383857220,INV-1330,TS09AB6841,760
220574772684,INV-1331,TS09AB2418,104
685032109689,INV-1332,TS09AB6159,46
432217020332,INV-1333,TS09AB4812,403
870376950462,INV-1334,TS09AB8996,660
395905193754,INV-1336,TS09AB1003,770
631200581292,INV-1337,TS09AB5551,17
743760982916,INV-1338,TS09AB2231,406
471595977020,INV-1341,TS09AB9864,752
217363041357,INV-1342,TS09AB6518,469
828587275657,INV-1343,TS09AB1761,458
427531771990,INV-1344,TS09AB6104,895
172138650299,INV-1345,TS09AB7808,651
940570339178,INV-1347,TS09AB5007,859
878937038827,INV-1348,TS09AB5257,552
229192269709,INV-1349,TS09AB7583,577
760547096218,INV-1350,TS09AB2985,515
118729773909,INV-1352,TS09AB3162,594
660247668332,INV-1353,TS09AB8410,877
918866840445,INV-1354,TS09AB7645,981
729139741328,INV-1356,TS09AB9457,587
879753563377,INV-1357,TS09AB1577,707
456111248880,INV-1358,TS09AB3932,183
876024228620,INV-1359,TS09AB4847,994
595033095346,INV-1360,TS09AB8765,769
624128015061,INV-1361,TS09AB4060,107
505149699053,INV-1362,TS09AB8272,839
578709804015,INV-1363,TS09AB6558,187
718893314400,INV-1364,TS09AB1103,375
544685719974,INV-1366,TS09AB4044,434
347507930304,INV-1368,TS09AB1453,651
450606525447,INV-1369,TS09AB5452,720
234580458101,INV-1370,TS09AB9299,588
364554403684,INV-1371,TS09AB6884,951
857177201711,INV-1373,TS09AB2394,656
259140513542,INV-1374,TS09AB3057,700
703349518469,INV-1375,TS09AB1094,759
842025347353,INV-1376,TS09AB8540,770
651628328284,INV-1377,TS09AB7274,857
896488639896,INV-1378,TS09AB7785,561
246542987937,INV-1379,TS09AB1906,182
620009832196,INV-1380,TS09AB7918,214
420805484590,INV-1381,TS09AB9577,996
205312244717,INV-1382,TS09AB6927,24
919820750730,INV-1383,TS09AB2914,721
557355029215,INV-1384,TS09AB3993,965
790698444432,INV-1385,TS09AB4532,902
179683105286,INV-1386,TS09AB2534,400
207485762569,INV-1387,TS09AB9823,880
935035255920,INV-1388,TS09AB5794,887
557679059819,INV-1389,TS09AB3534,247
607905256703,INV-1390,TS09AB1327,250
864801864964,INV-1391,TS09AB4261,385
769860157486,INV-1392,TS09AB5270,57
510313127328,INV-1393,TS09AB1969,47
891947880859,INV-1394,TS09AB9002,934
738528495657,INV-1395,TS09AB3286,821
216345137636,INV-1397,TS09AB9008,43
911600446538,INV-1398,TS09AB4393,787
624436687691,INV-1399,TS09AB2598,927
829150598935,INV-1400,TS09AB5200,667
366674367569,INV-1402,TS09AB8792,549
103874337478,INV-1404,TS09AB8437,450
747423120434,INV-1405,TS09AB9985,104
985796688773,INV-1406,TS09AB5330,360
495178293774,INV-1407,TS09AB4426,84
170781091418,INV-1408,TS09AB3936,460
411754141859,INV-1409,TS09AB9193,52
460137627196,INV-1410,TS09AB4322,402
350681235893,INV-1411,TS09AB3325,907
344811239240,INV-1412,TS09AB7290,653
495376727418,INV-1413,TS09AB7970,329
980255213151,INV-1415,TS09AB1314,690
789197264405,INV-1417,TS09AB2929,731
881722444382,INV-1418,TS09AB2636,640
800321418547,INV-1419,TS09AB8801,244
122838008476,INV-1420,TS09AB1089,786
299351831466,INV-1421,TS09AB6235,999
939832319027,INV-1422,TS09AB6710,711
104428389242,INV-1423,TS09AB1466,463
981760624298,INV-1424,TS09AB2770,262
450016769922,INV-1425,TS09AB1516,637
408297190944,INV-1426,TS09AB2656,937
312265285959,INV-1427,TS09AB5223,426
435345645999,INV-1428,TS09AB2726,308
658729869079,INV-1429,TS09AB4500,774
262916799491,INV-1431,TS09AB4155,229
411820144612,INV-1433,TS09AB9124,88
263206526528,INV-1434,TS09AB5882,725
185618172589,INV-1437,TS09AB3339,812
947708844745,INV-1439,TS09AB2162,877
257719156831,INV-1440,TS09AB6520,817
267786308234,INV-1441,TS09AB2365,296
298542039558,INV-1442,TS09AB8766,927
717456510879,INV-1443,TS09AB9472,367
798741221786,INV-1444,TS09AB7904,123
644998063914,INV-1445,TS09AB9329,276
424266192559,INV-1446,TS09AB3504,385
270742230829,INV-1447,TS09AB2747,609
202795201702,INV-1448,TS09AB1426,438
256065790150,INV-1450,TS09AB1540,401
171565254981,INV-1451,TS09AB4549,564
549020220503,INV-1452,TS09AB8604,121
102993671736,INV-1453,TS09AB4240,483
329463986789,INV-1454,TS09AB5031,353
589257251422,INV-1455,TS09AB3703,747
103258903744,INV-1456,TS09AB4098,914
583481515147,INV-1457,TS09AB4108,606
915467765132,INV-1458,TS09AB1053,753
282495795529,INV-1459,TS09AB6434,869
307283922874,INV-1460,TS09AB4629,905
308477243700,INV-1461,TS09AB3155,169
334621031901,INV-1462,TS09AB3448,317
655936068094,INV-1463,TS09AB6525,94
775183493586,INV-1464,TS09AB2169,211
601958853824,INV-1465,TS09AB4806,687
442595510611,INV-1466,TS09AB4685,318
252123834715,INV-1467,TS09AB1009,835
464490978009,INV-1468,TS09AB8506,874
821074563813,INV-1469,TS09AB6063,523
609974487282,INV-1470,TS09AB1087,758
998381620654,INV-1471,TS09AB6436,429
589437679148,INV-1472,TS09AB7700,541
469992899357,INV-1473,TS09AB9507,87
402849261483,INV-1474,TS09AB9673,425
160970221593,INV-1475,TS09AB6688,720
433050554406,INV-1476,TS09AB1319,669
382005355695,INV-1477,TS09AB7405,473
591093026452,INV-1478,TS09AB4910,558
722797411688,INV-1479,TS09AB8740,986
330886728828,INV-1482,TS09AB4161,877
189609926395,INV-1483,TS09AB2014,14
628728116784,INV-1484,TS09AB1275,86
163452225921,INV-1485,TS09AB4794,441
350709237917,INV-1486,TS09AB2494,114
847517556339,INV-1488,TS09AB9187,949
414657314681,INV-1489,TS09AB8756,33
869140836904,INV-1490,TS09AB5209,211
474770740742,INV-1493,TS09AB7283,577
949490492053,INV-1495,TS09AB1511,425
351143088889,INV-1496,TS09AB1989,990
266893632378,INV-1497,TS09AB9889,271
755706807677,INV-1498,TS09AB7637,797
747893118237,INV-1500,TS09AB6326,840
842101839668,INV-1502,TS09AB2897,901
215320275033,INV-1503,TS09AB1881,192
436597114636,INV-1504,TS09AB6444,167
654145175106,INV-1505,TS09AB6794,390
359313225589,INV-1506,TS09AB9590,154
188362501264,INV-1507,TS09AB6008,628
279605458473,INV-1508,TS09AB2211,359
798603634925,INV-1509,TS09AB8014,905
713046579063,INV-1510,TS09AB6029,198
986208281375,INV-1511,TS09AB7371,219
573846455783,INV-1512,TS09AB4973,501
809332563515,INV-1513,TS09AB4229,340
173622911468,INV-1515,TS09AB2260,970
627518870528,INV-1516,TS09AB3574,818
140019350900,INV-1517,TS09AB2226,463
797181241602,INV-1518,TS09AB6264,438
271691882363,INV-1520,TS09AB4500,637
746070186397,INV-1521,TS09AB2328,151
839094287067,INV-1522,TS09AB7751,616
710548597358,INV-1524,TS09AB4483,490
950135349456,INV-1525,TS09AB5985,592
463246122535,INV-1526,TS09AB5178,400
646568324538,INV-1528,TS09AB2197,475
666389604501,INV-1529,TS09AB4815,949
197611580949,INV-1531,TS09AB8539,444
907707996583,INV-1532,TS09AB3624,955
143596050128,INV-1533,TS09AB7783,555
947749295107,INV-1535,TS09AB4944,733
526876464276,INV-1536,TS09AB5553,311
201518793392,INV-1537,TS09AB8609,623
162952814350,INV-1538,TS09AB7674,59
113045377470,INV-1539,TS09AB1198,381
724890128822,INV-1540,TS09AB8294,978
492038647059,INV-1541,TS09AB1245,553
752614193524,INV-1542,TS09AB6860,998
805557845515,INV-1543,TS09AB2868,390
270968579453,INV-1544,TS09AB2794,965
895685500205,INV-1545,TS09AB5349,624
536922618613,INV-1547,TS09AB4177,569
786957758299,INV-1548,TS09AB3823,873
265118718601,INV-1549,TS09AB4210,144
674813543193,INV-1550,TS09AB2250,860
664867742961,INV-1551,TS09AB3992,778
270937318627,INV-1552,TS09AB2331,403
241042862577,INV-1553,TS09AB3399,651
871092648235,INV-1554,TS09AB5002,775
901755830809,INV-1555,TS09AB1230,936
383161043830,INV-1556,TS09AB8236,114
224779399156,INV-1558,TS09AB6501,767
789486064972,INV-1559,TS09AB1708,725
554099498727,INV-1560,TS09AB1826,376
685154214087,INV-1561,TS09AB1841,103
370416002672,INV-1562,TS09AB8750,661
877603017116,INV-1563,TS09AB9904,346
828696687983,INV-1564,TS09AB1614,43
510729652661,INV-1565,TS09AB5696,631
397239643933,INV-1566,TS09AB9903,498
174870675577,INV-1567,TS09AB7572,680
818509589759,INV-1568,TS09AB6040,283
882218513960,INV-1570,TS09AB1897,538
290192839229,INV-1571,TS09AB8083,632
577028350006,INV-1572,TS09AB4338,801
847304206661,INV-1573,TS09AB9232,921
127771678834,INV-1574,TS09AB3609,413
978503871120,INV-1575,TS09AB1045,479
688621716837,INV-1576,TS09AB2411,245
760199554482,INV-1577,TS09AB3107,426
477126927031,INV-1578,TS09AB9840,499
596313392187,INV-1580,TS09AB7513,867
274770531782,INV-1582,TS09AB1464,843
676676008945,INV-1583,TS09AB2253,438
561984755654,INV-1584,TS09AB5949,540
361013357663,INV-1585,TS09AB1914,784
176965711585,INV-1586,TS09AB2138,778
936786013222,INV-1587,TS09AB6811,344
327572825449,INV-1588,TS09AB6876,776
601199223481,INV-1589,TS09AB2804,459
979106967806,INV-1590,TS09AB8554,396
652219649070,INV-1591,TS09AB9719,509
966969381201,INV-1592,TS09AB4135,762
843505846207,INV-1593,TS09AB2377,348
951090753239,INV-1594,TS09AB9683,388
455860892009,INV-1595,TS09AB1141,526
108462939230,INV-1596,TS09AB9819,799
232587828159,INV-1597,TS09AB9512,522
479950855310,INV-1598,TS09AB9006,776
517756569714,INV-1599,TS09AB9199,485
143657964041,INV-1600,TS09AB9906,298
428207119119,INV-1601,TS09AB1636,701
709031707265,INV-1602,TS09AB7372,910
295325363991,INV-1604,TS09AB1454,157
640653038363,INV-1605,TS09AB8212,76
971533409317,INV-1606,TS09AB3106,897
535921377771,INV-1607,TS09AB2816,939
262816854221,INV-1609,TS09AB5545,639
197904410707,INV-1610,TS09AB1316,455
636923007449,INV-1611,TS09AB9770,733
852994258801,INV-1612,TS09AB2732,705
294024262647,INV-1614,TS09AB2237,530
130749232152,INV-1615,TS09AB8481,372
556470854287,INV-1617,TS09AB7915,573
654686869632,INV-1618,TS09AB9606,219
934455241434,INV-1619,TS09AB7638,579
699790499093,INV-1620,TS09AB3328,789
639216407472,INV-1621,TS09AB5584,788
942417428479,INV-1623,TS09AB2716,906
843548479656,INV-1624,TS09AB4235,271
932924174363,INV-1625,TS09AB2779,369
852021372310,INV-1626,TS09AB6123,909
164711673742,INV-1627,TS09AB2473,731
170455992662,INV-1628,TS09AB9400,413
408107978398,INV-1629,TS09AB2982,201
789166787467,INV-1630,TS09AB7541,357
842895584056,INV-1631,TS09AB3618,856
336630709912,INV-1632,TS09AB6363,841
938987271051,INV-1633,TS09AB7488,700
798298021609,INV-1634,TS09AB4437,232
876214968971,INV-1635,TS09AB6217,175
463645476700,INV-1636,TS09AB6921,239
653006962063,INV-1637,TS09AB6107,210
341175650421,INV-1638,TS09AB3761,713
317490539513,INV-1639,TS09AB4593,327
823495558292,INV-1640,TS09AB6214,627
400845965086,INV-1641,TS09AB2780,854
910418878538,INV-1642,TS09AB2005,968
581755716867,INV-1643,TS09AB9859,909
336816746579,INV-1644,TS09AB3913,856
497259647946,INV-1645,TS09AB6457,862
780098601088,INV-1647,TS09AB9182,66
392138105782,INV-1648,TS09AB2475,988
212222184077,INV-1649,TS09AB2803,991
378647449366,INV-1652,TS09AB9005,334
801132876525,INV-1655,TS09AB7752,160
246394688305,INV-1656,TS09AB2975,253
853591426993,INV-1657,TS09AB7113,471
593390339264,INV-1658,TS09AB1228,181
899519305533,INV-1659,TS09AB2682,750
558364628673,INV-1662,TS09AB5712,521
225016041294,INV-1664,TS09AB7694,529
445036397047,INV-1665,TS09AB1208,242
755399960796,INV-1666,TS09AB5086,167
973316554258,INV-1667,TS09AB3779,602
845701035271,INV-1668,TS09AB9234,805
640860811933,INV-1669,TS09AB6972,731
467050206759,INV-1670,TS09AB6678,665
364166191550,INV-1671,TS09AB5849,704
137785975781,INV-1672,TS09AB6498,839
625729186244,INV-1674,TS09AB7756,791
946326114378,INV-1675,TS09AB7805,412
802047702028,INV-1676,TS09AB8261,352
909522757791,INV-1677,TS09AB5032,835
424004948933,INV-1678,TS09AB3159,120
500203046816,INV-1679,TS09AB6952,127
916335980747,INV-1681,TS09AB4410,316
552452805134,INV-1682,TS09AB6632,831
113506019830,INV-1684,TS09AB7156,581
241508377766,INV-1685,TS09AB4816,624
916952054703,INV-1686,TS09AB2608,170
683696909785,INV-1687,TS09AB7781,161
280169228940,INV-1688,TS09AB3465,367
506347957883,INV-1689,TS09AB8995,166
540408182929,INV-1690,TS09AB4384,329
807046216041,INV-1691,TS09AB9194,319
624229485829,INV-1692,TS09AB7255,749
261388405810,INV-1694,TS09AB1167,579
343539092624,INV-1695,TS09AB9111,29
284048792552,INV-1696,TS09AB9350,833
347898780034,INV-1697,TS09AB7627,254
735180805846,INV-1698,TS09AB3788,904
243552659896,INV-1701,TS09AB5469,930
411553495137,INV-1702,TS09AB2174,64
317102290457,INV-1703,TS09AB3178,64
379283655688,INV-1704,TS09AB9291,588
897716076987,INV-1706,TS09AB8182,56
834484335288,INV-1707,TS09AB4514,324
216824475933,INV-1708,TS09AB7312,946
538917451728,INV-1709,TS09AB5075,542
756951747257,INV-1712,TS09AB9692,717
116586498866,INV-1713,TS09AB5874,634
631303600015,INV-1714,TS09AB9971,861
713718961133,INV-1716,TS09AB1836,295
546896725036,INV-1717,TS09AB9879,627
792335202658,INV-1718,TS09AB1084,507
863181569878,INV-1719,TS09AB1652,537
172112561775,INV-1720,TS09AB8097,468
917716798512,INV-1721,TS09AB3037,458
846515327374,INV-1722,TS09AB3247,848
614544828375,INV-1723,TS09AB6520,328
191072311590,INV-1724,TS09AB1774,172
965691920701,INV-1725,TS09AB3761,201
674364943112,INV-1726,TS09AB1195,545
228043203707,INV-1727,TS09AB9401,305
231833004637,INV-1728,TS09AB3154,511
536141394418,INV-1729,TS09AB8211,300
990047334158,INV-1730,TS09AB4464,899
900879008320,INV-1731,TS09AB6002,60
389790645120,INV-1732,TS09AB4797,954
882865699613,INV-1733,TS09AB3171,952
410501905911,INV-1734,TS09AB7380,911
825673294119,INV-1735,TS09AB8937,685
997057849805,INV-1736,TS09AB1649,947
139045354217,INV-1737,TS09AB4949,937
893988108256,INV-1739,TS09AB7489,345
976282013867,INV-1741,TS09AB2179,151
335474465599,INV-1742,TS09AB9234,118
895761798242,INV-1744,TS09AB3137,265
235529385469,INV-1745,TS09AB2729,883
344460383348,INV-1747,TS09AB8349,925
444466290780,INV-1748,TS09AB1192,482
579377054476,INV-1749,TS09AB7745,199
530656805429,INV-1750,TS09AB3408,741
323226945706,INV-1751,TS09AB3417,640
328593998618,INV-1752,TS09AB2834,903
412135584675,INV-1753,TS09AB9091,249
144815832958,INV-1755,TS09AB9359,855
688590109270,INV-1757,TS09AB3561,706
233542576596,INV-1758,TS09AB8009,501
524938017095,INV-1759,TS09AB3616,602
880265795219,INV-1760,TS09AB6641,811
933156512515,INV-1761,TS09AB9053,13
772874302775,INV-1762,TS09AB9770,783
245960765568,INV-1763,TS09AB6369,41
562596119463,INV-1764,TS09AB8389,356
292368234728,INV-1766,TS09AB1090,912
757577025359,INV-1767,TS09AB2613,419
914070284655,INV-1768,TS09AB4754,786
430920084309,INV-1769,TS09AB2534,755
526276946066,INV-1770,TS09AB1970,823
328365009170,INV-1772,TS09AB7127,180
347725538185,INV-1773,TS09AB6441,946
621945950901,INV-1774,TS09AB1867,385
181138306890,INV-1776,TS09AB7056,826
342404627888,INV-1781,TS09AB9271,106
173468673610,INV-1783,TS09AB2845,945
498169728579,INV-1784,TS09AB1882,329
980823703154,INV-1785,TS09AB2014,146
196466737757,INV-1786,TS09AB6029,448
581335806934,INV-1787,TS09AB9868,550
912434603915,INV-1788,TS09AB2762,773
450310859069,INV-1789,TS09AB4699,209
876040878871,INV-1790,TS09AB6171,920
793915340047,INV-1792,TS09AB6258,688
103425773012,INV-1793,TS09AB5445,157
808297774673,INV-1794,TS09AB6608,960
112510766908,INV-1796,TS09AB4424,972
143522522669,INV-1797,TS09AB9621,710
115813113216,INV-1798,TS09AB3529,987
528365301668,INV-1799,TS09AB1009,264
188838588891,INV-1800,TS09AB4428,188
547135825220,INV-1802,TS09AB3523,665
526785666531,INV-1804,TS09AB6128,999
849913866552,INV-1806,TS09AB6018,41
195638126059,INV-1807,TS09AB1606,814
674100867858,INV-1810,TS09AB2806,540
887214792055,INV-1812,TS09AB5094,187
833800031888,INV-1813,TS09AB7799,146
533753164721,INV-1814,TS09AB1313,998
628216746112,INV-1815,TS09AB5707,598
515352098485,INV-1816,TS09AB7213,92
243356470697,INV-1817,TS09AB9217,175
929281881387,INV-1818,TS09AB5196,430
906386999636,INV-1819,TS09AB7510,420
615352006418,INV-1820,TS09AB4288,951
428901288352,INV-1821,TS09AB9413,398
696519479790,INV-1822,TS09AB3796,379
571704452792,INV-1823,TS09AB6513,436
590950957464,INV-1825,TS09AB2065,434
553998684182,INV-1826,TS09AB8289,390
522995583680,INV-1828,TS09AB1272,526
288289953462,INV-1829,TS09AB4285,268
161549293417,INV-1830,TS09AB8982,129
557756963750,INV-1831,TS09AB7558,173
974103127051,INV-1832,TS09AB5628,461
137364873960,INV-1833,TS09AB1677,924
118720264602,INV-1834,TS09AB6167,882
590247451358,INV-1835,TS09AB3021,881
620137884682,INV-1836,TS09AB5336,934
521871128098,INV-1837,TS09AB5608,731
939901733326,INV-1838,TS09AB3983,160
116493155872,INV-1839,TS09AB2389,85
388907776912,INV-1840,TS09AB7363,480
604722331390,INV-1845,TS09AB4303,299
946681207605,INV-1846,TS09AB1102,70
782534831159,INV-1847,TS09AB2596,859
266083085252,INV-1848,TS09AB8467,567
517087423800,INV-1849,TS09AB3329,425
388405533028,INV-1850,TS09AB4882,461
396165822590,INV-1851,TS09AB9744,123
813227309685,INV-1852,TS09AB5980,684
184554114847,INV-1853,TS09AB7276,635
699927480407,INV-1854,TS09AB3020,194
698910153449,INV-1855,TS09AB1401,232
123089174260,INV-1856,TS09AB5701,226
241000628338,INV-1857,TS09AB3049,143
201172267116,INV-1858,TS09AB8297,215
670007068277,INV-1859,TS09AB9949,482
861408999939,INV-1860,TS09AB4525,817
964292089066,INV-1862,TS09AB6694,221
385882030199,INV-1863,TS09AB8550,267
796298776195,INV-1864,TS09AB5949,275
317211718406,INV-1865,TS09AB2864,303
278780027449,INV-1866,TS09AB8969,773
104904876972,INV-1867,TS09AB7274,318
915971961669,INV-1868,TS09AB8011,170
663728594669,INV-1870,TS09AB2044,177
905507925801,INV-1871,TS09AB8934,654
929324606498,INV-1872,TS09AB4256,232
610567894359,INV-1874,TS09AB5161,777
570587180647,INV-1875,TS09AB8893,540
370720827691,INV-1876,TS09AB6335,355
740088565047,INV-1877,TS09AB8167,83
267830527536,INV-1878,TS09AB5803,807
581963209082,INV-1879,TS09AB5725,871
113588729282,INV-1881,TS09AB5647,918
972809833341,INV-1882,TS09AB3840,877
932387551159,INV-1883,TS09AB1353,791
691711603486,INV-1884,TS09AB1555,205
365009023911,INV-1885,TS09AB2059,655
922248361958,INV-1887,TS09AB3320,75
399543149168,INV-1888,TS09AB9912,920
455469761016,INV-1890,TS09AB1452,790
218511183777,INV-1891,TS09AB5217,791
822805543031,INV-1892,TS09AB2365,284
414683163039,INV-1893,TS09AB5365,367
794206409083,INV-1894,TS09AB6424,528
417281347761,INV-1895,TS09AB4389,418
912541949399,INV-1897,TS09AB2760,965
898017918084,INV-1898,TS09AB3220,934
912753220174,INV-1899,TS09AB4082,622
324692105344,INV-1900,TS09AB1136,871
271650269398,INV-1901,TS09AB8454,255
170436063559,INV-1903,TS09AB4132,792
369371586879,INV-1904,TS09AB3390,512
302044830592,INV-1905,TS09AB7841,70
868883329072,INV-1906,TS09AB7865,721
558867322045,INV-1907,TS09AB2838,284
403486547559,INV-1908,TS09AB7754,313
879341848889,INV-1909,TS09AB7722,545
428992723487,INV-1911,TS09AB1776,453
432040048090,INV-1912,TS09AB7748,318
706920050816,INV-1914,TS09AB4254,476
303646040565,INV-1915,TS09AB9382,736
951586247114,INV-1916,TS09AB4125,126
161923648928,INV-1917,TS09AB7073,910
377147189498,INV-1918,TS09AB9545,626
421114910741,INV-1919,TS09AB1607,510
440091823838,INV-1920,TS09AB1667,752
735298262275,INV-1922,TS09AB4871,55
422503646464,INV-1923,TS09AB4500,540
438529542568,INV-1924,TS09AB7596,979
296893444390,INV-1926,TS09AB1575,174
419300499534,INV-1927,TS09AB1751,69
918372253477,INV-1928,TS09AB9976,214
583625488070,INV-1929,TS09AB3731,816
713248023437,INV-1930,TS09AB1073,104
321649682983,INV-1931,TS09AB4918,520
425945440619,INV-1932,TS09AB3018,465
497563376332,INV-1933,TS09AB4535,805
541266925031,INV-1934,TS09AB2703,248
792598569213,INV-1935,TS09AB5010,602
441959640069,INV-1936,TS09AB4091,809
180349147822,INV-1937,TS09AB9916,177
903708433478,INV-1938,TS09AB4580,360
563555696828,INV-1939,TS09AB8535,877
751880224939,INV-1940,TS09AB4035,366
705982903889,INV-1941,TS09AB1464,847
595276463498,INV-1942,TS09AB7632,215
854068671948,INV-1943,TS09AB4303,242
506600588772,INV-1944,TS09AB3874,886
299236815909,INV-1945,TS09AB2279,346
642882593893,INV-1946,TS09AB9438,774
937023912034,INV-1947,TS09AB6226,407
457828342668,INV-1948,TS09AB5261,603
432525908972,INV-1949,TS09AB9364,344
375225790727,INV-1950,TS09AB7213,876
718697804326,INV-1952,TS09AB3559,364
575771967546,INV-1953,TS09AB7231,224
344661466552,INV-1954,TS09AB6202,975
641811758043,INV-1955,TS09AB9657,223
114688936015,INV-1957,TS09AB1086,468
860449536615,INV-1958,TS09AB8640,735
489793740729,INV-1959,TS09AB6660,335
785321767141,INV-1960,TS09AB3459,265
386266582511,INV-1961,TS09AB2288,737
406852341671,INV-1963,TS09AB1755,69
595549935170,INV-1964,TS09AB2609,883
747607165974,INV-1965,TS09AB7544,422
279098520355,INV-1966,TS09AB2373,240
764097437464,INV-1967,TS09AB9235,65
714799513519,INV-1968,TS09AB9738,395
220935643142,INV-1969,TS09AB2690,500
124158079233,INV-1970,TS09AB1178,453
780881951166,INV-1971,TS09AB2755,581
319787712629,INV-1973,TS09AB6768,254
943604401334,INV-1974,TS09AB5062,714
343257148405,INV-1975,TS09AB3954,748
104374991709,INV-1976,TS09AB1086,899
353620265986,INV-1977,TS09AB9442,42
408346832829,INV-1978,TS09AB3810,772
590237909486,INV-1979,TS09AB6605,420
438590166981,INV-1981,TS09AB6324,489
550254885003,INV-1982,TS09AB4735,426
355207270610,INV-1983,TS09AB7716,111
745735566016,INV-1984,TS09AB4586,155
705282076236,INV-1985,TS09AB1469,501
226120566761,INV-1986,TS09AB5586,646
166185909937,INV-1989,TS09AB3191,614
102048922710,INV-1990,TS09AB8360,22
203004280936,INV-1991,TS09AB4488,94
491774418451,INV-1992,TS09AB3903,465
355254170445,INV-1993,TS09AB3070,409
700188897491,INV-1994,TS09AB9140,660
155211639195,INV-1995,TS09AB8849,796
607575456998,INV-1996,TS09AB2313,219
310581637458,INV-1997,TS09AB7379,437
291499743107,INV-1998,TS09AB1535,729
114959363031,INV-1999,TS09AB4954,382
146486150983,INV-2000,TS09AB9926,262
720529499625,INV-2001,TS09AB3266,415
241024575498,INV-2002,TS09AB9069,276
254418766177,INV-2003,TS09AB8313,652
257214056728,INV-2004,TS09AB6396,608
825451856973,INV-2005,TS09AB9330,687
976015299278,INV-2006,TS09AB3982,645
939115842331,INV-2007,TS09AB1743,164
501542280047,INV-2008,TS09AB7920,846
487583371124,INV-2009,TS09AB9899,291
694761221647,INV-2010,TS09AB3737,928
200390024390,INV-2011,TS09AB9227,66
677496589991,INV-2012,TS09AB9987,721
172772720007,INV-2013,TS09AB6235,935
458983619435,INV-2014,TS09AB2364,311
382315828185,INV-2015,TS09AB5959,551
873633638193,INV-2016,TS09AB9438,733
547872035044,INV-2017,TS09AB9758,151
526680624466,INV-2018,TS09AB6400,589
178397045104,INV-2019,TS09AB3808,632
607749072712,INV-2020,TS09AB9479,857
688570222368,INV-2021,TS09AB2988,729
766146156332,INV-2022,TS09AB5691,426
262845741467,INV-2023,TS09AB5934,823
755032877629,INV-2024,TS09AB9422,434
619031102728,INV-2025,TS09AB7957,674
570484062939,INV-2028,TS09AB4145,235
298987654152,INV-2029,TS09AB7801,431
590487349881,INV-2030,TS09AB8790,578
526363138579,INV-2032,TS09AB2759,569
275357700266,INV-2033,TS09AB3793,672
928005356889,INV-2034,TS09AB3064,481
812601813927,INV-2035,TS09AB3960,76
873719069347,INV-2037,TS09AB3595,168
325448837222,INV-2039,TS09AB3442,789
192574890293,INV-2040,TS09AB2294,222
119842630950,INV-2041,TS09AB8202,414
707104010506,INV-2042,TS09AB3211,156
245534966780,INV-2043,TS09AB5599,68
973392425195,INV-2044,TS09AB3485,939
889611612686,INV-2045,TS09AB4822,951
882304682477,INV-2046,TS09AB4673,50
599764960875,INV-2047,TS09AB2571,543
708772065840,INV-2048,TS09AB8167,324
410809849636,INV-2049,TS09AB8871,835
839082013293,INV-2050,TS09AB4576,143
432238703690,INV-2051,TS09AB1550,298
188413832304,INV-2052,TS09AB7885,350
383108983379,INV-2053,TS09AB2952,792
933390470769,INV-2054,TS09AB7850,475
344699077505,INV-2055,TS09AB5384,642
912611977515,INV-2056,TS09AB8723,636
808418154716,INV-2057,TS09AB7911,282
174412230706,INV-2058,TS09AB7015,518
149469403274,INV-2059,TS09AB3633,150
530937014906,INV-2060,TS09AB4674,904
611089207586,INV-2061,TS09AB5177,952
307062941922,INV-2062,TS09AB9607,980
683620975904,INV-2063,TS09AB6970,150
662807501073,INV-2064,TS09AB5324,178
598796953648,INV-2065,TS09AB1905,705
186107102865,INV-2066,TS09AB8614,943
280238135626,INV-2068,TS09AB2688,667
937923326568,INV-2069,TS09AB8218,38
133327362205,INV-2070,TS09AB2706,521
129188192743,INV-2071,TS09AB9419,540
570749247587,INV-2072,TS09AB5817,217
549912914493,INV-2073,TS09AB4528,393
869093846292,INV-2074,TS09AB3823,763
364509616197,INV-2075,TS09AB9051,867
183489384071,INV-2076,TS09AB3608,467
649091846094,INV-2078,TS09AB9511,169
797679303365,INV-2079,TS09AB7714,284
913152923474,INV-2080,TS09AB9606,962
255507019671,INV-2081,TS09AB4503,549
896281974412,INV-2082,TS09AB3728,418
955437256875,INV-2083,TS09AB4475,362
714718856144,INV-2085,TS09AB7955,72
203270768289,INV-2086,TS09AB7752,967
267929391242,INV-2087,TS09AB7918,14
660857861847,INV-2088,TS09AB1996,132
604848645182,INV-2089,TS09AB1678,379
169441490484,INV-2090,TS09AB4389,695
889157319452,INV-2091,TS09AB7150,102
912472556050,INV-2092,TS09AB6774,98
365414452534,INV-2094,TS09AB6730,749
854927384260,INV-2095,TS09AB6192,748
407129109232,INV-2098,TS09AB3480,955
823858696393,INV-2099,TS09AB4567,641
262769388230,INV-2100,TS09AB9532,303
219689946812,INV-2101,TS09AB5338,629
486340016919,INV-2102,TS09AB5684,366
759837323204,INV-2103,TS09AB1995,587
246752953441,INV-2104,TS09AB3958,867
949143594372,INV-2105,TS09AB2822,572
385302893606,INV-2106,TS09AB5965,188
236975506376,INV-2107,TS09AB3386,38
115897751278,INV-2108,TS09AB7450,154
423461993679,INV-2109,TS09AB1598,249
199204952517,INV-2110,TS09AB9563,114
723734931436,INV-2111,TS09AB2178,688
467028313443,INV-2112,TS09AB5383,946
981584831081,INV-2113,TS09AB9011,144
789113544890,INV-2114,TS09AB6648,88
794169113819,INV-2115,TS09AB7330,516
902114864239,INV-2116,TS09AB7324,199
308606636925,INV-2117,TS09AB8392,458
139599464321,INV-2118,TS09AB9459,488
137135675069,INV-2119,TS09AB6073,410
265913325384,INV-2120,TS09AB2993,802
731561422148,INV-2121,TS09AB7389,266
173742338606,INV-2122,TS09AB4186,748
453356813585,INV-2123,TS09AB7601,135
561328962576,INV-2124,TS09AB3396,656
876124433236,INV-2126,TS09AB7232,434
646505852219,INV-2127,TS09AB7984,398
845176926259,INV-2128,TS09AB7051,107
924514011658,INV-2129,TS09AB5093,533
618176055092,INV-2130,TS09AB9684,241
236193398942,INV-2131,TS09AB4162,436
477218311918,INV-2132,TS09AB2921,484
989096212836,INV-2133,TS09AB3801,762
719581270368,INV-2134,TS09AB7175,961
577724623392,INV-2135,TS09AB9564,787
440078665551,INV-2136,TS09AB1115,634
443497449268,INV-2137,TS09AB5681,28
234113544760,INV-2138,TS09AB3874,973
346598591180,INV-2140,TS09AB6315,523
620556949278,INV-2141,TS09AB8673,683
342752079386,INV-2142,TS09AB2945,312
697327599981,INV-2143,TS09AB7445,437
481393579608,INV-2144,TS09AB8634,923
119075007230,INV-2145,TS09AB2686,883
684290344852,INV-2147,TS09AB6237,734
453419231986,INV-2150,TS09AB2963,595
286606719233,INV-2151,TS09AB5944,143
698534773261,INV-2152,TS09AB3772,674
141750068289,INV-2153,TS09AB5975,514
938618103778,INV-2154,TS09AB5808,702
266202008591,INV-2156,TS09AB6792,573
919154061096,INV-2158,TS09AB7220,971
156771993608,INV-2159,TS09AB4876,755
147977647704,INV-2160,TS09AB1658,850
882285435533,INV-2161,TS09AB8048,981
394745582353,INV-2162,TS09AB9483,122
327217495956,INV-2163,TS09AB2621,162
233476910599,INV-2165,TS09AB8333,108
516466702178,INV-2166,TS09AB3457,695
505990506188,INV-2167,TS09AB6471,667
328686639655,INV-2168,TS09AB6335,27
901653364271,INV-2169,TS09AB8715,819
358072977938,INV-2170,TS09AB6064,986
460003484696,INV-2171,TS09AB7008,103
762143911654,INV-2172,TS09AB9197,704
361707215181,INV-2173,TS09AB4037,265
695749286795,INV-2175,TS09AB6827,308
137321065198,INV-2176,TS09AB8411,487
939813443679,INV-2177,TS09AB4566,448
439067636567,INV-2178,TS09AB5862,843
787578262675,INV-2179,TS09AB6500,420
640619968461,INV-2180,TS09AB4909,894
800886338930,INV-2182,TS09AB1542,865
216763401304,INV-2183,TS09AB9273,435
949609704707,INV-2184,TS09AB1832,281
241543483958,INV-2185,TS09AB4948,869
169958771480,INV-2187,TS09AB9169,969
926610550844,INV-2188,TS09AB3836,676
611113348405,INV-2189,TS09AB7859,922
415810089106,INV-2190,TS09AB4792,735
653653115345,INV-2191,TS09AB4106,72
816139635437,INV-2192,TS09AB7020,280
949197522429,INV-2193,TS09AB2618,550
325896783609,INV-2195,TS09AB5257,859
306664083449,INV-2196,TS09AB6854,878
508170823037,INV-2197,TS09AB7308,574
361210641878,INV-2198,TS09AB7913,679
655629521830,INV-2199,TS09AB1776,102
250130975240,INV-2200,TS09AB9245,441
116521443809,INV-2201,TS09AB4018,833
941577179308,INV-2202,TS09AB6078,187
351197468745,INV-2203,TS09AB6260,352
760041311537,INV-2204,TS09AB5847,296
693094083773,INV-2205,TS09AB8170,16
802776131171,INV-2206,TS09AB4494,873
128010589102,INV-2207,TS09AB4685,982
407982400596,INV-2208,TS09AB4584,461
935207840642,INV-2210,TS09AB4391,887
646552129532,INV-2211,TS09AB1148,932
942015929269,INV-2213,TS09AB8768,612
291212823944,INV-2214,TS09AB1694,569
396218116812,INV-2215,TS09AB1508,803
536293968593,INV-2216,TS09AB8149,536
578853301348,INV-2217,TS09AB9705,564
903536807955,INV-2218,TS09AB3905,970
743904051123,INV-2219,TS09AB6208,467
164279678512,INV-2220,TS09AB6707,783
570296243694,INV-2221,TS09AB2992,969
404505181679,INV-2222,TS09AB9734,955
386567268494,INV-2224,TS09AB3712,791
573419522993,INV-2226,TS09AB4992,171
560476048016,INV-2227,TS09AB9129,923
122439532342,INV-2228,TS09AB9540,469
799103731251,INV-2230,TS09AB2395,396
972083561408,INV-2231,TS09AB8990,769
999530075168,INV-2234,TS09AB4888,194
327101186649,INV-2235,TS09AB9184,841
494224194052,INV-2236,TS09AB2342,206
124123326782,INV-2240,TS09AB7454,222
386459802929,INV-2241,TS09AB4457,670
614203849921,INV-2242,TS09AB8076,93
880949554418,INV-2243,TS09AB3179,349
180819052563,INV-2244,TS09AB9546,168
952048227396,INV-2246,TS09AB6561,31
589672645413,INV-2247,TS09AB8280,533
994273013075,INV-2248,TS09AB3229,652
874835196100,INV-2251,TS09AB3858,153
308254408928,INV-2252,TS09AB5203,659
122306223210,INV-2253,TS09AB3552,986
460305838119,INV-2254,TS09AB5248,732
238030743483,INV-2255,TS09AB1199,35
958892239099,INV-2256,TS09AB8123,875
834310471837,INV-2257,TS09AB6823,68
894111348754,INV-2259,TS09AB1711,749
662901937616,INV-2260,TS09AB1327,393
146530732990,INV-2261,TS09AB1318,496
687928137136,INV-2262,TS09AB8928,779
295895787697,INV-2263,TS09AB9992,375
531916354274,INV-2264,TS09AB6183,19
153073768012,INV-2265,TS09AB6962,433
487747144880,INV-2267,TS09AB3012,704
565930785463,INV-2268,TS09AB3913,907
296457364684,INV-2269,TS09AB7439,505
569435618292,INV-2270,TS09AB3577,714
114002977806,INV-2271,TS09AB4619,356
699609948065,INV-2272,TS09AB4265,870
348713188572,INV-2275,TS09AB3121,553
601611864544,INV-2276,TS09AB9199,566
947473255184,INV-2277,TS09AB4807,396
124348649889,INV-2278,TS09AB8740,111
710152119317,INV-2279,TS09AB1422,282
402504924510,INV-2280,TS09AB7127,503
837658357153,INV-2281,TS09AB3388,564
274013178870,INV-2282,TS09AB2248,359
311546614336,INV-2283,TS09AB3921,370
866886829844,INV-2284,TS09AB8414,40
532175992222,INV-2285,TS09AB4621,397
743052718308,INV-2286,TS09AB1022,183
681119377921,INV-2287,TS09AB1011,209
243699060738,INV-2288,TS09AB9539,73
279871724427,INV-2290,TS09AB9175,572
511638719971,INV-2291,TS09AB4600,964
136787820785,INV-2292,TS09AB4947,754
766728363643,INV-2295,TS09AB1485,898
901129214538,INV-2296,TS09AB4546,965
924478512314,INV-2297,TS09AB3071,850
133796890245,INV-2298,TS09AB6326,785
614220502420,INV-2299,TS09AB8214,994
657739347804,INV-2300,TS09AB8346,15
690887222657,INV-2301,TS09AB6065,699
884839482632,INV-2302,TS09AB1798,624
973317839035,INV-2303,TS09AB6813,707
539764127301,INV-2305,TS09AB4353,577
929985039133,INV-2306,TS09AB6678,311
342686901134,INV-2307,TS09AB7954,792
439841057613,INV-2308,TS09AB2289,387
266026431026,INV-2309,TS09AB5937,338
630977083694,INV-2310,TS09AB8100,579
967495888049,INV-2311,TS09AB3930,793
715009057799,INV-2312,TS09AB5005,864
561413132931,INV-2313,TS09AB9907,932
198572964240,INV-2314,TS09AB5975,959
957563049163,INV-2315,TS09AB5415,843
785624334665,INV-2316,TS09AB2844,656
905404367391,INV-2317,TS09AB7366,221
155897927273,INV-2318,TS09AB3824,290
464530659826,INV-2319,TS09AB1550,403
486678574098,INV-2320,TS09AB2599,592
304096098687,INV-2321,TS09AB9027,179
947420950440,INV-2322,TS09AB4185,121
955900277439,INV-2323,TS09AB8515,241
188430029756,INV-2324,TS09AB3649,754
921245598496,INV-2325,TS09AB7460,948
139260889084,INV-2326,TS09AB2746,247
152390446265,INV-2327,TS09AB8918,92
391216838085,INV-2328,TS09AB5010,176
941831335809,INV-2330,TS09AB8030,432
975730559144,INV-2331,TS09AB1644,959
179686665419,INV-2332,TS09AB5913,459
838394505871,INV-2333,TS09AB9902,511
415374249886,INV-2335,TS09AB3177,121
332215698368,INV-2336,TS09AB8640,983
839092939946,INV-2337,TS09AB3052,52
943135324066,INV-2338,TS09AB2082,817
566291712421,INV-2339,TS09AB9373,952
242300868896,INV-2340,TS09AB7311,536
580866699547,INV-2341,TS09AB6715,619
140714731921,INV-2342,TS09AB6361,968
508674287582,INV-2343,TS09AB7616,52
351165847243,INV-2344,TS09AB4081,77
802655116402,INV-2345,TS09AB7428,801
880561284198,INV-2346,TS09AB9966,440
798201031895,INV-2347,TS09AB2431,661
565207020157,INV-2349,TS09AB1807,341
509072695541,INV-2350,TS09AB5834,331
739529830499,INV-2351,TS09AB8005,519
465679057507,INV-2352,TS09AB5893,897
628624208907,INV-2353,TS09AB3878,287
561545383536,INV-2354,TS09AB4691,882
324133353630,INV-2355,TS09AB5922,959
719343159333,INV-2356,TS09AB7442,877
555880505467,INV-2357,TS09AB5619,436
834681314539,INV-2359,TS09AB1280,72
861484475586,INV-2360,TS09AB3069,922
780599740051,INV-2361,TS09AB3616,163
271596234991,INV-2362,TS09AB7694,514
560572255963,INV-2363,TS09AB6410,675
283320097103,INV-2364,TS09AB2618,355
248922977620,INV-2365,TS09AB5845,683
964183516036,INV-2366,TS09AB1707,99
174651666968,INV-2367,TS09AB2376,818
161533946702,INV-2368,TS09AB3688,905
628948449801,INV-2369,TS09AB7320,16
751364790843,INV-2370,TS09AB4571,12
576461643798,INV-2372,TS09AB7427,121
635943894814,INV-2373,TS09AB8260,291
649441832536,INV-2375,TS09AB2314,21
545297123433,INV-2376,TS09AB9756,464
456878454121,INV-2377,TS09AB8225,601
123726411119,INV-2378,TS09AB2740,853
945555255629,INV-2379,TS09AB8643,786
403816920684,INV-2380,TS09AB5337,273
845443242143,INV-2381,TS09AB7171,397
861668038771,INV-2382,TS09AB6575,222
364899231921,INV-2383,TS09AB7933,248
606761903823,INV-2384,TS09AB1004,186
826990103420,INV-2385,TS09AB1805,843
869283553641,INV-2386,TS09AB1219,138
521405103793,INV-2387,TS09AB4038,867
404834097125,INV-2388,TS09AB7606,905
144004578953,INV-2389,TS09AB3661,854
691101378869,INV-2390,TS09AB3006,619
394486446361,INV-2392,TS09AB2455,921
491349846771,INV-2393,TS09AB3555,824
306024723317,INV-2395,TS09AB7662,978
509820807380,INV-2396,TS09AB8169,770
720388971033,INV-2397,TS09AB5400,551
831137419283,INV-2398,TS09AB2860,611
160654442428,INV-2399,TS09AB6642,112
555901355900,INV-2400,TS09AB7414,988
599879838861,INV-2401,TS09AB6646,226
308047006396,INV-2402,TS09AB8472,685
370334244728,INV-2403,TS09AB1022,576
481445425925,INV-2404,TS09AB6831,607
662031133529,INV-2405,TS09AB9221,674
211749209958,INV-2406,TS09AB9732,763
412017214915,INV-2407,TS09AB4831,669
505912125333,INV-2409,TS09AB7066,10
363946401864,INV-2410,TS09AB1753,313
212573441132,INV-2411,TS09AB3839,601
516437395808,INV-2412,TS09AB7175,49
679047712063,INV-2414,TS09AB9008,995
243325418870,INV-2415,TS09AB1402,710
468729506806,INV-2416,TS09AB6991,768
127193445041,INV-2417,TS09AB6837,549
207487142154,INV-2418,TS09AB3431,773
570891735126,INV-2419,TS09AB1647,535
298861328916,INV-2420,TS09AB6022,18
553217214844,INV-2421,TS09AB9777,518
844617238543,INV-2422,TS09AB1526,256
257684919053,INV-2423,TS09AB6109,334
225859218938,INV-2424,TS09AB8618,593
693899475142,INV-2425,TS09AB9662,635
192404102176,INV-2426,TS09AB8959,711
417657585943,INV-2427,TS09AB5647,606
214729390363,INV-2428,TS09AB2554,619
486798867239,INV-2429,TS09AB9294,367
458972475410,INV-2430,TS09AB4522,767
556440769914,INV-2432,TS09AB2635,399
257571719265,INV-2433,TS09AB5516,488
661995369746,INV-2434,TS09AB9408,156
180621797910,INV-2435,TS09AB6175,217
545663774880,INV-2439,TS09AB3730,270
484218186576,INV-2440,TS09AB7632,288
567013162924,INV-2442,TS09AB1591,722
386325392215,INV-2443,TS09AB8684,750
638185491741,INV-2445,TS09AB1904,403
325832547922,INV-2446,TS09AB5029,14
312882359749,INV-2447,TS09AB9628,740
113044494289,INV-2449,TS09AB9695,591
435293768391,INV-2450,TS09AB1471,973
754031172455,INV-2452,TS09AB6110,168
438289570455,INV-2453,TS09AB6334,512
102500221299,INV-2454,TS09AB7318,997
550714741393,INV-2455,TS09AB5680,493
265663721695,INV-2456,TS09AB6126,599
414204310348,INV-2458,TS09AB9466,573
938584671685,INV-2459,TS09AB5556,704
259141430464,INV-2460,TS09AB7723,519
137596572282,INV-2461,TS09AB6148,892
550162736407,INV-2462,TS09AB4202,515
829013410513,INV-2464,TS09AB1840,369
866890220641,INV-2465,TS09AB8314,292
406023920252,INV-2466,TS09AB8338,547
455027708422,INV-2467,TS09AB8084,23
441034023812,INV-2468,TS09AB1879,961
416941497806,INV-2469,TS09AB3949,807
824885228284,INV-2471,TS09AB1174,892
266824226007,INV-2472,TS09AB1794,995
446693759513,INV-2473,TS09AB1864,998
737846915955,INV-2474,TS09AB5888,656
975808247790,INV-2475,TS09AB3762,243
291569371025,INV-2476,TS09AB2022,387
575221583982,INV-2477,TS09AB4239,618
874368730966,INV-2478,TS09AB1594,508
907724298234,INV-2479,TS09AB5613,319
353300913904,INV-2480,TS09AB1593,347
692995608772,INV-2482,TS09AB5914,996
218120371655,INV-2483,TS09AB1051,140
880558293363,INV-2484,TS09AB4283,220
382170867637,INV-2485,TS09AB2001,837
391774370366,INV-2486,TS09AB3641,832
129012825495,INV-2487,TS09AB3427,824
750609076801,INV-2488,TS09AB9120,974
508441069452,INV-2489,TS09AB2913,624
117153651979,INV-2490,TS09AB5733,482
276377055398,INV-2491,TS09AB6428,791
378349222597,INV-2492,TS09AB5813,451
620001003989,INV-2493,TS09AB1107,130
798705238741,INV-2494,TS09AB4352,702
659560725972,INV-2495,TS09AB3676,903
784134308546,INV-2496,TS09AB6365,263
756341000840,INV-2497,TS09AB1015,41
110480809576,INV-2498,TS09AB3650,685
260208815793,INV-2499,TS09AB3165,894
900660267371,INV-2500,TS09AB7256,530
385344403252,INV-2501,TS09AB1552,432
670613626353,INV-2502,TS09AB8537,745
346822216175,INV-2503,TS09AB8411,69
289017188601,INV-2504,TS09AB3105,935
356411440746,INV-2505,TS09AB8376,164
995017163762,INV-2506,TS09AB1695,566
113046821865,INV-2508,TS09AB4786,968
254337050536,INV-2509,TS09AB4918,223
292665143858,INV-2510,TS09AB2072,145
815953497130,INV-2512,TS09AB5094,140
544117068916,INV-2513,TS09AB3170,753
706284384933,INV-2514,TS09AB4626,748
646633515281,INV-2515,TS09AB7167,503
152466732263,INV-2517,TS09AB3362,645
517587951810,INV-2518,TS09AB6964,573
689883232079,INV-2519,TS09AB1220,490
899122748500,INV-2521,TS09AB9965,543
988252255775,INV-2522,TS09AB1154,442
204129917078,INV-2523,TS09AB9448,600
951186782346,INV-2524,TS09AB5717,579
273920480469,INV-2525,TS09AB3704,978
640325778004,INV-2526,TS09AB8752,421
394152610096,INV-2527,TS09AB8946,158
632996233571,INV-2528,TS09AB1461,150
600984484295,INV-2529,TS09AB6132,213
422835659340,INV-2530,TS09AB3166,409
632059795710,INV-2532,TS09AB3371,677
362364509653,INV-2533,TS09AB2810,175
372222204133,INV-2534,TS09AB7673,273
782431984930,INV-2535,TS09AB6639,560
168894175124,INV-2536,TS09AB5959,232
684076799868,INV-2537,TS09AB9077,554
388081460288,INV-2538,TS09AB7203,893
415113721413,INV-2539,TS09AB8278,934
888508797568,INV-2540,TS09AB4570,998
957473160736,INV-2541,TS09AB2431,843
285927437829,INV-2542,TS09AB8277,761
833942739282,INV-2543,TS09AB6125,561
256655832776,INV-2544,TS09AB4019,302
529196670553,INV-2545,TS09AB6026,556
336072858363,INV-2546,TS09AB7679,376
401198421681,INV-2547,TS09AB1304,268
795800143865,INV-2548,TS09AB3983,27
596841081813,INV-2549,TS09AB8027,935
330133561686,INV-2550,TS09AB1006,488
168436075046,INV-2551,TS09AB7178,629
124087419601,INV-2552,TS09AB9133,864
265046886419,INV-2554,TS09AB2922,534
910016066601,INV-2555,TS09AB5287,629
364209422994,INV-2556,TS09AB9815,55
467581492437,INV-2557,TS09AB7152,111
265979134149,INV-2558,TS09AB3760,706
374413629175,INV-2560,TS09AB6153,361
163231695290,INV-2561,TS09AB9492,150
607457170118,INV-2562,TS09AB8242,990
309928569798,INV-2564,TS09AB6257,756
346368522613,INV-2565,TS09AB8781,789
214314745589,INV-2566,TS09AB8327,613
509247383381,INV-2567,TS09AB9406,756
700384290213,INV-2568,TS09AB7426,238
505422098576,INV-2569,TS09AB1936,510
458486585072,INV-2570,TS09AB5076,896
956584829536,INV-2571,TS09AB9785,597
150118316486,INV-2573,TS09AB1925,75
993101582297,INV-2574,TS09AB5881,661
803926137962,INV-2575,TS09AB8556,496
481926740588,INV-2576,TS09AB2103,374
783756659000,INV-2577,TS09AB8919,460
267283123815,INV-2578,TS09AB5914,857
755596549812,INV-2580,TS09AB5310,196
539886265572,INV-2581,TS09AB7307,544
896646579199,INV-2582,TS09AB6954,542
923354441300,INV-2583,TS09AB2300,897
921175751105,INV-2584,TS09AB6602,540
446716914032,INV-2586,TS09AB1022,840
153080757056,INV-2587,TS09AB9514,60
911708299943,INV-2588,TS09AB5140,391
382999711887,INV-2589,TS09AB9504,123
724276336585,INV-2590,TS09AB6661,600
260641210746,INV-2591,TS09AB2144,47
452595979976,INV-2592,TS09AB4940,552
393840481668,INV-2593,TS09AB3972,916
393652250747,INV-2594,TS09AB5704,932
777061752129,INV-2595,TS09AB5356,307
640751316129,INV-2597,TS09AB7881,824
337692209082,INV-2598,TS09AB1852,485
879172915469,INV-2599,TS09AB1970,36
413944116158,INV-2600,TS09AB6663,98
726899226595,INV-2601,TS09AB9893,339
409161207460,INV-2602,TS09AB8158,589
464326138944,INV-2603,TS09AB4727,406
927463852313,INV-2604,TS09AB3973,123
371956199777,INV-2605,TS09AB2885,915
524956443793,INV-2606,TS09AB6370,260
655793193814,INV-2607,TS09AB5240,915
325724747746,INV-2608,TS09AB1890,191
798641851994,INV-2609,TS09AB4232,300
346185396474,INV-2610,TS09AB9617,395
794747581227,INV-2611,TS09AB1903,627
343510585340,INV-2612,TS09AB8533,718
736698763642,INV-2613,TS09AB2281,382
715125114147,INV-2615,TS09AB5516,396
442862828417,INV-2617,TS09AB8220,503
214366108440,INV-2618,TS09AB6469,219
723196844467,INV-2619,TS09AB5202,866
191934121319,INV-2620,TS09AB1809,419
668810350664,INV-2621,TS09AB2317,69
896756908526,INV-2622,TS09AB2629,316
642831936052,INV-2623,TS09AB1591,837
110103752726,INV-2625,TS09AB2669,336
964765299589,INV-2626,TS09AB3975,905
913582953806,INV-2629,TS09AB3934,855
256719406223,INV-2630,TS09AB5518,61
425195812240,INV-2631,TS09AB4667,394
150127555721,INV-2632,TS09AB3219,524
662604172670,INV-2634,TS09AB5668,552
367203969519,INV-2635,TS09AB6516,180
331410548697,INV-2636,TS09AB1277,666
630800464978,INV-2637,TS09AB3284,211
988991248193,INV-2640,TS09AB6032,964
330015602866,INV-2641,TS09AB3079,802
500167685080,INV-2642,TS09AB4874,969
762114254039,INV-2643,TS09AB7831,911
144787363732,INV-2644,TS09AB5817,702
430909192332,INV-2645,TS09AB2178,411
199590081280,INV-2646,TS09AB6666,47
780118136620,INV-2647,TS09AB4249,869
650988741802,INV-2648,TS09AB4826,221
482233649680,INV-2649,TS09AB7340,644
203570574066,INV-2650,TS09AB6698,687
525980121029,INV-2653,TS09AB3581,316
200414694212,INV-2654,TS09AB7633,210
589480206853,INV-2655,TS09AB6196,790
535066223158,INV-2656,TS09AB9993,744
146041570340,INV-2657,TS09AB1507,848
762669744120,INV-2658,TS09AB5632,621
100250799254,INV-2659,TS09AB8953,310
257445197774,INV-2660,TS09AB2726,235
586168240117,INV-2661,TS09AB8156,402
746554849771,INV-2662,TS09AB5157,578
656116034736,INV-2663,TS09AB9177,312
281159905241,INV-2664,TS09AB6051,884
163345377819,INV-2665,TS09AB8159,887
544710023296,INV-2667,TS09AB6435,681
421186230452,INV-2668,TS09AB3457,746
336697292592,INV-2669,TS09AB9784,164
415110670117,INV-2670,TS09AB5326,925
600844434905,INV-2671,TS09AB3034,556
793053852775,INV-2672,TS09AB7062,885
729882807569,INV-2674,TS09AB7540,73
559197942681,INV-2675,TS09AB2262,710
192615492606,INV-2676,TS09AB9540,740
272849663377,INV-2677,TS09AB5284,244
503280916417,INV-2678,TS09AB4846,13
152442307981,INV-2679,TS09AB5350,73
624058931081,INV-2680,TS09AB7938,50
501332903254,INV-2681,TS09AB1416,140
634183551349,INV-2683,TS09AB9698,684
927366007963,INV-2685,TS09AB2817,991
665601612495,INV-2686,TS09AB4690,314
318555681378,INV-2688,TS09AB7680,254
525681216433,INV-2689,TS09AB9165,808
487120444931,INV-2690,TS09AB1823,695
830417652165,INV-2694,TS09AB2857,275
569073126138,INV-2695,TS09AB2966,749
568478328793,INV-2696,TS09AB9265,663
219620332544,INV-2697,TS09AB5761,645
599044275916,INV-2698,TS09AB6613,170
611262739546,INV-2699,TS09AB3212,127
844962075078,INV-2700,TS09AB7487,277
222551454046,INV-2701,TS09AB3919,867
949530115938,INV-2702,TS09AB8823,494
329232621851,INV-2703,TS09AB9100,544
485730111613,INV-2705,TS09AB8716,838
190235203111,INV-2706,TS09AB7979,457
503705934387,INV-2707,TS09AB2007,474
237698281464,INV-2708,TS09AB5135,149
928848296615,INV-2709,TS09AB5617,344
416112689931,INV-2712,TS09AB5943,714
468206371376,INV-2714,TS09AB3431,402
174568398020,INV-2715,TS09AB6705,869
504711907911,INV-2717,TS09AB3395,45
685193651819,INV-2718,TS09AB8652,516
248142742131,INV-2719,TS09AB7833,786
133581416802,INV-2720,TS09AB5576,953
568366024346,INV-2721,TS09AB5296,217
570880713431,INV-2723,TS09AB2909,438
701093920086,INV-2724,TS09AB5008,756
205979057294,INV-2725,TS09AB2794,531
269765248099,INV-2726,TS09AB5107,54
323026242287,INV-2727,TS09AB5200,851
128218242390,INV-2728,TS09AB7042,357
924442911660,INV-2729,TS09AB7374,829
411158313014,INV-2730,TS09AB5403,98
401576699609,INV-2731,TS09AB6107,238
417667222938,INV-2732,TS09AB1684,255
250550551368,INV-2735,TS09AB1512,961
462333554971,INV-2736,TS09AB4909,137
741067455945,INV-2737,TS09AB6525,273
462835322142,INV-2738,TS09AB2157,446
693680866922,INV-2739,TS09AB7683,102
205935729654,INV-2741,TS09AB4984,472
157887061141,INV-2742,TS09AB4733,272
452324136441,INV-2743,TS09AB3919,631
852333003662,INV-2744,TS09AB7484,669
820148873321,INV-2745,TS09AB7002,525
517389908125,INV-2746,TS09AB7553,723
467532422938,INV-2747,TS09AB9963,665
202404739357,INV-2748,TS09AB1571,987
551468826772,INV-2750,TS09AB7380,242
383090075112,INV-2751,TS09AB9063,414
627660638879,INV-2752,TS09AB6398,581
176493258885,INV-2753,TS09AB8223,592
236422313811,INV-2754,TS09AB1168,125
229576119091,INV-2755,TS09AB8389,655
325647183255,INV-2756,TS09AB1128,14
238967834044,INV-2759,TS09AB8767,571
365425904701,INV-2761,TS09AB1776,264
871464365833,INV-2762,TS09AB8018,91
119828904208,INV-2763,TS09AB6394,186
688175340882,INV-2765,TS09AB4592,688
591471378681,INV-2766,TS09AB4696,36
990511653509,INV-2767,TS09AB6136,605
497754412065,INV-2768,TS09AB5939,702
587303888970,INV-2769,TS09AB4169,851
934813737446,INV-2770,TS09AB4534,820
239967525393,INV-2771,TS09AB3415,114
856193788680,INV-2772,TS09AB8982,174
855282773557,INV-2773,TS09AB7003,629
721163458647,INV-2775,TS09AB9781,729
605294072554,INV-2776,TS09AB7999,190
799831813622,INV-2778,TS09AB9263,851
737988678398,INV-2779,TS09AB5815,210
730451374068,INV-2780,TS09AB8490,444
488637441013,INV-2781,TS09AB2685,844
712675915902,INV-2782,TS09AB6821,667
405027307851,INV-2784,TS09AB1789,162
154989662854,INV-2788,TS09AB4187,131
539682165711,INV-2789,TS09AB8494,404
930701108343,INV-2790,TS09AB5991,505
691685025889,INV-2791,TS09AB1447,355
552688932563,INV-2792,TS09AB3399,459
255313269597,INV-2794,TS09AB2598,656
230761344624,INV-2795,TS09AB5565,38
682640428410,INV-2796,TS09AB4065,781
516906453228,INV-2797,TS09AB3875,834
359034864256,INV-2799,TS09AB2628,796
914482986435,INV-2800,TS09AB3564,444
827290833257,INV-2802,TS09AB5865,680
220008309521,INV-2803,TS09AB9599,820
335933432567,INV-2804,TS09AB7663,192
592774356842,INV-2805,TS09AB8683,412
389815097309,INV-2806,TS09AB5361,203
644291358443,INV-2807,TS09AB6837,716
666298583723,INV-2808,TS09AB4935,431
337894868424,INV-2809,TS09AB9297,475
773674136288,INV-2811,TS09AB3432,232
941571438231,INV-2813,TS09AB1249,752
998799030931,INV-2814,TS09AB9643,592
201615308677,INV-2815,TS09AB1063,654
710913306548,INV-2816,TS09AB1527,369
952535408021,INV-2817,TS09AB9514,743
429026339497,INV-2818,TS09AB5018,369
207148664315,INV-2819,TS09AB7466,446
493167475821,INV-2820,TS09AB9695,409
816636977070,INV-2821,TS09AB6969,856
631548656247,INV-2822,TS09AB2156,208
184179060506,INV-2823,TS09AB7314,979
213649814517,INV-2824,TS09AB8106,522
845794026186,INV-2826,TS09AB5976,187
132094130940,INV-2827,TS09AB6142,902
940416630670,INV-2829,TS09AB3126,460
137540816771,INV-2830,TS09AB4052,332
653845675609,INV-2831,TS09AB2681,180
469213862629,INV-2832,TS09AB6950,366
560783386721,INV-2833,TS09AB9787,271
440382675552,INV-2834,TS09AB6278,414
517981022560,INV-2835,TS09AB7584,677
954924606861,INV-2836,TS09AB9525,535
830576131963,INV-2838,TS09AB4124,646
432104121169,INV-2839,TS09AB6799,612
441289956013,INV-2840,TS09AB3273,937
328714020242,INV-2841,TS09AB3750,674
267237752391,INV-2842,TS09AB1007,900
183671439646,INV-2843,TS09AB8476,61
918504997221,INV-2844,TS09AB1694,980
709901997995,INV-2846,TS09AB9188,399
110828939809,INV-2847,TS09AB4819,899
113814443923,INV-2849,TS09AB5229,584
125153467044,INV-2850,TS09AB4077,123
297739130217,INV-2853,TS09AB1997,993
981761018446,INV-2854,TS09AB1708,912
168312051903,INV-2855,TS09AB1033,635
114737726530,INV-2856,TS09AB9024,115
876425661666,INV-2857,TS09AB7682,746
689711709030,INV-2858,TS09AB6861,38
480794480337,INV-2859,TS09AB6873,379
222004587129,INV-2860,TS09AB4045,444
461772547393,INV-2861,TS09AB2573,10
507275667161,INV-2862,TS09AB8506,558
598522143599,INV-2863,TS09AB1383,477
100804790680,INV-2864,TS09AB9218,86
412495285192,INV-2866,TS09AB1947,671
530858713910,INV-2867,TS09AB1903,802
403201767549,INV-2868,TS09AB3184,128
393503369483,INV-2869,TS09AB8364,273
391691890172,INV-2870,TS09AB4014,395
764832343596,INV-2872,TS09AB5144,538
957219347391,INV-2873,TS09AB7588,138
102055307224,INV-2874,TS09AB8377,212
988581818732,INV-2875,TS09AB9343,708
107806816299,INV-2877,TS09AB2154,991
180272731527,INV-2878,TS09AB4152,335
976448279181,INV-2879,TS09AB2316,688
542630235796,INV-2880,TS09AB3025,480
423708877092,INV-2882,TS09AB1942,940
733710139382,INV-2883,TS09AB1278,343
288257283122,INV-2884,TS09AB7480,750
596772442520,INV-2885,TS09AB9058,638
324669053254,INV-2886,TS09AB7315,934
141893250164,INV-2887,TS09AB6563,842
654728270199,INV-2888,TS09AB4746,743
676861461975,INV-2889,TS09AB8319,944
571822677683,INV-2890,TS09AB9313,526
103160374375,INV-2891,TS09AB1319,922
226320718546,INV-2892,TS09AB1485,182
671466925775,INV-2893,TS09AB8592,546
858921527129,INV-2895,TS09AB5813,598
736429811010,INV-2896,TS09AB5722,49
293906935462,INV-2897,TS09AB5305,949
997851758076,INV-2898,TS09AB8688,415
294278432778,INV-2899,TS09AB5037,614
472846764557,INV-2900,TS09AB1049,738
854342887486,INV-2901,TS09AB1615,75
114097632034,INV-2902,TS09AB4875,940
779897195517,INV-2903,TS09AB6838,280
691283722406,INV-2904,TS09AB2666,702
416259679447,INV-2906,TS09AB8472,350
276964218760,INV-2907,TS09AB5779,193
718867288610,INV-2908,TS09AB6395,159
543648403200,INV-2909,TS09AB8513,93
669009448789,INV-2910,TS09AB5892,532
941641524033,INV-2911,TS09AB3500,667
635299976563,INV-2912,TS09AB4659,170
524253017467,INV-2913,TS09AB8567,358
987252953481,INV-2914,TS09AB2424,539
423335378572,INV-2916,TS09AB1342,287
990320701108,INV-2918,TS09AB9177,557
336703219161,INV-2920,TS09AB3256,420
431922499337,INV-2921,TS09AB6135,818
318830722071,INV-2922,TS09AB1659,547
681695414367,INV-2923,TS09AB4050,279
388382402817,INV-2924,TS09AB4257,454
852902441614,INV-2925,TS09AB8716,509
505910598578,INV-2926,TS09AB3590,381
254963669234,INV-2927,TS09AB1999,138
260798846548,INV-2928,TS09AB5349,527
857630869874,INV-2929,TS09AB3967,510
142982264897,INV-2931,TS09AB7441,122
592260133192,INV-2932,TS09AB3801,779
879055213988,INV-2934,TS09AB6856,990
126387980377,INV-2935,TS09AB2994,311
425459539548,INV-2936,TS09AB2346,793
754720459316,INV-2937,TS09AB9423,159
395599442596,INV-2938,TS09AB1936,553
278204921630,INV-2939,TS09AB1917,315
795790120830,INV-2940,TS09AB7300,126
979740000921,INV-2941,TS09AB2927,333
859699264132,INV-2942,TS09AB2088,921
345201647876,INV-2943,TS09AB4612,15
188767660560,INV-2944,TS09AB9979,495
994302150102,INV-2945,TS09AB8321,27
355785925481,INV-2946,TS09AB9673,228
688239565231,INV-2947,TS09AB8189,296
359236198076,INV-2948,TS09AB6054,28
521765163398,INV-2949,TS09AB6248,692
929327432750,INV-2950,TS09AB2156,621
891945451744,INV-2951,TS09AB5875,437
795952169001,INV-2953,TS09AB6376,644
565516416664,INV-2954,TS09AB2668,72
273940779853,INV-2956,TS09AB9883,301
118215412756,INV-2957,TS09AB6716,956
753633350943,INV-2958,TS09AB1762,402
525309510369,INV-2959,TS09AB3028,89
879941070363,INV-2960,TS09AB1433,37
956215925730,INV-2961,TS09AB8216,534
558781881104,INV-2962,TS09AB2358,503
448385480208,INV-2963,TS09AB2221,832
371928905660,INV-2964,TS09AB7640,184
236670713005,INV-2965,TS09AB9037,740
495519757171,INV-2966,TS09AB1532,309
826860819179,INV-2968,TS09AB1335,635
160900954627,INV-2969,TS09AB2736,329
612264134577,INV-2970,TS09AB9356,672
819632176352,INV-2971,TS09AB2439,425
101438727555,INV-2972,TS09AB9946,266
179567503406,INV-2973,TS09AB4704,745
994114356052,INV-2975,TS09AB5046,868
516971930818,INV-2976,TS09AB4385,293
468794582304,INV-2978,TS09AB3740,516
633163151848,INV-2979,TS09AB8253,141
779058349142,INV-2980,TS09AB6999,689
828553461427,INV-2981,TS09AB2894,896
992878325757,INV-2982,TS09AB8147,862
347234209075,INV-2983,TS09AB3945,121
615840341102,INV-2985,TS09AB1519,162
397879257998,INV-2987,TS09AB9552,647
362050209401,INV-2988,TS09AB4183,130
963519249306,INV-2989,TS09AB7154,642
324202412246,INV-2990,TS09AB6528,432
397700237119,INV-2991,TS09AB8826,979
523280307198,INV-2992,TS09AB8088,30
697531040452,INV-2994,TS09AB1958,294
850143913964,INV-2995,TS09AB1589,83
107382924240,INV-2996,TS09AB8816,262
969186035271,INV-2997,TS09AB1164,127
290040470226,INV-2998,TS09AB6706,32
208668510236,INV-2999,TS09AB6022,138
497453221772,INV-3000,TS09AB1223,809
793182581207,INV-3001,TS09AB3181,82
302115203381,INV-3002,TS09AB2605,721
313181280862,INV-3003,TS09AB3366,176
930587652725,INV-3004,TS09AB9715,482
375133325366,INV-3006,TS09AB5606,644
834689765772,INV-3007,TS09AB8184,728
312603437458,INV-3008,TS09AB1109,814
222488401266,INV-3009,TS09AB9039,553
852116030588,INV-3010,TS09AB2462,91
192390135316,INV-3011,TS09AB8364,407
605862267292,INV-3013,TS09AB8016,839
243232180659,INV-3014,TS09AB9164,839
897379957937,INV-3015,TS09AB1180,330
881972668129,INV-3016,TS09AB6236,421
443909011287,INV-3018,TS09AB8505,172
236627259038,INV-3019,TS09AB2640,684
269356280774,INV-3020,TS09AB5739,230
952703999176,INV-3021,TS09AB5972,821
856052971328,INV-3022,TS09AB5664,962
560431796980,INV-3023,TS09AB8817,932
777110443544,INV-3024,TS09AB1072,320
542602614186,INV-3026,TS09AB6276,937
125094621702,INV-3027,TS09AB9983,128
816125851306,INV-3028,TS09AB6295,859
152129409667,INV-3029,TS09AB7014,28
126954723823,INV-3032,TS09AB9121,507
684941053464,INV-3033,TS09AB5660,109
497030147849,INV-3034,TS09AB5979,763
800392583238,INV-3035,TS09AB9096,24
356276052796,INV-3036,TS09AB2222,303
376148644659,INV-3037,TS09AB1286,454
543019932723,INV-3038,TS09AB2736,538
575146382238,INV-3039,TS09AB6793,616
928080117800,INV-3040,TS09AB4755,582
883646159281,INV-3041,TS09AB4745,679
416367118463,INV-3042,TS09AB5217,151
699240999096,INV-3043,TS09AB5941,650
808352487757,INV-3044,TS09AB9608,242
954057285545,INV-3045,TS09AB4472,910
253048337344,INV-3048,TS09AB8086,796
960564438968,INV-3049,TS09AB5065,983
705280676859,INV-3050,TS09AB4389,999
362696904998,INV-3051,TS09AB9455,58
596168380494,INV-3053,TS09AB5220,350
424171066943,INV-3055,TS09AB9376,561
309119872992,INV-3056,TS09AB8496,667
548908551108,INV-3057,TS09AB5391,635
904059030467,INV-3058,TS09AB5777,94
431734615286,INV-3059,TS09AB5233,68
654170887223,INV-3060,TS09AB9463,484
135603506080,INV-3061,TS09AB6589,572
679039798777,INV-3062,TS09AB4661,991
167174333953,INV-3063,TS09AB5857,72
697280168818,INV-3064,TS09AB4525,427
582638334479,INV-3065,TS09AB4381,829
740788492431,INV-3066,TS09AB8711,506
723116198642,INV-3067,TS09AB2912,164
609784407727,INV-3069,TS09AB5210,730
919420176947,INV-3070,TS09AB8494,218
763895736442,INV-3071,TS09AB6149,983
942956771308,INV-3072,TS09AB4050,105
749097762291,INV-3073,TS09AB8806,722
349546094219,INV-3074,TS09AB7484,653
870014991780,INV-3075,TS09AB8225,116
255749824671,INV-3076,TS09AB9501,739
792370338724,INV-3077,TS09AB6500,678
299953047818,INV-3078,TS09AB3465,612
351284945343,INV-3079,TS09AB4251,883
801984814876,INV-3080,TS09AB3314,483
213260874043,INV-3081,TS09AB2895,969
840139412944,INV-3082,TS09AB3661,257
778993887839,INV-3083,TS09AB6406,17
974466042711,INV-3084,TS09AB2971,616
420600233022,INV-3085,TS09AB3382,600
753985186705,INV-3086,TS09AB3311,746
893914383790,INV-3087,TS09AB3005,156
150261794458,INV-3088,TS09AB4119,358
761446218600,INV-3091,TS09AB6696,842
172267556018,INV-3092,TS09AB9986,992
446748120736,INV-3093,TS09AB1878,247
479306079845,INV-3094,TS09AB4047,155
571048442105,INV-3095,TS09AB1320,272
848051431443,INV-3096,TS09AB2784,236
862086129587,INV-3097,TS09AB7975,193
888312968997,INV-3098,TS09AB4966,900
737942955330,INV-3099,TS09AB7014,370
661521685882,INV-3100,TS09AB8342,828
747807969134,INV-3101,TS09AB6892,524
471912272049,INV-3102,TS09AB9912,705
491711824816,INV-3103,TS09AB4098,521
478668958807,INV-3104,TS09AB5676,848
644532160210,INV-3105,TS09AB9453,709
717159769779,INV-3106,TS09AB1364,439
872782839448,INV-3107,TS09AB2556,739
986430071414,INV-3108,TS09AB2223,474
132976612235,INV-3109,TS09AB6004,581
833935650047,INV-3110,TS09AB2347,905
504207386764,INV-3111,TS09AB3228,197
140798482784,INV-3112,TS09AB9652,731
894532040147,INV-3113,TS09AB7480,764
671900862074,INV-3114,TS09AB3570,553
447433238657,INV-3115,TS09AB6931,599
475080538917,INV-3118,TS09AB7359,401
972682172826,INV-3119,TS09AB9970,344
862253680352,INV-3120,TS09AB6178,750
557424205107,INV-3121,TS09AB8192,776
450294980233,INV-3122,TS09AB2174,435
776337983861,INV-3123,TS09AB1974,838
493177192081,INV-3124,TS09AB5341,856
200363894251,INV-3125,TS09AB7785,672
577377862377,INV-3128,TS09AB1730,662
378600292916,INV-3129,TS09AB1760,209
405727823237,INV-3130,TS09AB9073,979
763694707966,INV-3131,TS09AB6558,212
986814481056,INV-3132,TS09AB4488,558
459326598247,INV-3133,TS09AB3217,627
715674378451,INV-3134,TS09AB1210,209
777634013332,INV-3135,TS09AB9543,368
159089018054,INV-3136,TS09AB9703,459
417081528194,INV-3138,TS09AB2135,94
772548408164,INV-3139,TS09AB9272,17
906329468868,INV-3140,TS09AB5470,854
656511695854,INV-3141,TS09AB9130,948
397660605318,INV-3142,TS09AB7189,795
791550534291,INV-3143,TS09AB5692,795
698743898804,INV-3145,TS09AB1401,320
122427424912,INV-3146,TS09AB1493,102
104042052941,INV-3149,TS09AB7620,864
437170450177,INV-3150,TS09AB8121,170
385786720547,INV-3151,TS09AB1878,116
717365121882,INV-3152,TS09AB3899,954
436566778924,INV-3153,TS09AB2383,953
167098178990,INV-3154,TS09AB4358,480
512778117285,INV-3155,TS09AB7220,628
128402796958,INV-3156,TS09AB8866,248
721222045663,INV-3157,TS09AB2533,793
245553057087,INV-3158,TS09AB5410,209
584015995239,INV-3159,TS09AB3888,988
629731273814,INV-3161,TS09AB5952,479
129716530873,INV-3162,TS09AB8209,710
445293536841,INV-3163,TS09AB8459,131
286866517430,INV-3164,TS09AB1588,83
552148602759,INV-3165,TS09AB6417,420
604945264295,INV-3166,TS09AB4755,952
101917428358,INV-3167,TS09AB7442,437
144389602516,INV-3168,TS09AB9067,261
950655668514,INV-3169,TS09AB2992,810
355777688293,INV-3170,TS09AB9200,383
700978311993,INV-3171,TS09AB5502,612
602316349084,INV-3172,TS09AB5356,110
296008796686,INV-3173,TS09AB9488,246
290064193271,INV-3175,TS09AB9409,656
737911080349,INV-3176,TS09AB9685,800
903305628981,INV-3177,TS09AB9735,589
699056355177,INV-3178,TS09AB4235,946
550063422145,INV-3179,TS09AB2366,541
725734506582,INV-3180,TS09AB5161,583
235172178769,INV-3182,TS09AB2992,103
557483034111,INV-3184,TS09AB3001,326
489855785879,INV-3186,TS09AB6991,388
129129712424,INV-3187,TS09AB2033,225
429447832103,INV-3188,TS09AB6855,547
982083675142,INV-3189,TS09AB5417,786
804370573892,INV-3190,TS09AB4898,79
144525198418,INV-3191,TS09AB3580,484
411094715964,INV-3193,TS09AB8892,353
739786124805,INV-3195,TS09AB4328,495
511928620292,INV-3197,TS09AB3462,102
836928362484,INV-3198,TS09AB4748,745
149587783524,INV-3199,TS09AB6623,261
541705773833,INV-3201,TS09AB4919,818
232079685536,INV-3202,TS09AB2667,677
841348483823,INV-3203,TS09AB2113,331
329819489731,INV-3205,TS09AB1815,324
565144790951,INV-3207,TS09AB5878,193
422220101052,INV-3208,TS09AB5467,192
267092057936,INV-3209,TS09AB3226,728
503472486909,INV-3210,TS09AB7089,364
318388244005,INV-3211,TS09AB5056,223
418282779265,INV-3212,TS09AB3870,696
759464900063,INV-3213,TS09AB8841,726
524468362015,INV-3214,TS09AB5743,924
301386170294,INV-3217,TS09AB8669,467
291446494187,INV-3218,TS09AB8737,992
209541283760,INV-3219,TS09AB4944,464
511513170875,INV-3220,TS09AB4627,38
664927099502,INV-3223,TS09AB5014,136
303401252114,INV-3225,TS09AB9823,171
748418507994,INV-3226,TS09AB5144,747
656226652900,INV-3227,TS09AB4122,786
771024871345,INV-3230,TS09AB7813,286
287622553637,INV-3231,TS09AB1032,637
256557044390,INV-3233,TS09AB7049,479
594249581284,INV-3234,TS09AB5669,493
241462924542,INV-3235,TS09AB1594,885
253469958426,INV-3236,TS09AB8294,737
340437663035,INV-3237,TS09AB2672,731
964514674881,INV-3238,TS09AB1283,69
621436149965,INV-3239,TS09AB4785,542
709711933926,INV-3240,TS09AB7229,239
126701710132,INV-3241,TS09AB2703,328
945865605988,INV-3242,TS09AB1643,373
692688514652,INV-3243,TS09AB4725,733
210760634621,INV-3244,TS09AB5242,399
444760842517,INV-3245,TS09AB9532,857
460107184777,INV-3246,TS09AB4501,886
643300669221,INV-3247,TS09AB6589,143
148875509181,INV-3248,TS09AB4740,765
531305759130,INV-3249,TS09AB5429,679
999875273824,INV-3250,TS09AB9986,771
148381033365,INV-3251,TS09AB6601,403
537161485830,INV-3252,TS09AB1169,849
905278968919,INV-3253,TS09AB5120,935
873896353822,INV-3254,TS09AB3521,462
479620151117,INV-3255,TS09AB7677,44
469156428958,INV-3256,TS09AB2932,205
787677768667,INV-3257,TS09AB8125,212
283672681947,INV-3258,TS09AB1975,569
896165029575,INV-3259,TS09AB7493,449
524140948803,INV-3260,TS09AB1856,804
861281445828,INV-3261,TS09AB4586,329
726311518146,INV-3262,TS09AB5166,305
567339785149,INV-3263,TS09AB7849,608
951637597086,INV-3264,TS09AB7204,151
678693616939,INV-3266,TS09AB3927,356
407884617160,INV-3267,TS09AB1260,735
581548056496,INV-3268,TS09AB5384,630
611623988539,INV-3269,TS09AB9473,563
144427182378,INV-3270,TS09AB1840,701
313469827751,INV-3271,TS09AB5959,508
949698882894,INV-3272,TS09AB2775,946
554678662260,INV-3273,TS09AB7257,183
284954773287,INV-3274,TS09AB1377,894
988809204840,INV-3275,TS09AB4398,230
336004653758,INV-3276,TS09AB5190,299
827508593323,INV-3277,TS09AB5534,871
656293031604,INV-3278,TS09AB8350,409
623850905964,INV-3279,TS09AB4990,313
286906446247,INV-3280,TS09AB1543,515
273144032564,INV-3281,TS09AB3830,591
500970494823,INV-3282,TS09AB1691,579
909108289336,INV-3283,TS09AB8585,262
467855465159,INV-3284,TS09AB1875,675
981142056919,INV-3285,TS09AB4777,711
660453590804,INV-3287,TS09AB2848,878
442060636303,INV-3288,TS09AB6148,506
912371318797,INV-3289,TS09AB1675,601
398282014721,INV-3291,TS09AB4279,336
458658132760,INV-3292,TS09AB8131,208
612601174616,INV-3293,TS09AB7204,668
803875738523,INV-3294,TS09AB2383,939
206443804348,INV-3295,TS09AB2733,363
899357527010,INV-3297,TS09AB5441,187
573153811721,INV-3299,TS09AB9764,243
522206365793,INV-3300,TS09AB9289,73
826155237455,INV-3301,TS09AB9066,36
400341425338,INV-3302,TS09AB5489,504
140724660909,INV-3303,TS09AB1134,96
470916655077,INV-3305,TS09AB1399,868
916866821480,INV-3306,TS09AB1772,952
270126313356,INV-3307,TS09AB1677,637
126760784082,INV-3308,TS09AB2468,798
611466559406,INV-3309,TS09AB9271,332
526218851462,INV-3310,TS09AB7443,699
237222169462,INV-3311,TS09AB6133,443
171334044525,INV-3312,TS09AB5027,652
428151402744,INV-3314,TS09AB6326,635
873652734069,INV-3315,TS09AB2669,476
451946909054,INV-3316,TS09AB9831,122
408810846854,INV-3317,TS09AB3896,50
381830888429,INV-3318,TS09AB4365,804
171244965688,INV-3319,TS09AB7676,983
236329827231,INV-3320,TS09AB7794,605
336814805344,INV-3321,TS09AB1391,43
137747388707,INV-3322,TS09AB6352,534
472107390948,INV-3323,TS09AB8823,748
343346688294,INV-3324,TS09AB1202,676
533270278307,INV-3325,TS09AB5227,964
289612943527,INV-3326,TS09AB4461,447
248106427554,INV-3327,TS09AB3508,224
442486520330,INV-3328,TS09AB1287,401
807030116898,INV-3329,TS09AB2435,159
536309922018,INV-3330,TS09AB3882,328
810489083485,INV-3331,TS09AB2226,121
109509100762,INV-3332,TS09AB3092,417
697498041101,INV-3333,TS09AB1281,316
552995526375,INV-3335,TS09AB4596,680
965997423342,INV-3336,TS09AB6399,22
569031644932,INV-3337,TS09AB3322,815
359624960886,INV-3338,TS09AB8781,112
927882565414,INV-3339,TS09AB4712,82
986456863344,INV-3340,TS09AB5180,608
960315214350,INV-3341,TS09AB1637,594
177510210010,INV-3342,TS09AB6477,396
163616222204,INV-3343,TS09AB6965,155
751338175445,INV-3344,TS09AB1119,944
882755746686,INV-3345,TS09AB7077,624
935531475651,INV-3346,TS09AB6835,364
895734038679,INV-3347,TS09AB8058,818
552553889351,INV-3348,TS09AB1995,956
341498318729,INV-3349,TS09AB5941,439
892104336126,INV-3350,TS09AB4263,336
642981277457,INV-3351,TS09AB2805,145
375708281712,INV-3352,TS09AB1865,580
459495598418,INV-3353,TS09AB4782,526
328519411960,INV-3354,TS09AB4374,629
513260870725,INV-3356,TS09AB4475,470
694696514142,INV-3357,TS09AB5629,564
199428947835,INV-3358,TS09AB9184,893
923723589743,INV-3360,TS09AB4210,159
870010331966,INV-3362,TS09AB2277,788
674485412892,INV-3364,TS09AB8217,648
605450340051,INV-3366,TS09AB6624,463
408015022169,INV-3367,TS09AB9243,999
604809584513,INV-3368,TS09AB7493,288
352572324799,INV-3369,TS09AB7624,87
779024257582,INV-3371,TS09AB1888,468
449953532151,INV-3373,TS09AB1749,703
973655912516,INV-3374,TS09AB6234,301
867336236891,INV-3375,TS09AB3776,394
387457909036,INV-3376,TS09AB2213,526
300056664329,INV-3377,TS09AB5774,409
682286510161,INV-3378,TS09AB4235,317
508836503847,INV-3379,TS09AB9242,101
320485959885,INV-3381,TS09AB4491,260
722916813719,INV-3382,TS09AB8587,852
959289152490,INV-3383,TS09AB9867,479
579536862669,INV-3384,TS09AB4385,125
932975462451,INV-3386,TS09AB7298,636
732553480439,INV-3387,TS09AB4766,881
748374816193,INV-3388,TS09AB5079,853
784180554363,INV-3389,TS09AB4268,694
159518222751,INV-3390,TS09AB4294,607
216816543829,INV-3392,TS09AB9477,657
281721955954,INV-3393,TS09AB2485,548
275049259294,INV-3394,TS09AB7363,610
762512966897,INV-3395,TS09AB5993,805
417627813988,INV-3396,TS09AB4035,581
640927024784,INV-3397,TS09AB6881,381
638999046255,INV-3398,TS09AB7023,172
919503147459,INV-3399,TS09AB3652,715
241796839126,INV-3400,TS09AB7769,435
182252636908,INV-3401,TS09AB4469,77
321370371849,INV-3402,TS09AB9469,833
237820286513,INV-3405,TS09AB7501,324
143936217952,INV-3406,TS09AB3394,542
998846647402,INV-3407,TS09AB5846,567
811480348792,INV-3408,TS09AB9867,354
489609749821,INV-3410,TS09AB7575,168
457054005650,INV-3412,TS09AB9985,320
541352587494,INV-3413,TS09AB7869,520
632177143262,INV-3414,TS09AB5199,500
885961987673,INV-3415,TS09AB7419,165
985220949889,INV-3416,TS09AB8929,464
145786478225,INV-3418,TS09AB4578,970
476943162588,INV-3419,TS09AB7390,300
736160064001,INV-3420,TS09AB5911,496
838484406051,INV-3421,TS09AB7518,951
644149846056,INV-3422,TS09AB7818,205
418352793191,INV-3424,TS09AB4412,1000
450996911973,INV-3425,TS09AB1301,745
161218851852,INV-3426,TS09AB3652,589
355871343910,INV-3427,TS09AB2574,860
453930623366,INV-3428,TS09AB3208,954
425725122217,INV-3429,TS09AB9446,546
662554934469,INV-3430,TS09AB9976,869
655926752272,INV-3431,TS09AB9204,577
569893144088,INV-3432,TS09AB1904,743
545653569575,INV-3433,TS09AB5551,833
456117102465,INV-3435,TS09AB8912,195
355686189555,INV-3436,TS09AB3931,796
679445827171,INV-3437,TS09AB8994,599
986335945598,INV-3439,TS09AB4835,20
553228121609,INV-3440,TS09AB2763,794
444064837558,INV-3441,TS09AB1749,724
167121992158,INV-3442,TS09AB2107,912
467185496988,INV-3443,TS09AB1480,840
761143953718,INV-3444,TS09AB7284,762
420975775165,INV-3445,TS09AB3170,917
466196349876,INV-3446,TS09AB3610,416
742433594847,INV-3447,TS09AB3647,589
335335105277,INV-3448,TS09AB5159,363
364639600470,INV-3449,TS09AB5248,129
688411311365,INV-3450,TS09AB1026,491
436422516326,INV-3451,TS09AB6314,566
174588982503,INV-3452,TS09AB9197,129
384443752324,INV-3453,TS09AB5179,196
972878217593,INV-3454,TS09AB9539,907
319940781426,INV-3455,TS09AB4288,501
506066994074,INV-3456,TS09AB6230,224
439120920351,INV-3457,TS09AB6832,471
408738086839,INV-3458,TS09AB4162,605
145452398732,INV-3459,TS09AB5827,312
336246032305,INV-3460,TS09AB7795,102
759675402024,INV-3461,TS09AB9750,290
200467073078,INV-3463,TS09AB8898,69
476227242983,INV-3464,TS09AB8433,905
791618776718,INV-3466,TS09AB1496,436
896660360194,INV-3467,TS09AB7313,373
133955014034,INV-3468,TS09AB7899,147
862756183648,INV-3469,TS09AB5545,137
778240171105,INV-3470,TS09AB1651,77
763330704078,INV-3471,TS09AB7386,654
980585783432,INV-3472,TS09AB1830,280
952697783984,INV-3473,TS09AB5179,1000
361531499522,INV-3474,TS09AB9810,852
741332324250,INV-3475,TS09AB9305,867
628851669096,INV-3476,TS09AB7923,123
438050615973,INV-3477,TS09AB7034,616
534812390277,INV-3478,TS09AB6914,811
120558054920,INV-3479,TS09AB3306,298
561889400761,INV-3480,TS09AB2899,35
121840887633,INV-3481,TS09AB7057,821
455608356016,INV-3482,TS09AB4082,904
335985014938,INV-3484,TS09AB6106,589
599455531694,INV-3485,TS09AB9443,209
416010399621,INV-3486,TS09AB4223,815
951264240216,INV-3487,TS09AB1111,589
473369598265,INV-3488,TS09AB8138,51
331126040172,INV-3489,TS09AB9945,658
350885640886,INV-3490,TS09AB6382,990
779384250483,INV-3491,TS09AB2267,716
915040466373,INV-3493,TS09AB5162,408
901820076352,INV-3494,TS09AB8993,530
755763558309,INV-3495,TS09AB2417,160
621613022198,INV-3496,TS09AB9789,501
996662563200,INV-3497,TS09AB9979,320
312850291383,INV-3498,TS09AB7955,705
710290798547,INV-3499,TS09AB1348,528
307301978827,INV-3500,TS09AB2509,569
994756936306,INV-3501,TS09AB6738,420
932554352164,INV-3502,TS09AB2182,408
413691931297,INV-3504,TS09AB3935,789
994375807685,INV-3505,TS09AB5520,219
278120452209,INV-3506,TS09AB1068,408
596570405709,INV-3507,TS09AB1148,522
665710544828,INV-3508,TS09AB9661,422
953521936119,INV-3509,TS09AB1646,255
847761318486,INV-3510,TS09AB2257,999
518495607690,INV-3511,TS09AB8149,314
881103524766,INV-3512,TS09AB4245,514
100271886263,INV-3513,TS09AB1663,540
325375289889,INV-3514,TS09AB8295,608
901208573904,INV-3515,TS09AB7757,575
513237763340,INV-3516,TS09AB7121,886
593086039652,INV-3517,TS09AB3893,499
415555347632,INV-3518,TS09AB5843,59
362835932509,INV-3519,TS09AB2203,53
312928313577,INV-3520,TS09AB2592,247
172366067154,INV-3521,TS09AB2293,760
524887008764,INV-3522,TS09AB1127,133
486486479809,INV-3523,TS09AB7608,160
688952014132,INV-3524,TS09AB1651,42
701350186604,INV-3525,TS09AB8770,671
618647392125,INV-3526,TS09AB6877,357
831700375086,INV-3527,TS09AB6857,894
414351753298,INV-3528,TS09AB2085,838
138185099824,INV-3529,TS09AB8077,828
192996742682,INV-3530,TS09AB1399,204
161707616621,INV-3531,TS09AB5668,11
305128092778,INV-3533,TS09AB3823,602
470205861679,INV-3534,TS09AB6195,868
859455674604,INV-3535,TS09AB5864,388
816764604752,INV-3536,TS09AB6240,452
727800605312,INV-3537,TS09AB9162,697
160215396451,INV-3538,TS09AB1321,40
240106809739,INV-3539,TS09AB6406,687
335123578971,INV-3540,TS09AB8628,169
981427128281,INV-3541,TS09AB5572,141
551561764223,INV-3542,TS09AB5303,470
407971568891,INV-3543,TS09AB2294,47
815053721358,INV-3544,TS09AB5369,355
174898570420,INV-3545,TS09AB8877,54
650266074498,INV-3546,TS09AB5770,55
751340771105,INV-3548,TS09AB8553,239
186650063321,INV-3549,TS09AB6968,633
633041741343,INV-3550,TS09AB4269,175
682740586767,INV-3551,TS09AB1720,889
216039784349,INV-3552,TS09AB1709,289
438743528171,INV-3553,TS09AB9937,909
327400715226,INV-3554,TS09AB3357,559
268557512054,INV-3555,TS09AB4222,49
107522118081,INV-3556,TS09AB5076,660
524981901996,INV-3558,TS09AB3764,549
678011797298,INV-3559,TS09AB3574,662
312608176593,INV-3560,TS09AB1065,641
583100212958,INV-3561,TS09AB8273,314
712277635735,INV-3562,TS09AB4609,861
934807176752,INV-3563,TS09AB7696,380
957223245342,INV-3564,TS09AB2676,907
648954503205,INV-3565,TS09AB2885,746
824432363979,INV-3567,TS09AB4699,986
666951822672,INV-3569,TS09AB3607,472
461116679143,INV-3571,TS09AB8493,908
624801814441,INV-3572,TS09AB8071,307
501994569958,INV-3573,TS09AB3200,617
991642405639,INV-3574,TS09AB4278,207
715161248686,INV-3575,TS09AB7663,704
730888480092,INV-3576,TS09AB8162,466
142519527550,INV-3578,TS09AB2960,202
686553322464,INV-3579,TS09AB2143,26
427137708514,INV-3581,TS09AB3890,691
607308797648,INV-3582,TS09AB3036,116
166716823543,INV-3583,TS09AB7533,345
253404120072,INV-3584,TS09AB3781,957
191944294884,INV-3585,TS09AB8621,373
881279119107,INV-3586,TS09AB7812,41
337692817072,INV-3587,TS09AB6428,612
233441925290,INV-3588,TS09AB6221,347
132139805152,INV-3589,TS09AB1070,99
866095668565,INV-3590,TS09AB2381,890
238349392731,INV-3591,TS09AB8267,36
464163520169,INV-3592,TS09AB4288,259
227367736668,INV-3593,TS09AB9022,161
682721541832,INV-3594,TS09AB4893,709
138306933057,INV-3595,TS09AB9746,691
632888069911,INV-3596,TS09AB8609,207
531407975517,INV-3597,TS09AB3683,545
922504250019,INV-3598,TS09AB7635,827
616189037269,INV-3599,TS09AB6272,56
768787130067,INV-3600,TS09AB7774,211
437535243387,INV-3603,TS09AB8410,912
770902854360,INV-3604,TS09AB9451,391
188474317745,INV-3605,TS09AB3438,395
306547266324,INV-3607,TS09AB7000,357
628191035865,INV-3609,TS09AB6204,541
602854083622,INV-3610,TS09AB2161,590
545571308954,INV-3611,TS09AB7535,653
595004625132,INV-3613,TS09AB2069,538
426289487214,INV-3614,TS09AB7449,637
347054867530,INV-3615,TS09AB8150,39
686298199714,INV-3616,TS09AB9218,787
911384814043,INV-3617,TS09AB4901,742
934573655515,INV-3618,TS09AB7664,496
521265212546,INV-3619,TS09AB9918,34
448302802359,INV-3620,TS09AB7183,284
306819758252,INV-3621,TS09AB4000,236
660699377693,INV-3622,TS09AB8034,213
231592178949,INV-3623,TS09AB4388,90
595743370915,INV-3624,TS09AB7706,688
590717037935,INV-3625,TS09AB4131,401
758238980747,INV-3626,TS09AB1960,515
435954945583,INV-3627,TS09AB6723,318
671975876479,INV-3628,TS09AB3938,872
472194168876,INV-3629,TS09AB1402,595
615736949682,INV-3633,TS09AB5965,138
681262922702,INV-3634,TS09AB1240,292
381276669837,INV-3637,TS09AB6628,532
658577410282,INV-3638,TS09AB4321,937
504461924766,INV-3639,TS09AB4964,762
436531643781,INV-3640,TS09AB5506,11
278097670983,INV-3641,TS09AB4536,329
417310580570,INV-3644,TS09AB7302,500
967082096737,INV-3645,TS09AB6204,225
651844893269,INV-3646,TS09AB1027,132
154635626233,INV-3648,TS09AB8388,124
228849681881,INV-3649,TS09AB6531,912
539640072653,INV-3651,TS09AB3276,291
671469903207,INV-3652,TS09AB8386,60
229654892040,INV-3653,TS09AB4221,723
855439144908,INV-3654,TS09AB4722,895
586329910859,INV-3655,TS09AB2518,221
835881947664,INV-3656,TS09AB6694,590
102728513116,INV-3658,TS09AB6748,836
304458389913,INV-3659,TS09AB9971,808
203844241268,INV-3661,TS09AB3896,523
199240193086,INV-3662,TS09AB8447,775
992054600900,INV-3665,TS09AB2218,496
646854633095,INV-3666,TS09AB5091,424
492575108683,INV-3667,TS09AB4013,304
184117482338,INV-3668,TS09AB9177,976
262190497745,INV-3669,TS09AB9645,259
999550294909,INV-3670,TS09AB5128,790
296293186911,INV-3671,TS09AB9112,980
829666424757,INV-3672,TS09AB5434,179
917947057115,INV-3673,TS09AB3548,13
218243375780,INV-3674,TS09AB5791,364
671066928357,INV-3675,TS09AB3210,638
776944980673,INV-3677,TS09AB2258,670
130975108963,INV-3678,TS09AB5355,856
883342121769,INV-3679,TS09AB8573,570
153989018948,INV-3680,TS09AB4555,613
863876855007,INV-3681,TS09AB2933,529
522314561435,INV-3682,TS09AB2504,898
967632125053,INV-3683,TS09AB6666,31
675743537992,INV-3684,TS09AB9620,871
470375195699,INV-3685,TS09AB9723,33
766779191905,INV-3686,TS09AB3086,846
806711749186,INV-3687,TS09AB4321,916
853723286857,INV-3688,TS09AB7339,684
491516453535,INV-3689,TS09AB5723,517
102327107819,INV-3690,TS09AB9589,465
799621962715,INV-3691,TS09AB8925,783
966073461920,INV-3692,TS09AB2620,919
247883116601,INV-3693,TS09AB5486,735
680804287925,INV-3694,TS09AB1512,98
979791553744,INV-3695,TS09AB7903,418
905849254804,INV-3696,TS09AB7359,917
122705638588,INV-3697,TS09AB2492,946
520453792440,INV-3698,TS09AB3970,868
680111272104,INV-3701,TS09AB9813,674
265309630705,INV-3703,TS09AB5487,114
989978094144,INV-3704,TS09AB7348,114
278302816932,INV-3705,TS09AB3308,425
644608255362,INV-3707,TS09AB9067,268
351146784622,INV-3708,TS09AB7452,853
773494833498,INV-3709,TS09AB3010,869
442557417066,INV-3711,TS09AB7470,674
706993259873,INV-3712,TS09AB4031,863
581568309280,INV-3714,TS09AB2819,819
927377874275,INV-3715,TS09AB9549,789
855139918905,INV-3716,TS09AB5860,550
875325463681,INV-3717,TS09AB8299,742
642423959869,INV-3718,TS09AB8905,198
277872068232,INV-3719,TS09AB5751,538
674885202671,INV-3720,TS09AB2547,135
695817834279,INV-3722,TS09AB9770,816
530480523987,INV-3723,TS09AB4403,727
657772079199,INV-3724,TS09AB8163,182
156226791085,INV-3725,TS09AB2878,874
587502965915,INV-3726,TS09AB4682,764
451680954024,INV-3727,TS09AB3720,507
512258820170,INV-3728,TS09AB5136,886
644497491969,INV-3729,TS09AB8727,753
775266226767,INV-3730,TS09AB4697,207
131058624316,INV-3731,TS09AB2458,771
209520918066,INV-3732,TS09AB8751,822
796375340891,INV-3733,TS09AB1686,147
260636483576,INV-3734,TS09AB1362,786
872400943493,INV-3735,TS09AB5659,311
146340089004,INV-3736,TS09AB7116,870
648024015091,INV-3737,TS09AB8968,17
264417676379,INV-3738,TS09AB8979,922
297635908331,INV-3739,TS09AB6435,565
283399038484,INV-3740,TS09AB9322,987
119437021116,INV-3741,TS09AB4696,374
769284346460,INV-3742,TS09AB9208,894
583465904543,INV-3743,TS09AB5986,615
335551220291,INV-3744,TS09AB5503,158
228933541308,INV-3745,TS09AB2033,698
186512349720,INV-3746,TS09AB8240,261
392679614573,INV-3747,TS09AB7794,569
164697981163,INV-3748,TS09AB6327,465
701632287587,INV-3749,TS09AB2666,416
785642050401,INV-3750,TS09AB4599,898
501078984750,INV-3751,TS09AB2786,796
901479018166,INV-3752,TS09AB6672,485
658294201018,INV-3753,TS09AB5516,578
719465115949,INV-3754,TS09AB9763,63
789335439827,INV-3755,TS09AB7815,991
744398379158,INV-3756,TS09AB1678,502
350972562780,INV-3757,TS09AB3211,62
789365224832,INV-3759,TS09AB2850,897
440336466393,INV-3760,TS09AB6114,940
542577803923,INV-3761,TS09AB2673,977
536664648389,INV-3762,TS09AB1495,244
675189862579,INV-3764,TS09AB5042,476
457814639700,INV-3766,TS09AB9416,650
986801605788,INV-3768,TS09AB4468,595
937766923024,INV-3769,TS09AB6329,731
125059191367,INV-3770,TS09AB4158,186
910758686156,INV-3771,TS09AB4689,341
192984422034,INV-3772,TS09AB4652,314
120641986722,INV-3773,TS09AB6452,96
802104511733,INV-3774,TS09AB9135,137
837988596067,INV-3775,TS09AB4761,612
702252603412,INV-3776,TS09AB2925,134
241348807147,INV-3777,TS09AB6255,542
904490937730,INV-3778,TS09AB3527,743
762315983893,INV-3779,TS09AB3234,372
440625285994,INV-3780,TS09AB1657,971
530669263809,INV-3781,TS09AB8257,227
364030653552,INV-3782,TS09AB5128,501
140725764604,INV-3783,TS09AB3496,142
649194604331,INV-3784,TS09AB5170,399
236985713460,INV-3787,TS09AB6669,684
568894649818,INV-3788,TS09AB9294,791
435986486041,INV-3789,TS09AB7671,260
185534189012,INV-3790,TS09AB6873,544
995069200744,INV-3791,TS09AB7171,727
105620550086,INV-3792,TS09AB9929,64
810153845824,INV-3793,TS09AB4251,134
214523150919,INV-3794,TS09AB1166,726
129973871321,INV-3795,TS09AB5095,333
598200240943,INV-3797,TS09AB3821,541
603827073926,INV-3799,TS09AB9496,423
385274113577,INV-3800,TS09AB3485,652
208013933975,INV-3801,TS09AB6005,522
917601012265,INV-3802,TS09AB6523,402
166859051698,INV-3803,TS09AB2670,793
712990873407,INV-3805,TS09AB5894,641
319348627530,INV-3806,TS09AB3517,539
541984679464,INV-3808,TS09AB1597,524
540142510170,INV-3809,TS09AB9081,616
793484079775,INV-3810,TS09AB7321,974
514434359408,INV-3811,TS09AB8023,909
285882343568,INV-3812,TS09AB1305,341
730105411755,INV-3813,TS09AB2166,603
822124484260,INV-3815,TS09AB8254,587
804454410794,INV-3816,TS09AB9959,527
416688073542,INV-3817,TS09AB1823,253
322557149747,INV-3818,TS09AB2395,970
614450776127,INV-3819,TS09AB1212,630
237402222666,INV-3820,TS09AB9776,211
613839780468,INV-3821,TS09AB3800,627
506703323788,INV-3822,TS09AB2927,248
367010424036,INV-3823,TS09AB3797,577
476944936146,INV-3824,TS09AB8390,983
862998717173,INV-3825,TS09AB6894,892
251781092328,INV-3826,TS09AB3509,900
720330698115,INV-3827,TS09AB3067,644
852542203302,INV-3828,TS09AB6069,31
889347028419,INV-3829,TS09AB9787,770
626659955127,INV-3830,TS09AB1252,18
392560006259,INV-3831,TS09AB8443,222
149301416122,INV-3833,TS09AB3167,70
642087877057,INV-3834,TS09AB7945,418
920366731268,INV-3835,TS09AB9921,605
279829698820,INV-3837,TS09AB2648,719
692974848582,INV-3838,TS09AB9302,53
256464345143,INV-3839,TS09AB4939,308
887893187085,INV-3840,TS09AB7698,719
762161698166,INV-3841,TS09AB8975,564
587273981597,INV-3842,TS09AB8851,240
874923302218,INV-3843,TS09AB8667,698
434369736315,INV-3844,TS09AB5894,860
392497370426,INV-3845,TS09AB9994,149
471301930426,INV-3846,TS09AB5720,700
183594724118,INV-3847,TS09AB8684,714
565989254475,INV-3848,TS09AB9422,985
734581683580,INV-3849,TS09AB2061,717
140868131013,INV-3850,TS09AB1740,187
895392246225,INV-3851,TS09AB3317,741
713916827914,INV-3853,TS09AB7977,88
489652387188,INV-3855,TS09AB1948,493
181424590628,INV-3856,TS09AB1412,401
688518713668,INV-3857,TS09AB5338,924
675008926524,INV-3858,TS09AB7886,213
283693623015,INV-3859,TS09AB1335,740
978291731741,INV-3861,TS09AB9854,988
409365223111,INV-3862,TS09AB5559,299
129382222607,INV-3863,TS09AB6069,433
708046560996,INV-3865,TS09AB2043,716
156607449192,INV-3866,TS09AB6677,326
440642189856,INV-3867,TS09AB8246,101
654826954949,INV-3868,TS09AB5668,257
128882675897,INV-3870,TS09AB8044,706
227711735919,INV-3871,TS09AB9315,347
479006697200,INV-3872,TS09AB5784,489
579933020926,INV-3873,TS09AB3808,194
746652288946,INV-3874,TS09AB5912,452
258274698789,INV-3875,TS09AB3711,647
586900218888,INV-3876,TS09AB8545,119
427331731787,INV-3877,TS09AB6545,142
875363812695,INV-3878,TS09AB9261,182
844769194355,INV-3879,TS09AB9797,795
872121496608,INV-3880,TS09AB1206,207
466866485065,INV-3882,TS09AB8530,39
806818008151,INV-3883,TS09AB9480,967
657796633020,INV-3884,TS09AB9637,429
347075673347,INV-3885,TS09AB8665,935
172229207945,INV-3886,TS09AB4963,67
374369502340,INV-3887,TS09AB1162,961
148380099656,INV-3888,TS09AB4571,145
184126927119,INV-3890,TS09AB4914,109
195207623019,INV-3891,TS09AB1766,18
664988695218,INV-3893,TS09AB1983,116
485837477685,INV-3894,TS09AB6342,616
505608756692,INV-3895,TS09AB7994,705
503376158663,INV-3898,TS09AB5510,578
176141000002,INV-3899,TS09AB5664,767
441339455397,INV-3900,TS09AB4157,671
755853386857,INV-3902,TS09AB4990,589
495904509226,INV-3903,TS09AB8356,791
279678549773,INV-3904,TS09AB1392,921
946724354510,INV-3905,TS09AB8950,271
809678516409,INV-3907,TS09AB7055,953
977292534695,INV-3908,TS09AB5137,472
495515921603,INV-3909,TS09AB2212,636
188555221171,INV-3910,TS09AB2746,531
882788419939,INV-3912,TS09AB4573,226
122008795880,INV-3913,TS09AB2445,630
496792545682,INV-3914,TS09AB1180,818
434400455502,INV-3915,TS09AB1296,673
614091748179,INV-3916,TS09AB1084,923
800441170698,INV-3917,TS09AB4487,307
233391687993,INV-3918,TS09AB3193,780
482237785679,INV-3920,TS09AB9579,324
246549715134,INV-3921,TS09AB9333,318
217290496732,INV-3922,TS09AB4228,461
855072458161,INV-3923,TS09AB1172,292
886251780445,INV-3924,TS09AB3573,859
739492208991,INV-3925,TS09AB3009,207
570728122433,INV-3926,TS09AB9340,212
330264332237,INV-3927,TS09AB6908,706
268050061204,INV-3928,TS09AB4384,431
395878859732,INV-3931,TS09AB4456,109
516530238349,INV-3932,TS09AB9835,619
284339700422,INV-3933,TS09AB5481,10
312971545214,INV-3934,TS09AB8425,946
713067990777,INV-3935,TS09AB6161,539
853195607724,INV-3936,TS09AB3719,519
297750583873,INV-3938,TS09AB4884,691
970172946380,INV-3939,TS09AB6856,130
281041183334,INV-3940,TS09AB5794,652
816889750951,INV-3941,TS09AB1857,695
308652470209,INV-3942,TS09AB8416,918
673646916321,INV-3943,TS09AB8766,255
195865321579,INV-3945,TS09AB9126,135
318376032187,INV-3947,TS09AB8567,900
982742659851,INV-3948,TS09AB4268,629
784023539789,INV-3949,TS09AB8008,841
258589219996,INV-3950,TS09AB2122,528
387306070126,INV-3951,TS09AB3206,627
462545178611,INV-3953,TS09AB2092,555
965191496587,INV-3954,TS09AB8229,875
617966477155,INV-3955,TS09AB4899,996
957611562770,INV-3956,TS09AB3336,483
261507023099,INV-3957,TS09AB1343,362
857739511337,INV-3958,TS09AB9638,87
130974410620,INV-3959,TS09AB8928,883
598426657257,INV-3961,TS09AB9303,362
821817051684,INV-3962,TS09AB3082,516
196360765645,INV-3963,TS09AB1726,461
291310461874,INV-3964,TS09AB5123,646
383707298444,INV-3965,TS09AB2724,838
414495807733,INV-3966,TS09AB8185,499
553295820983,INV-3967,TS09AB4124,979
779671741871,INV-3968,TS09AB6306,579
581636679468,INV-3970,TS09AB3570,779
575512710518,INV-3971,TS09AB6136,966
582758442150,INV-3972,TS09AB7089,293
948696112707,INV-3974,TS09AB4738,523
339778472761,INV-3975,TS09AB7196,725
447386379121,INV-3976,TS09AB7966,494
844262103426,INV-3977,TS09AB3342,525
387907402150,INV-3978,TS09AB6885,698
475288746795,INV-3980,TS09AB8523,500
296105293875,INV-3981,TS09AB6645,370
675717953487,INV-3982,TS09AB8039,871
520046820867,INV-3984,TS09AB4870,162
545698470323,INV-3985,TS09AB7126,837
298256490430,INV-3986,TS09AB1991,558
700481558639,INV-3987,TS09AB9041,765
714315809686,INV-3988,TS09AB5416,537
614446163278,INV-3989,TS09AB4782,113
630309964511,INV-3990,TS09AB1294,991
889067173841,INV-3991,TS09AB3923,535
592721606230,INV-3992,TS09AB5158,119
480997593254,INV-3993,TS09AB5907,103
299095912770,INV-3994,TS09AB9129,743
367073206317,INV-3995,TS09AB7564,759
867042824370,INV-3996,TS09AB9158,325
677131577507,INV-3997,TS09AB2171,714
270639842484,INV-3998,TS09AB6976,866
266501828756,INV-3999,TS09AB5391,627
214846840770,INV-4001,TS09AB5094,921
693212254797,INV-4002,TS09AB7601,524
590084119748,INV-4003,TS09AB1686,539
415557685276,INV-4004,TS09AB4001,605
405632431325,INV-4005,TS09AB5347,720
734114375164,INV-4006,TS09AB3265,325
875233931940,INV-4007,TS09AB9657,304
627754619124,INV-4008,TS09AB9189,109
493452147881,INV-4009,TS09AB8884,172
804418683735,INV-4011,TS09AB7350,827
451851762525,INV-4013,TS09AB7281,932
982116766326,INV-4016,TS09AB8520,479
342902796370,INV-4017,TS09AB8298,749
285597911724,INV-4018,TS09AB9520,149
828318439045,INV-4019,TS09AB7909,595
448658458287,INV-4020,TS09AB5925,363
397242356760,INV-4021,TS09AB7138,732
669070107830,INV-4022,TS09AB3113,12
545233291298,INV-4023,TS09AB4363,82
512854115946,INV-4024,TS09AB8371,521
265120122335,INV-4025,TS09AB4124,468
218909439668,INV-4026,TS09AB6304,499
742991001379,INV-4027,TS09AB6399,750
146894612098,INV-4028,TS09AB9809,671
834709482424,INV-4030,TS09AB4122,906
563254886984,INV-4031,TS09AB7360,152
743336605435,INV-4032,TS09AB6639,434
508983751186,INV-4033,TS09AB1942,803
943172611338,INV-4034,TS09AB4344,832
552734145011,INV-4035,TS09AB2797,384
393893792768,INV-4036,TS09AB5171,599
474380624796,INV-4037,TS09AB1325,519
714641182641,INV-4038,TS09AB3249,588
976123937829,INV-4040,TS09AB4742,114
131439292849,INV-4042,TS09AB5360,297
550487510154,INV-4043,TS09AB3128,352
329739965861,INV-4044,TS09AB3259,702
118164138973,INV-4045,TS09AB6570,108
503424732211,INV-4046,TS09AB9190,32
600882272326,INV-4047,TS09AB4472,777
657269858678,INV-4048,TS09AB6668,200
554152330313,INV-4050,TS09AB6464,709
788424194527,INV-4051,TS09AB7169,601
893658773074,INV-4052,TS09AB8044,924
900687138988,INV-4053,TS09AB8168,183
511999563347,INV-4054,TS09AB7965,829
390629956464,INV-4055,TS09AB8220,882
697270873058,INV-4056,TS09AB9696,511
903466792328,INV-4057,TS09AB8715,902
192414512728,INV-4058,TS09AB1547,662
807106670282,INV-4059,TS09AB9872,81
741223873044,INV-4060,TS09AB8789,416
598616753689,INV-4061,TS09AB4999,200
362552474329,INV-4062,TS09AB2309,656
297103501063,INV-4064,TS09AB7530,573
286194856239,INV-4065,TS09AB3572,199
575502165022,INV-4066,TS09AB7277,201
161220720901,INV-4068,TS09AB8926,636
352156516387,INV-4069,TS09AB2823,259
994813189593,INV-4070,TS09AB1200,399
486163237879,INV-4071,TS09AB4087,92
247597650178,INV-4073,TS09AB4219,754
832068143999,INV-4074,TS09AB1922,344
720306034040,INV-4075,TS09AB5236,492
825357320227,INV-4076,TS09AB7996,917
993929672932,INV-4077,TS09AB1856,780
435964371191,INV-4078,TS09AB6378,46
438187770596,INV-4079,TS09AB5122,319
463663671610,INV-4080,TS09AB5708,145
136676607413,INV-4081,TS09AB1824,496
931925792556,INV-4082,TS09AB2273,513
989631285444,INV-4083,TS09AB9382,217
178948295761,INV-4084,TS09AB6018,591
956864256109,INV-4086,TS09AB8832,628
645261194451,INV-4087,TS09AB5487,714
357456927435,INV-4088,TS09AB3980,351
328391937029,INV-4090,TS09AB1189,587
643359456721,INV-4091,TS09AB6653,576
998018201232,INV-4092,TS09AB1380,184
149199149300,INV-4093,TS09AB4379,724
982215258125,INV-4094,TS09AB6467,853
224931674713,INV-4095,TS09AB5884,273
220878560203,INV-4097,TS09AB9491,26
324443183028,INV-4098,TS09AB1522,877
739730007229,INV-4099,TS09AB9885,732
616032869428,INV-4100,TS09AB3974,505
144287107590,INV-4101,TS09AB1599,21
841721618147,INV-4102,TS09AB8902,805
897587077196,INV-4104,TS09AB8351,81
343404800545,INV-4105,TS09AB7914,495
384218498192,INV-4106,TS09AB7037,316
276095666638,INV-4107,TS09AB4142,160
575064225151,INV-4108,TS09AB2214,825
677529634606,INV-4109,TS09AB6092,532
163418709937,INV-4110,TS09AB4388,118
770640302018,INV-4111,TS09AB8680,130
601088742242,INV-4112,TS09AB7864,105
160259559649,INV-4113,TS09AB5358,174
207427092776,INV-4114,TS09AB8334,49
533715460826,INV-4115,TS09AB7023,555
560381005498,INV-4116,TS09AB8968,880
121321462677,INV-4117,TS09AB8169,893
249599612969,INV-4118,TS09AB1593,450
282799692490,INV-4119,TS09AB1187,549
384863859229,INV-4121,TS09AB4295,139
986233376005,INV-4122,TS09AB3022,888
987420451501,INV-4123,TS09AB3704,291
901533791004,INV-4124,TS09AB5389,623
307893201367,INV-4125,TS09AB6156,282
704079608239,INV-4126,TS09AB7164,135
813207065540,INV-4129,TS09AB4268,57
834063765026,INV-4130,TS09AB3997,267
567040394853,INV-4132,TS09AB6525,367
437665691807,INV-4133,TS09AB1256,158
755185118134,INV-4134,TS09AB2534,140
389236312633,INV-4136,TS09AB2051,397
569451316395,INV-4137,TS09AB3544,593
761259095324,INV-4138,TS09AB5001,987
239499790902,INV-4139,TS09AB4045,883
558462906699,INV-4140,TS09AB1426,239
337923659956,INV-4141,TS09AB9980,330
101148128309,INV-4142,TS09AB9849,735
161618665499,INV-4143,TS09AB1380,403
914946673059,INV-4144,TS09AB5543,598
512083581288,INV-4145,TS09AB6233,994
455766766879,INV-4146,TS09AB8242,567
844784512518,INV-4147,TS09AB6787,581
240153031495,INV-4150,TS09AB6802,220
531304693717,INV-4151,TS09AB5686,291
214377129897,INV-4152,TS09AB5185,526
516276140909,INV-4153,TS09AB4219,608
695108954245,INV-4154,TS09AB2368,120
333833887395,INV-4155,TS09AB5873,661
100454691300,INV-4156,TS09AB4195,309
750286253922,INV-4157,TS09AB9959,117
495225306752,INV-4158,TS09AB8275,253
355546511593,INV-4159,TS09AB6842,40
784918002829,INV-4160,TS09AB2152,277
339501775299,INV-4161,TS09AB1462,86
798980438025,INV-4162,TS09AB3246,17
764722935443,INV-4163,TS09AB2417,146
656863483928,INV-4164,TS09AB8816,165
199427824653,INV-4165,TS09AB2092,890
176331087554,INV-4166,TS09AB3419,145
779208098445,INV-4167,TS09AB5633,448
109340768185,INV-4168,TS09AB5160,229
747825599059,INV-4169,TS09AB7101,226
940020992027,INV-4170,TS09AB5063,441
309259475611,INV-4171,TS09AB5103,384
882357863990,INV-4172,TS09AB5401,935
146693069792,INV-4173,TS09AB7455,241
898358293799,INV-4174,TS09AB6492,627
156829830255,INV-4175,TS09AB3914,64
803599449105,INV-4176,TS09AB8724,619
654162516005,INV-4177,TS09AB6896,641
303334211225,INV-4178,TS09AB1519,660
804842740916,INV-4179,TS09AB3776,201
493718319928,INV-4180,TS09AB6722,875
641830747276,INV-4182,TS09AB7196,988
255785763083,INV-4183,TS09AB6607,597
430562396616,INV-4185,TS09AB4825,116
769483442148,INV-4186,TS09AB5156,236
455228522980,INV-4188,TS09AB6268,693
420573224148,INV-4189,TS09AB1401,182
566139126731,INV-4190,TS09AB6182,761
645577573268,INV-4191,TS09AB4669,651
386510923213,INV-4193,TS09AB4061,44
878464862251,INV-4196,TS09AB9817,877
257538819426,INV-4197,TS09AB1916,791
616603399985,INV-4199,TS09AB4721,400
391309992430,INV-4201,TS09AB9197,608
193961148062,INV-4202,TS09AB4994,653
628703375976,INV-4204,TS09AB7978,176
899603272575,INV-4205,TS09AB9876,41
615476265305,INV-4206,TS09AB1826,459
790210731955,INV-4207,TS09AB9504,27
561425829486,INV-4209,TS09AB2738,248
151674269550,INV-4210,TS09AB7289,430
193416148884,INV-4211,TS09AB8183,48
448805645453,INV-4214,TS09AB7989,254
639255331446,INV-4215,TS09AB9095,590
964063541276,INV-4216,TS09AB4171,774
888171276856,INV-4219,TS09AB8660,85
800465021335,INV-4220,TS09AB7586,488
211889932382,INV-4221,TS09AB3410,639
968214262678,INV-4222,TS09AB5928,318
794017231721,INV-4223,TS09AB8171,898
669126728447,INV-4225,TS09AB9059,229
471883755461,INV-4227,TS09AB1626,581
172670291581,INV-4228,TS09AB7977,282
348818775921,INV-4229,TS09AB3412,956
616931177874,INV-4230,TS09AB6698,844
697177337045,INV-4231,TS09AB8679,672
351921796134,INV-4233,TS09AB8001,976
410015289065,INV-4235,TS09AB4624,597
926138503506,INV-4236,TS09AB3397,838
826826630323,INV-4237,TS09AB3259,531
501067575315,INV-4238,TS09AB9253,771
279940589708,INV-4239,TS09AB5973,109
260886620720,INV-4240,TS09AB9794,89
210350130908,INV-4241,TS09AB9513,122
985626003047,INV-4243,TS09AB4097,385
818510455867,INV-4245,TS09AB8595,385
933748293940,INV-4246,TS09AB7939,47
772498104898,INV-4247,TS09AB2383,743
452821351421,INV-4248,TS09AB8575,220
989182665605,INV-4249,TS09AB2427,921
112672181419,INV-4250,TS09AB8881,736
598210940036,INV-4251,TS09AB7604,582
692534937002,INV-4252,TS09AB2093,83
544760491443,INV-4253,TS09AB6335,41
923964095281,INV-4254,TS09AB6727,633
340633970188,INV-4255,TS09AB9014,627
800643684797,INV-4256,TS09AB5729,36
315378631856,INV-4257,TS09AB4572,293
924821965443,INV-4258,TS09AB2892,545
899988874108,INV-4259,TS09AB1577,826
575873797438,INV-4260,TS09AB2585,969
479735863610,INV-4261,TS09AB4169,678
585594504711,INV-4262,TS09AB4255,87
293570468874,INV-4264,TS09AB2807,562
754165091460,INV-4265,TS09AB6572,851
197659792345,INV-4266,TS09AB5200,971
508188528287,INV-4267,TS09AB6032,843
298183449446,INV-4268,TS09AB7715,585
282762545792,INV-4269,TS09AB3818,692
924455165540,INV-4270,TS09AB6322,18
540561278706,INV-4271,TS09AB9692,230
925006950351,INV-4274,TS09AB5749,71
837891394383,INV-4275,TS09AB8110,648
786326539082,INV-4280,TS09AB3758,732
527805370417,INV-4281,TS09AB1154,552
978528176501,INV-4282,TS09AB4176,588
645087971613,INV-4283,TS09AB7988,276
764912489913,INV-4284,TS09AB8337,895
224614870204,INV-4286,TS09AB9219,513
690984203469,INV-4287,TS09AB9706,847
230695100363,INV-4288,TS09AB3239,594
835820072034,INV-4289,TS09AB2320,677
277419273636,INV-4290,TS09AB1189,776
343612753881,INV-4291,TS09AB1484,658
208104010694,INV-4292,TS09AB7734,932
256820122344,INV-4295,TS09AB2450,346
318213795882,INV-4297,TS09AB5899,338
443116802167,INV-4299,TS09AB1416,978
569482650307,INV-4300,TS09AB1333,653
375337494760,INV-4301,TS09AB6315,265
489967933765,INV-4302,TS09AB8837,904
515023355345,INV-4303,TS09AB4577,185
850117016233,INV-4304,TS09AB5081,575
506764967051,INV-4305,TS09AB1227,867
548591883149,INV-4306,TS09AB8411,571
506738994564,INV-4307,TS09AB8351,558
355658590420,INV-4308,TS09AB1499,84
608734224632,INV-4309,TS09AB2899,470
432472660041,INV-4310,TS09AB1300,391
755664737825,INV-4311,TS09AB7911,687
122200826606,INV-4312,TS09AB2421,458
705339672410,INV-4313,TS09AB7333,328
539893413890,INV-4314,TS09AB6098,54
628561156516,INV-4315,TS09AB2718,459
758336760536,INV-4317,TS09AB8768,861
574308873193,INV-4318,TS09AB7914,534
457256524960,INV-4319,TS09AB6761,744
829794791991,INV-4320,TS09AB1116,429
887087401482,INV-4322,TS09AB8619,795
934552762536,INV-4323,TS09AB2728,598
134609339352,INV-4325,TS09AB5422,722
696026655454,INV-4326,TS09AB3246,640
108498780175,INV-4327,TS09AB4835,653
199788214648,INV-4328,TS09AB4410,107
448317866491,INV-4329,TS09AB3718,665
544867220510,INV-4330,TS09AB4850,355
644080815750,INV-4331,TS09AB4574,393
392964012904,INV-4332,TS09AB4487,30
751074463275,INV-4335,TS09AB3598,173
203754486088,INV-4338,TS09AB9898,679
805596984317,INV-4339,TS09AB9177,839
273118010552,INV-4340,TS09AB7278,963
264775670309,INV-4341,TS09AB6077,724
652430074685,INV-4342,TS09AB1802,929
451468576900,INV-4343,TS09AB3468,892
719986787435,INV-4344,TS09AB4161,675
336081154810,INV-4345,TS09AB8935,34
631211583517,INV-4347,TS09AB9806,772
925625896022,INV-4348,TS09AB1745,316
350664380087,INV-4349,TS09AB7984,64
306235215667,INV-4351,TS09AB1224,476
687673129847,INV-4352,TS09AB1026,229
723515764526,INV-4354,TS09AB3288,924
848348048161,INV-4356,TS09AB1418,628
330997549409,INV-4357,TS09AB4330,397
929666888425,INV-4358,TS09AB5306,312
995361327657,INV-4360,TS09AB4156,324
734998510457,INV-4361,TS09AB7757,70
528101214247,INV-4362,TS09AB8371,889
624835261512,INV-4363,TS09AB4263,347
248275593913,INV-4364,TS09AB9094,309
631876601308,INV-4365,TS09AB5094,904
605355090173,INV-4366,TS09AB4315,951
747248939403,INV-4367,TS09AB7862,398
918162076136,INV-4368,TS09AB7674,631
797015678691,INV-4369,TS09AB9119,427
173455695254,INV-4370,TS09AB1118,111
450350129404,INV-4371,TS09AB3060,600
126878742035,INV-4372,TS09AB3168,79
466907142468,INV-4373,TS09AB7834,349
945340064656,INV-4374,TS09AB5247,284
911825720355,INV-4375,TS09AB8919,564
802524907649,INV-4376,TS09AB7114,188
141066019701,INV-4377,TS09AB7174,84
525658436895,INV-4378,TS09AB7409,790
590972660581,INV-4379,TS09AB3372,439
998439409492,INV-4380,TS09AB1130,691
678305878795,INV-4382,TS09AB5799,880
927631613156,INV-4383,TS09AB7039,114
534106768218,INV-4384,TS09AB5948,735
715350175563,INV-4385,TS09AB2013,467
669153411550,INV-4386,TS09AB3158,26
885925204422,INV-4387,TS09AB3838,270
874004787429,INV-4388,TS09AB2947,541
515748263297,INV-4389,TS09AB1276,920
535744672168,INV-4390,TS09AB1654,95
295880153035,INV-4391,TS09AB8822,617
802372108341,INV-4392,TS09AB4619,625
841646529790,INV-4394,TS09AB5512,804
458641812754,INV-4395,TS09AB8926,864
533045530284,INV-4396,TS09AB5543,610
953151383001,INV-4397,TS09AB7811,904
412581310566,INV-4398,TS09AB9579,388
412964967519,INV-4399,TS09AB7056,871
501706624022,INV-4400,TS09AB1852,778
245883834768,INV-4401,TS09AB7394,157
723147165670,INV-4402,TS09AB9604,796
550372201084,INV-4403,TS09AB3296,698
364589624636,INV-4404,TS09AB3028,185
290576160608,INV-4405,TS09AB8006,653
299913584343,INV-4406,TS09AB8208,882
804125113228,INV-4407,TS09AB5898,555
611586840023,INV-4408,TS09AB5606,214
404708755135,INV-4409,TS09AB1713,40
863291012159,INV-4410,TS09AB9782,28
943141736437,INV-4411,TS09AB6884,436
977102493749,INV-4412,TS09AB4487,944
717329085118,INV-4413,TS09AB7877,849
508507082997,INV-4414,TS09AB2939,388
222852754726,INV-4415,TS09AB8072,854
718918069747,INV-4416,TS09AB2784,684
653485385438,INV-4417,TS09AB8381,555
414155728427,INV-4418,TS09AB9155,352
821471259310,INV-4419,TS09AB1545,627
549069350318,INV-4420,TS09AB8707,258
105316077092,INV-4421,TS09AB3239,690
652446698865,INV-4422,TS09AB9377,583
470964741033,INV-4423,TS09AB5155,872
227122173752,INV-4425,TS09AB8092,940
661775061449,INV-4427,TS09AB7873,67
977080164241,INV-4428,TS09AB7451,233
844515135042,INV-4429,TS09AB6795,863
203409857081,INV-4430,TS09AB6277,363
522038832792,INV-4432,TS09AB7682,45
469112576727,INV-4433,TS09AB9186,259
153061842199,INV-4434,TS09AB1415,522
327676732754,INV-4435,TS09AB3826,423
525635466495,INV-4436,TS09AB6835,977
404298664267,INV-4437,TS09AB5767,185
692585052666,INV-4439,TS09AB5356,550
991754862347,INV-4440,TS09AB6556,364
450772257101,INV-4441,TS09AB5297,226
525022868210,INV-4442,TS09AB8460,206
194444288059,INV-4443,TS09AB5938,15
113006757144,INV-4444,TS09AB7162,903
336343836847,INV-4446,TS09AB4771,995
204007999533,INV-4447,TS09AB7826,779
745903859321,INV-4448,TS09AB2904,367
957757813079,INV-4449,TS09AB2012,428
630839873578,INV-4450,TS09AB1932,728
142568816908,INV-4451,TS09AB4230,976
406343551074,INV-4452,TS09AB1517,644
376251408819,INV-4453,TS09AB5942,537
894010007059,INV-4454,TS09AB5843,775
776979400104,INV-4455,TS09AB4184,836
618000349672,INV-4456,TS09AB6300,904
686717856588,INV-4457,TS09AB2222,853
785322328877,INV-4458,TS09AB6312,963
623398028743,INV-4459,TS09AB6961,544
559401543208,INV-4460,TS09AB5106,396
313890225942,INV-4461,TS09AB4088,210
703293915050,INV-4462,TS09AB5453,734
364849488262,INV-4465,TS09AB8270,528
121161452913,INV-4466,TS09AB7301,57
723885537372,INV-4467,TS09AB1398,642
336926128047,INV-4469,TS09AB2393,463
474444684818,INV-4470,TS09AB7163,736
330084865691,INV-4472,TS09AB6602,906
899355983823,INV-4473,TS09AB9669,987
470928137060,INV-4474,TS09AB5588,925
521281661515,INV-4475,TS09AB9364,214
445069568089,INV-4476,TS09AB4051,377
862178835559,INV-4478,TS09AB2657,395
643045300030,INV-4479,TS09AB9275,407
693509628297,INV-4480,TS09AB3083,553
697995167533,INV-4481,TS09AB7760,823
679799644902,INV-4482,TS09AB1898,800
124648285596,INV-4483,TS09AB5892,230
402059176507,INV-4484,TS09AB3988,558
645473504917,INV-4486,TS09AB2831,291
996380455486,INV-4487,TS09AB2852,992
379840764767,INV-4488,TS09AB5418,462
694707993802,INV-4490,TS09AB6887,265
259364608258,INV-4491,TS09AB3490,205
164238520746,INV-4493,TS09AB6357,658
813363850384,INV-4494,TS09AB9281,228
627738520100,INV-4495,TS09AB7126,91
781976732183,INV-4497,TS09AB9204,83
707519785122,INV-4498,TS09AB4488,19
902943384461,INV-4499,TS09AB7990,391
789798647238,INV-4500,TS09AB3721,870
623821754585,INV-4501,TS09AB6328,145
789702739506,INV-4502,TS09AB6515,35
777757790827,INV-4503,TS09AB8333,281
159133229213,INV-4504,TS09AB7514,847
613289001105,INV-4505,TS09AB4124,843
454565867821,INV-4506,TS09AB7115,78
429022158330,INV-4507,TS09AB9793,481
465459600439,INV-4508,TS09AB9482,112
750059073557,INV-4509,TS09AB8385,462
391290078167,INV-4511,TS09AB1748,538
902654096836,INV-4512,TS09AB2432,915
953710493184,INV-4513,TS09AB5292,568
465452370840,INV-4516,TS09AB7179,810
327925424023,INV-4517,TS09AB2097,900
592009230394,INV-4519,TS09AB1453,188
660672346701,INV-4520,TS09AB3455,289
568245670907,INV-4521,TS09AB9267,514
649073961778,INV-4522,TS09AB7840,847
251923262263,INV-4523,TS09AB7955,975
666267599045,INV-4524,TS09AB8408,538
681683257091,INV-4525,TS09AB4437,688
552450316193,INV-4526,TS09AB1088,486
606675575690,INV-4527,TS09AB1383,863
603990050839,INV-4528,TS09AB5967,686
748895365021,INV-4530,TS09AB7949,664
148670239450,INV-4531,TS09AB5103,784
686719563927,INV-4532,TS09AB3406,386
740431518099,INV-4533,TS09AB2539,113
511410049037,INV-4534,TS09AB4631,694
501015329194,INV-4535,TS09AB1027,59
783365369385,INV-4537,TS09AB9576,424
612000510657,INV-4538,TS09AB8724,638
499928633069,INV-4539,TS09AB3930,324
435873749799,INV-4542,TS09AB4597,384
590484333956,INV-4543,TS09AB9976,295
179732879602,INV-4544,TS09AB9863,551
451828685362,INV-4545,TS09AB9108,314
112021890514,INV-4546,TS09AB8490,575
208502997537,INV-4547,TS09AB3276,341
493134459912,INV-4549,TS09AB6526,883
246287591425,INV-4550,TS09AB6398,653
392908296585,INV-4551,TS09AB8788,651
595775697047,INV-4552,TS09AB4698,592
535553510369,INV-4553,TS09AB5408,193
583536157182,INV-4555,TS09AB7740,477
593495225977,INV-4556,TS09AB4267,855
802123020573,INV-4557,TS09AB1366,571
832967020116,INV-4558,TS09AB7773,970
670742758065,INV-4560,TS09AB6331,720
856346968339,INV-4561,TS09AB6640,947
261867775486,INV-4562,TS09AB6427,605
975263558144,INV-4563,TS09AB7837,553
161470902750,INV-4564,TS09AB2893,130
705909803813,INV-4565,TS09AB1382,918
703951789709,INV-4566,TS09AB1719,524
936729439699,INV-4567,TS09AB6553,969
650184183073,INV-4568,TS09AB6663,999
865463480992,INV-4569,TS09AB1505,686
893295742726,INV-4570,TS09AB3709,849
134951246545,INV-4571,TS09AB8409,431
509482847608,INV-4573,TS09AB2697,966
814231863612,INV-4574,TS09AB6762,593
570422263189,INV-4575,TS09AB5294,603
688132709854,INV-4576,TS09AB9886,713
807555613657,INV-4577,TS09AB2008,537
392923637810,INV-4578,TS09AB5202,678
597979479179,INV-4580,TS09AB2835,471
373941850142,INV-4581,TS09AB4915,809
483955968102,INV-4582,TS09AB5731,975
759467932244,INV-4585,TS09AB7669,813
152732999416,INV-4586,TS09AB5532,236
606513416739,INV-4587,TS09AB3073,279
132676994094,INV-4588,TS09AB6222,945
394462692998,INV-4589,TS09AB5156,860
962062531127,INV-4590,TS09AB2391,802
262584912062,INV-4591,TS09AB3905,727
403840920680,INV-4592,TS09AB3204,41
261542185946,INV-4593,TS09AB5914,165
277846052233,INV-4594,TS09AB9128,142
276728349665,INV-4595,TS09AB1544,379
632856763959,INV-4596,TS09AB2028,690
741837605986,INV-4597,TS09AB5243,662
663259332344,INV-4598,TS09AB9036,36
349957302825,INV-4599,TS09AB8598,198
259972184071,INV-4601,TS09AB6372,110
395284041345,INV-4602,TS09AB9319,786
957534807492,INV-4603,TS09AB6359,951
495924799741,INV-4604,TS09AB1154,44
654040459576,INV-4605,TS09AB7449,987
618280973550,INV-4606,TS09AB2318,325
401105063602,INV-4607,TS09AB3558,762
472040692331,INV-4608,TS09AB9526,629
654610370665,INV-4609,TS09AB8439,741
542764814423,INV-4610,TS09AB3714,782
548374137486,INV-4611,TS09AB9703,733
319213736351,INV-4612,TS09AB3551,525
846108751396,INV-4613,TS09AB3695,654
822820479502,INV-4614,TS09AB3372,433
867308471976,INV-4616,TS09AB1435,48
700245107439,INV-4617,TS09AB1064,62
643362151233,INV-4618,TS09AB5086,330
504030315521,INV-4619,TS09AB6022,829
704779616553,INV-4620,TS09AB3038,529
437750216188,INV-4621,TS09AB2458,865
125243127427,INV-4622,TS09AB1988,824
620109966668,INV-4624,TS09AB9678,562
678908566723,INV-4625,TS09AB7626,630
512803660497,INV-4626,TS09AB7558,511
255819602786,INV-4628,TS09AB3414,292
539804199576,INV-4629,TS09AB7302,507
307310938405,INV-4630,TS09AB2220,560
547047010042,INV-4631,TS09AB6182,515
429970721418,INV-4632,TS09AB4044,976
114004037206,INV-4633,TS09AB5572,390
869665680234,INV-4634,TS09AB7249,422
514639368701,INV-4635,TS09AB6842,464
707851536318,INV-4636,TS09AB8792,56
675418389427,INV-4637,TS09AB8999,311
157691323972,INV-4638,TS09AB9764,10
976068612755,INV-4639,TS09AB3540,931
952653720494,INV-4640,TS09AB3249,197
781268643652,INV-4641,TS09AB9970,615
983179779716,INV-4643,TS09AB2793,980
957307932381,INV-4645,TS09AB2204,811
848668521974,INV-4646,TS09AB2852,784
970759480466,INV-4648,TS09AB4045,62
192427864654,INV-4649,TS09AB1018,450
427074392521,INV-4650,TS09AB4760,102
508233077602,INV-4651,TS09AB6529,206
511888844818,INV-4652,TS09AB7121,991
438912316418,INV-4653,TS09AB3073,597
858839477916,INV-4654,TS09AB1054,687
377569685079,INV-4655,TS09AB2503,977
130103155687,INV-4656,TS09AB1081,166
295775093856,INV-4658,TS09AB9877,929
835277849773,INV-4659,TS09AB3962,328
789809977554,INV-4660,TS09AB7311,273
309004416839,INV-4661,TS09AB8768,767
124403306096,INV-4662,TS09AB1090,898
154303526679,INV-4663,TS09AB6676,222
501918875515,INV-4664,TS09AB5155,165
117207471125,INV-4665,TS09AB7083,484
168323918233,INV-4666,TS09AB3196,821
377288472659,INV-4667,TS09AB4712,421
355244921348,INV-4668,TS09AB6820,63
913141596280,INV-4669,TS09AB4316,488
422197488460,INV-4671,TS09AB3803,827
652217439134,INV-4672,TS09AB5182,452
561021553445,INV-4673,TS09AB2339,324
734539914083,INV-4674,TS09AB4287,595
375832187333,INV-4675,TS09AB3765,463
566687675410,INV-4676,TS09AB1083,915
661566209168,INV-4677,TS09AB6467,879
469951003627,INV-4678,TS09AB4617,633
348687418492,INV-4679,TS09AB8897,597
251329788426,INV-4680,TS09AB6618,607
403961883337,INV-4681,TS09AB8290,243
545080875696,INV-4682,TS09AB6201,290
679154741031,INV-4684,TS09AB8831,132
489653746208,INV-4685,TS09AB4943,56
236110020030,INV-4686,TS09AB9164,98
914126544595,INV-4687,TS09AB5614,406
249114123528,INV-4688,TS09AB1739,993
864028300883,INV-4689,TS09AB1410,333
588155279368,INV-4690,TS09AB2404,457
642898960261,INV-4692,TS09AB3068,23
364892818278,INV-4693,TS09AB3218,272
907467810775,INV-4694,TS09AB6307,487
415599533291,INV-4695,TS09AB9916,864
165668285904,INV-4696,TS09AB5173,26
561945067584,INV-4697,TS09AB4076,968
316877049880,INV-4698,TS09AB2323,179
754396023992,INV-4699,TS09AB8016,330
737124052306,INV-4700,TS09AB2911,812
479616882833,INV-4701,TS09AB5834,220
278180613533,INV-4702,TS09AB1109,193
644746644922,INV-4704,TS09AB4889,178
554510004869,INV-4705,TS09AB4140,889
174441204174,INV-4706,TS09AB8570,181
921137477149,INV-4708,TS09AB3466,154
790596689580,INV-4709,TS09AB8524,992
564026951350,INV-4713,TS09AB2875,266
722949163504,INV-4714,TS09AB6604,616
237320970196,INV-4715,TS09AB4376,729
965710722050,INV-4716,TS09AB2449,262
419627901802,INV-4717,TS09AB3321,700
297492855291,INV-4718,TS09AB5641,196
852628865554,INV-4719,TS09AB8416,141
255557776360,INV-4720,TS09AB7809,182
324646467127,INV-4721,TS09AB1928,26
863625384177,INV-4722,TS09AB2022,32
772890419817,INV-4723,TS09AB8168,695
160771888125,INV-4724,TS09AB3995,924
421449786253,INV-4725,TS09AB8533,505
436679131087,INV-4726,TS09AB4982,321
947250189074,INV-4727,TS09AB5596,154
276304734262,INV-4728,TS09AB1871,158
724986419131,INV-4729,TS09AB7425,955
405101603314,INV-4730,TS09AB8496,947
462910619681,INV-4731,TS09AB9650,664
863278745081,INV-4732,TS09AB9217,803
170522156409,INV-4733,TS09AB6069,615
558411880481,INV-4735,TS09AB3793,168
746059605769,INV-4736,TS09AB1682,153
497452796958,INV-4737,TS09AB8355,944
688469044423,INV-4738,TS09AB2172,792
836414275325,INV-4739,TS09AB4494,770
812654063795,INV-4740,TS09AB4454,396
166099311057,INV-4741,TS09AB9892,419
922704783673,INV-4742,TS09AB8633,479
899588680591,INV-4743,TS09AB2628,346
531001702668,INV-4744,TS09AB6530,49
645738592930,INV-4745,TS09AB4316,509
731279682040,INV-4747,TS09AB7842,255
527178746099,INV-4748,TS09AB4384,699
936305011012,INV-4749,TS09AB1030,600
989196775151,INV-4750,TS09AB8774,637
967074169755,INV-4751,TS09AB5977,693
700575358109,INV-4752,TS09AB9063,393
314447065830,INV-4754,TS09AB8134,819
585900159006,INV-4755,TS09AB3720,480
483534426326,INV-4756,TS09AB3375,87
603558409481,INV-4757,TS09AB7529,771
471640465363,INV-4758,TS09AB2884,423
249077333704,INV-4759,TS09AB9259,13
246576929824,INV-4760,TS09AB4315,697
601204864750,INV-4761,TS09AB6655,278
812016366207,INV-4762,TS09AB1066,524
263758841137,INV-4763,TS09AB8476,364
865289526283,INV-4764,TS09AB7301,674
393591467519,INV-4765,TS09AB7899,794
993755272207,INV-4766,TS09AB1395,36
352218147228,INV-4767,TS09AB9798,60
426483346254,INV-4768,TS09AB3672,696
909635098243,INV-4769,TS09AB9028,804
786209982128,INV-4770,TS09AB2516,554
857213826086,INV-4771,TS09AB1205,681
393557793328,INV-4772,TS09AB9782,838
404666918624,INV-4773,TS09AB9030,167
712149015950,INV-4774,TS09AB9117,610
958871859575,INV-4775,TS09AB8646,173
237033359852,INV-4777,TS09AB1285,730
936408483083,INV-4778,TS09AB7925,209
571202711073,INV-4779,TS09AB1730,388
199952910357,INV-4780,TS09AB4507,810
948347509164,INV-4781,TS09AB8896,887
833375769568,INV-4782,TS09AB8593,315
188228337395,INV-4783,TS09AB5994,849
820968595485,INV-4784,TS09AB4985,520
255491845222,INV-4785,TS09AB5654,769
919736996482,INV-4786,TS09AB7204,788
383460029911,INV-4787,TS09AB1652,417
342672814987,INV-4788,TS09AB9679,467
487445649142,INV-4789,TS09AB8369,215
165838018363,INV-4790,TS09AB3965,608
728056654890,INV-4791,TS09AB1306,239
735651124890,INV-4792,TS09AB5918,419
601536367830,INV-4793,TS09AB9182,689
443407029909,INV-4794,TS09AB7042,819
629972595852,INV-4795,TS09AB4531,856
488771366145,INV-4796,TS09AB2247,676
328714010158,INV-4797,TS09AB2384,81
982494859532,INV-4798,TS09AB2966,769
920689734135,INV-4799,TS09AB8592,888
412445633709,INV-4800,TS09AB9466,576
363635647257,INV-4801,TS09AB6110,383
194045168601,INV-4803,TS09AB9807,102
847744488861,INV-4805,TS09AB5067,952
184299914019,INV-4806,TS09AB9177,835
630898348794,INV-4807,TS09AB6650,803
157485181525,INV-4809,TS09AB9624,97
889554702832,INV-4810,TS09AB8830,59
177559769477,INV-4811,TS09AB1181,573
351892342271,INV-4812,TS09AB3488,981
951144768008,INV-4813,TS09AB5431,392
890628523484,INV-4814,TS09AB8592,558
418635530485,INV-4815,TS09AB8945,51
599788518240,INV-4816,TS09AB5514,569
639487984532,INV-4817,TS09AB3908,204
489684543246,INV-4819,TS09AB2519,537
854602192963,INV-4822,TS09AB4537,994
505981282950,INV-4824,TS09AB1739,129
217785083175,INV-4825,TS09AB5247,338
322709533893,INV-4826,TS09AB3955,982
785023438509,INV-4827,TS09AB9202,705
483585502926,INV-4828,TS09AB1705,912
462391401096,INV-4829,TS09AB2146,746
564270973598,INV-4830,TS09AB3983,405
656766347967,INV-4831,TS09AB4206,665
140404448666,INV-4835,TS09AB7146,979
518799263760,INV-4836,TS09AB4389,899
792633639768,INV-4837,TS09AB9502,816
165838232575,INV-4838,TS09AB9635,285
239470234845,INV-4839,TS09AB8047,831
228748879632,INV-4840,TS09AB4577,317
153807573487,INV-4841,TS09AB8817,251
913092194265,INV-4842,TS09AB6494,315
751541359154,INV-4844,TS09AB5984,588
177793513175,INV-4845,TS09AB4486,846
395470516935,INV-4846,TS09AB1249,539
830865528158,INV-4848,TS09AB1733,985
822008541596,INV-4849,TS09AB5349,311
551350744717,INV-4850,TS09AB6416,198
118608314033,INV-4851,TS09AB6216,470
380276177885,INV-4852,TS09AB2849,326
738830458642,INV-4853,TS09AB7022,320
515539381286,INV-4854,TS09AB2035,423
313882425371,INV-4855,TS09AB4775,211
106731771708,INV-4856,TS09AB2600,290
985052143968,INV-4858,TS09AB8480,656
524053108590,INV-4859,TS09AB3509,986
851553745090,INV-4860,TS09AB2299,862
525599475146,INV-4861,TS09AB5415,244
363948462168,INV-4862,TS09AB9062,681
647798739697,INV-4863,TS09AB5849,624
681229383257,INV-4864,TS09AB2673,821
311480346995,INV-4865,TS09AB6358,529
847873858390,INV-4866,TS09AB1184,37
234507238760,INV-4869,TS09AB6343,195
124932557871,INV-4870,TS09AB8501,664
319132840321,INV-4871,TS09AB3269,319
889847918665,INV-4872,TS09AB5546,389
396132463605,INV-4873,TS09AB6100,958
422537041585,INV-4874,TS09AB3327,588
720162967282,INV-4875,TS09AB1020,66
201867945856,INV-4876,TS09AB6625,24
881047071279,INV-4877,TS09AB7397,407
381374594324,INV-4879,TS09AB6996,97
184237821862,INV-4880,TS09AB7822,101
840199702810,INV-4881,TS09AB5916,333
448226251625,INV-4882,TS09AB9921,648
707326158683,INV-4883,TS09AB3731,978
621452101547,INV-4884,TS09AB8195,221
395256642838,INV-4885,TS09AB8973,470
464045207099,INV-4886,TS09AB1758,629
412466966463,INV-4887,TS09AB1384,506
862149634588,INV-4888,TS09AB3408,936
219796072333,INV-4889,TS09AB2833,437
567833391223,INV-4890,TS09AB5170,293
421498707929,INV-4891,TS09AB4353,316
521678257435,INV-4892,TS09AB4191,787
416557609368,INV-4893,TS09AB7344,136
383635433272,INV-4894,TS09AB9669,549
608302694507,INV-4895,TS09AB3131,500
549622102133,INV-4896,TS09AB3672,267
109613463014,INV-4897,TS09AB2596,282
480835317413,INV-4898,TS09AB1578,86
901842094006,INV-4899,TS09AB9880,188
923609043248,INV-4901,TS09AB5925,93
703976792396,INV-4902,TS09AB8115,74
513815160848,INV-4903,TS09AB9677,867
199241149667,INV-4904,TS09AB1254,412
945793247176,INV-4905,TS09AB4190,847
950434460287,INV-4906,TS09AB4981,640
939863628264,INV-4907,TS09AB4865,50
102795785317,INV-4908,TS09AB3046,546
895766602273,INV-4910,TS09AB8110,620
960622049129,INV-4911,TS09AB6687,182
824810398575,INV-4912,TS09AB4337,892
807179806522,INV-4913,TS09AB4218,109
892893644405,INV-4914,TS09AB4685,796
859033464996,INV-4915,TS09AB4572,997
235884824846,INV-4916,TS09AB4644,584
659962746818,INV-4917,TS09AB6058,104
615655292623,INV-4918,TS09AB4393,730
994298338869,INV-4919,TS09AB7011,286
399772893970,INV-4920,TS09AB5549,844
809476411714,INV-4921,TS09AB8275,599
415805472355,INV-4922,TS09AB9864,539
772301140390,INV-4923,TS09AB5679,919
304196675425,INV-4924,TS09AB3533,627
258394900725,INV-4925,TS09AB5414,803
927524695624,INV-4926,TS09AB4548,214
599469538644,INV-4927,TS09AB8963,74
388375527770,INV-4928,TS09AB6960,459
768753356421,INV-4929,TS09AB5637,445
876634920721,INV-4930,TS09AB4908,160
526589269873,INV-4931,TS09AB4035,466
914526264402,INV-4932,TS09AB3576,833
187827863320,INV-4933,TS09AB5127,665
243567283414,INV-4934,TS09AB2230,835
317507763734,INV-4935,TS09AB2378,394
535866769753,INV-4936,TS09AB6521,988
533800745887,INV-4938,TS09AB8478,890
700794396587,INV-4939,TS09AB4801,703
810186454260,INV-4940,TS09AB8746,665
768286777195,INV-4941,TS09AB8734,245
983271069020,INV-4942,TS09AB4460,220
645281749163,INV-4943,TS09AB4641,603
697615660991,INV-4945,TS09AB3648,291
345697609919,INV-4946,TS09AB2227,537
427387474809,INV-4947,TS09AB1123,674
562283874786,INV-4948,TS09AB5435,320
764790405994,INV-4949,TS09AB6390,250
877433480475,INV-4950,TS09AB7783,976
157343710183,INV-4951,TS09AB2811,921
784343758862,INV-4952,TS09AB7505,97
898233369997,INV-4953,TS09AB7629,874
921422413057,INV-4954,TS09AB6452,464
467851312550,INV-4955,TS09AB9908,746
711027889938,INV-4956,TS09AB5000,265
581999114761,INV-4958,TS09AB5765,164
116950772605,INV-4960,TS09AB1198,979
667367123203,INV-4961,TS09AB8880,70
604658627446,INV-4964,TS09AB4886,547
396832856671,INV-4966,TS09AB1582,149
514137427441,INV-4967,TS09AB1093,306
989939927804,INV-4968,TS09AB6881,96
429453582154,INV-4969,TS09AB9356,878
160009727023,INV-4970,TS09AB1253,263
466610479066,INV-4971,TS09AB7212,37
319507716024,INV-4972,TS09AB9229,165
350891340497,INV-4973,TS09AB3534,850
644371662285,INV-4974,TS09AB5923,840
784200888341,INV-4975,TS09AB1548,670
392830143758,INV-4976,TS09AB6020,306
300064886575,INV-4978,TS09AB2951,119
611682755902,INV-4979,TS09AB4173,531
312872923151,INV-4980,TS09AB7049,814
144989269736,INV-4981,TS09AB2676,404
720465375715,INV-4983,TS09AB2456,304
774191822219,INV-4984,TS09AB7205,178
473983966839,INV-4985,TS09AB3262,364
908519467592,INV-4986,TS09AB7286,743
512284934939,INV-4987,TS09AB1772,533
459764677882,INV-4988,TS09AB6503,637
338872300266,INV-4989,TS09AB5140,169
344646573821,INV-4992,TS09AB4091,600
675229201918,INV-4993,TS09AB3675,360
482187097776,INV-4994,TS09AB9499,16
776036720473,INV-4995,TS09AB3201,787
205865354860,INV-4996,TS09AB5353,49
553007367849,INV-4997,TS09AB4155,246
479842939869,INV-4998,TS09AB7472,217
622894504921,INV-5000,TS09AB2799,369
639892973347,INV-5001,TS09AB7796,742
687232866672,INV-5002,TS09AB7767,451
481352490368,INV-5003,TS09AB8023,856
756460738558,INV-5004,TS09AB2739,288
357773499607,INV-5005,TS09AB4543,771
980522291604,INV-5006,TS09AB9612,271
184016603500,INV-5007,TS09AB4003,308
483095074090,INV-5009,TS09AB4958,810
824993369473,INV-5010,TS09AB5781,915
764890264293,INV-5011,TS09AB4621,261
892203447887,INV-5012,TS09AB4605,809
907369476684,INV-5013,TS09AB6575,359
645970268524,INV-5014,TS09AB6638,524
275077999465,INV-5015,TS09AB6255,488
156871600308,INV-5016,TS09AB9348,917
475159369580,INV-5017,TS09AB1877,675
532218306883,INV-5018,TS09AB8543,605
247467736087,INV-5019,TS09AB3248,526
509307297000,INV-5020,TS09AB9358,774
119432433490,INV-5021,TS09AB3176,459
763171568109,INV-5022,TS09AB1694,560
241800666069,INV-5023,TS09AB8614,387
194678137899,INV-5024,TS09AB3821,784
810733111669,INV-5025,TS09AB6313,382
927320576786,INV-5026,TS09AB7279,970
469035843887,INV-5027,TS09AB9283,527
111973027480,INV-5029,TS09AB6498,843
432722558781,INV-5030,TS09AB3424,332
179200115304,INV-5031,TS09AB9409,438
106940566169,INV-5033,TS09AB6255,883
372264488023,INV-5034,TS09AB2931,327
721077441316,INV-5035,TS09AB7083,590
626577925072,INV-5036,TS09AB2276,19
434356502235,INV-5037,TS09AB7283,912
313798968924,INV-5038,TS09AB6013,74
364149421269,INV-5039,TS09AB3537,784
741407281966,INV-5040,TS09AB7846,172
439202234295,INV-5042,TS09AB1673,127
113051096152,INV-5043,TS09AB6663,627
583164560094,INV-5044,TS09AB5435,849
514857280582,INV-5045,TS09AB1874,758
133705990135,INV-5046,TS09AB4860,712
778043441136,INV-5047,TS09AB7329,101
742269869011,INV-5048,TS09AB1730,504
841602107013,INV-5049,TS09AB2971,741
252867450569,INV-5050,TS09AB3679,157
645497106653,INV-5051,TS09AB7986,110
549541476539,INV-5053,TS09AB8733,727
172216886692,INV-5054,TS09AB8266,495
392949390712,INV-5055,TS09AB1095,944
764656986301,INV-5056,TS09AB8753,77
189442143862,INV-5057,TS09AB7978,584
554801554289,INV-5058,TS09AB5136,405
298887409303,INV-5059,TS09AB5076,442
851818258151,INV-5060,TS09AB8839,634
736411125416,INV-5061,TS09AB8008,623
460154452461,INV-5062,TS09AB1290,59
719942718318,INV-5063,TS09AB3701,983
630348821273,INV-5064,TS09AB7718,89
130728193798,INV-5065,TS09AB8477,567
458813937849,INV-5066,TS09AB2260,747
261867941643,INV-5067,TS09AB2438,756
466312687306,INV-5068,TS09AB4935,640
615033490085,INV-5069,TS09AB1010,647
341614712984,INV-5071,TS09AB5322,535
147713282075,INV-5072,TS09AB6681,184
300509591167,INV-5074,TS09AB5515,956
638461748053,INV-5075,TS09AB7956,763
213956507531,INV-5076,TS09AB6609,582
513149548185,INV-5077,TS09AB9680,995
743957143991,INV-5078,TS09AB3439,105
854471448802,INV-5079,TS09AB3540,220
833413736343,INV-5080,TS09AB9130,870
537551112330,INV-5081,TS09AB9991,227
710054496835,INV-5083,TS09AB5901,224
589239697794,INV-5085,TS09AB8574,613
493534124529,INV-5086,TS09AB3572,341
702590411535,INV-5087,TS09AB2983,907
654339083584,INV-5088,TS09AB5884,440
560322770449,INV-5089,TS09AB6512,469
600516214006,INV-5090,TS09AB4218,967
199111831186,INV-5091,TS09AB6529,427
609163611384,INV-5093,TS09AB7018,201
240214896850,INV-5094,TS09AB2805,776
458433074591,INV-5095,TS09AB3928,134
992287292418,INV-5096,TS09AB5338,236
631153322168,INV-5097,TS09AB8960,418
315115951227,INV-5098,TS09AB9932,873
601122829537,INV-5099,TS09AB7130,764
851682022904,INV-5100,TS09AB5906,331
898146371324,INV-5101,TS09AB4372,628
127420652448,INV-5102,TS09AB4381,976
746392860766,INV-5103,TS09AB9195,51
937476029049,INV-5104,TS09AB4049,17
394300049033,INV-5105,TS09AB7202,97
464542325881,INV-5106,TS09AB5600,486
235700899685,INV-5107,TS09AB6591,381
199680665886,INV-5108,TS09AB2120,828
349038439033,INV-5109,TS09AB7849,698
634664229440,INV-5110,TS09AB1109,977
858312889114,INV-5112,TS09AB6575,630
719270566736,INV-5113,TS09AB1661,41
663913596036,INV-5114,TS09AB3142,154
837639687436,INV-5115,TS09AB1004,346
495015406559,INV-5116,TS09AB9263,387
341310234131,INV-5117,TS09AB7796,429
462669282320,INV-5118,TS09AB3628,741
999473624768,INV-5119,TS09AB7979,616
601809927126,INV-5120,TS09AB6478,974
782653817902,INV-5121,TS09AB9512,229
892979784944,INV-5122,TS09AB6821,347
611298538658,INV-5124,TS09AB7453,120
533085390350,INV-5125,TS09AB1706,101
621470378647,INV-5126,TS09AB2613,745
340270825842,INV-5127,TS09AB7134,786
323830314783,INV-5128,TS09AB1626,517
690776759898,INV-5129,TS09AB2937,570
186405976637,INV-5132,TS09AB5657,555
760792440132,INV-5133,TS09AB5389,996
377900529426,INV-5134,TS09AB5597,413
761258951851,INV-5135,TS09AB7879,211
606281910919,INV-5136,TS09AB1526,217
637764488104,INV-5137,TS09AB6484,738
788630927469,INV-5138,TS09AB3910,965
888064333453,INV-5139,TS09AB8082,662
473192340564,INV-5141,TS09AB7142,701
252898375205,INV-5142,TS09AB1560,804
563099014308,INV-5143,TS09AB8107,896
840443484701,INV-5144,TS09AB9957,884
669970530258,INV-5145,TS09AB2148,836
710259523849,INV-5146,TS09AB3692,197
806514619714,INV-5147,TS09AB8326,810
321142076576,INV-5148,TS09AB4092,254
180712451515,INV-5149,TS09AB4169,93
885626713900,INV-5150,TS09AB6858,315
377457494544,INV-5151,TS09AB7909,877
289011403017,INV-5153,TS09AB4426,849
192753089709,INV-5155,TS09AB9536,304
882492887160,INV-5156,TS09AB3336,48
637325349950,INV-5157,TS09AB1403,134
371848606053,INV-5158,TS09AB4895,828
222217797957,INV-5160,TS09AB4150,404
522323948319,INV-5161,TS09AB4312,609
766791232732,INV-5162,TS09AB5923,36
438670025455,INV-5163,TS09AB3769,472
251049128730,INV-5164,TS09AB8582,40
868574361348,INV-5165,TS09AB2013,737
182644820903,INV-5166,TS09AB5945,183
910014120119,INV-5167,TS09AB5866,751
178688764563,INV-5168,TS09AB9879,466
892347693775,INV-5170,TS09AB7096,410
591269661633,INV-5171,TS09AB7156,34
947806299925,INV-5172,TS09AB6017,899
908421968916,INV-5173,TS09AB5308,885
966886517754,INV-5174,TS09AB2478,417
820837247757,INV-5175,TS09AB8070,370
221883817102,INV-5176,TS09AB2048,275
289598054004,INV-5177,TS09AB9101,710
841800033088,INV-5178,TS09AB1570,303
926274378538,INV-5179,TS09AB5254,871
821945239101,INV-5180,TS09AB9229,153
397640519566,INV-5182,TS09AB3809,229
781558713247,INV-5184,TS09AB2938,429
374306025939,INV-5185,TS09AB5874,142
487038826517,INV-5186,TS09AB5178,256
756178448894,INV-5187,TS09AB9310,706
609279819770,INV-5188,TS09AB9169,112
206301807048,INV-5189,TS09AB8018,716
625860182728,INV-5190,TS09AB3075,268
272817867694,INV-5191,TS09AB2543,364
594610278438,INV-5193,TS09AB8285,174
998456496055,INV-5194,TS09AB6574,622
632503262203,INV-5195,TS09AB1907,474
738637029431,INV-5196,TS09AB9263,307
233782103784,INV-5197,TS09AB5253,477
578907317027,INV-5198,TS09AB1114,761
242807366401,INV-5199,TS09AB1386,164
632854876708,INV-5200,TS09AB9885,723
898288941362,INV-5201,TS09AB1495,324
396150395464,INV-5202,TS09AB3193,970
675545814594,INV-5203,TS09AB6317,415
340525987397,INV-5204,TS09AB2784,955
756027544417,INV-5206,TS09AB5926,231
120932147678,INV-5207,TS09AB3114,124
130730511003,INV-5208,TS09AB6154,431
444941758933,INV-5209,TS09AB2020,22
906036396613,INV-5210,TS09AB6681,279
100837704027,INV-5211,TS09AB1239,798
451351911328,INV-5212,TS09AB8419,335
499782584232,INV-5213,TS09AB5832,671
872599907273,INV-5214,TS09AB4134,921
261160576647,INV-5215,TS09AB5494,820
100606539258,INV-5216,TS09AB2801,912
528881611387,INV-5217,TS09AB4279,823
599640774706,INV-5218,TS09AB5671,371
751052042493,INV-5220,TS09AB6848,644
371941502513,INV-5221,TS09AB9385,806
709166002092,INV-5223,TS09AB3610,429
533204220553,INV-5224,TS09AB8067,857
129106877003,INV-5225,TS09AB6320,968
905457542234,INV-5226,TS09AB4511,524
301512354290,INV-5227,TS09AB1208,448
814276482370,INV-5228,TS09AB7923,200
118179199177,INV-5229,TS09AB1348,84
966475126282,INV-5230,TS09AB5236,290
102199172455,INV-5231,TS09AB8009,593
800746099654,INV-5232,TS09AB1445,924
797936907768,INV-5233,TS09AB3803,371
562475391635,INV-5234,TS09AB5455,639
666164926025,INV-5236,TS09AB2891,72
847584832257,INV-5237,TS09AB2228,410
967855064744,INV-5238,TS09AB1801,481
666900995092,INV-5240,TS09AB2709,968
826264015017,INV-5241,TS09AB5899,71
965235077663,INV-5242,TS09AB7961,550
944669357017,INV-5243,TS09AB2440,253
656904460554,INV-5244,TS09AB5629,284
407963306091,INV-5245,TS09AB2288,422
430807528260,INV-5246,TS09AB3945,848
584978652473,INV-5247,TS09AB2409,380
963940375796,INV-5249,TS09AB7980,199
687888556074,INV-5250,TS09AB7898,407
786666102884,INV-5251,TS09AB7058,598
668840178615,INV-5252,TS09AB8989,388
171536902452,INV-5254,TS09AB1170,607
297615200133,INV-5256,TS09AB2588,28
634868493949,INV-5259,TS09AB5616,681
209068680826,INV-5260,TS09AB3233,621
743699913231,INV-5262,TS09AB7866,971
645206955670,INV-5263,TS09AB6696,762
832094518181,INV-5265,TS09AB1441,529
869575003748,INV-5267,TS09AB3679,465
576569860872,INV-5268,TS09AB5895,368
200878569857,INV-5269,TS09AB6656,954
644075862425,INV-5270,TS09AB9635,650
343141479462,INV-5271,TS09AB7947,996
437284162894,INV-5272,TS09AB1086,665
782561088246,INV-5273,TS09AB3538,230
535032933322,INV-5274,TS09AB1661,112
760991213787,INV-5275,TS09AB5965,463
185692712203,INV-5276,TS09AB1695,610
816753098686,INV-5277,TS09AB5478,354
605939464060,INV-5279,TS09AB7651,293
244485019924,INV-5280,TS09AB7145,64
188389727627,INV-5282,TS09AB9011,680
380546511680,INV-5283,TS09AB8051,276
547875625147,INV-5284,TS09AB5129,61
154627344422,INV-5286,TS09AB1411,821
337507918332,INV-5287,TS09AB8394,947
192054222761,INV-5289,TS09AB9431,948
157053661287,INV-5291,TS09AB7601,589
382181624885,INV-5292,TS09AB1230,239
748370733503,INV-5293,TS09AB4343,993
196560585095,INV-5294,TS09AB5407,685
296043761721,INV-5295,TS09AB2117,698
520580582848,INV-5296,TS09AB4038,305
804354699835,INV-5297,TS09AB3036,627
872038715014,INV-5298,TS09AB3944,516
658392714177,INV-5299,TS09AB2326,152
797149676657,INV-5300,TS09AB2562,654
388544792491,INV-5301,TS09AB9301,308
864295970835,INV-5302,TS09AB8150,80
212168252539,INV-5303,TS09AB4084,892
206035211670,INV-5304,TS09AB7635,754
906419547027,INV-5305,TS09AB1839,903
216496711237,INV-5306,TS09AB1942,762
439131895643,INV-5307,TS09AB1108,722
357176445592,INV-5308,TS09AB7561,240
295536054980,INV-5309,TS09AB5907,795
713166890007,INV-5310,TS09AB1458,770
477917070178,INV-5311,TS09AB6587,465
502021911085,INV-5312,TS09AB2480,624
380023399217,INV-5313,TS09AB1302,516
624583330238,INV-5314,TS09AB5958,239
476440557645,INV-5315,TS09AB1503,471
694339545745,INV-5317,TS09AB1935,884
735554056191,INV-5318,TS09AB6349,292
865053313274,INV-5319,TS09AB4816,346
246253448598,INV-5321,TS09AB9536,143
814535712469,INV-5322,TS09AB4241,686
291166830519,INV-5323,TS09AB3651,827
222637798046,INV-5324,TS09AB4940,443
478289140474,INV-5325,TS09AB4800,224
763943403513,INV-5326,TS09AB4245,163
907287232025,INV-5327,TS09AB4440,48
574344881421,INV-5328,TS09AB9981,210
678157607361,INV-5329,TS09AB1260,273
237639026432,INV-5330,TS09AB8606,215
414441995801,INV-5331,TS09AB6691,79
927211150567,INV-5332,TS09AB9769,248
622275348567,INV-5333,TS09AB4815,705
868482792803,INV-5334,TS09AB8109,883
187051898910,INV-5335,TS09AB4078,95
364735168103,INV-5336,TS09AB7132,394
103234155598,INV-5337,TS09AB7791,958
467452625337,INV-5338,TS09AB7311,396
377775609117,INV-5339,TS09AB6213,247
618322211762,INV-5340,TS09AB1145,986
152501652433,INV-5341,TS09AB2190,604
548462289376,INV-5342,TS09AB8006,25
277713445954,INV-5344,TS09AB8480,191
977307173620,INV-5345,TS09AB7616,832
189590704268,INV-5346,TS09AB4582,868
473142971409,INV-5348,TS09AB4692,860
939463289070,INV-5349,TS09AB1485,825
954070199617,INV-5350,TS09AB6531,881
673513674987,INV-5352,TS09AB6422,296
746814538697,INV-5353,TS09AB2108,769
390466252182,INV-5355,TS09AB3416,103
315693568237,INV-5356,TS09AB9989,333
299801016642,INV-5357,TS09AB9254,816
858296359731,INV-5359,TS09AB6363,68
698661851022,INV-5361,TS09AB8989,186
716098236642,INV-5363,TS09AB8403,757
105353288750,INV-5364,TS09AB3886,231
475615268104,INV-5366,TS09AB7700,172
747200948154,INV-5367,TS09AB9023,818
587207719556,INV-5368,TS09AB8899,372
233408255908,INV-5369,TS09AB1004,572
772607306828,INV-5370,TS09AB8815,399
295453885816,INV-5371,TS09AB4396,107
299298426398,INV-5373,TS09AB8332,810
106329217214,INV-5374,TS09AB1510,824
868829546151,INV-5375,TS09AB4352,86
226520474436,INV-5376,TS09AB4269,790
378793574495,INV-5377,TS09AB4941,27
224105645892,INV-5378,TS09AB3408,655
902335133105,INV-5379,TS09AB5691,463
617611706771,INV-5380,TS09AB1913,259
268652508867,INV-5382,TS09AB4324,926
561740334311,INV-5383,TS09AB9183,403
194370942513,INV-5384,TS09AB5891,267
782338723876,INV-5385,TS09AB9268,487
437630789170,INV-5386,TS09AB4444,137
532260781636,INV-5388,TS09AB7017,711
778897650129,INV-5389,TS09AB8138,889
525186975878,INV-5390,TS09AB8744,332
239512209177,INV-5391,TS09AB3496,778
178029259745,INV-5392,TS09AB9088,79
741786440507,INV-5393,TS09AB2192,182
464568316564,INV-5394,TS09AB1250,915
878712429662,INV-5396,TS09AB1161,108
111602994105,INV-5397,TS09AB3150,787
870385267818,INV-5398,TS09AB7811,701
331783769904,INV-5399,TS09AB8386,631
956137708510,INV-5400,TS09AB3011,921
915487887528,INV-5401,TS09AB5314,92
550604728054,INV-5402,TS09AB8574,239
433969074972,INV-5404,TS09AB8325,164
513729981936,INV-5405,TS09AB3332,256
431953886947,INV-5407,TS09AB5265,864
353408924003,INV-5408,TS09AB5840,647
851284670126,INV-5409,TS09AB2672,953
297892347581,INV-5410,TS09AB8005,32
108219880984,INV-5411,TS09AB7683,268
923400995918,INV-5412,TS09AB7470,558
104527062063,INV-5413,TS09AB4554,321
557676317427,INV-5414,TS09AB7508,767
218063178192,INV-5415,TS09AB1194,453
717076372061,INV-5416,TS09AB6067,117
609824371909,INV-5417,TS09AB3085,729
883235270394,INV-5419,TS09AB2444,244
204299352283,INV-5420,TS09AB7044,892
103018752702,INV-5421,TS09AB4545,530
254814138840,INV-5422,TS09AB7287,154
279963671270,INV-5423,TS09AB4333,647
103276554829,INV-5425,TS09AB8140,12
990302210055,INV-5426,TS09AB7506,637
289059592259,INV-5427,TS09AB9353,290
545525221516,INV-5428,TS09AB3712,408
619705811948,INV-5430,TS09AB3284,665
728585966217,INV-5431,TS09AB2830,289
959914126343,INV-5432,TS09AB2348,492
725975921203,INV-5433,TS09AB9587,243
903491597874,INV-5434,TS09AB2134,682
667719948681,INV-5435,TS09AB1713,464
204614757598,INV-5436,TS09AB6086,565
582487984001,INV-5438,TS09AB7641,194
446053121870,INV-5439,TS09AB9565,207
254043819524,INV-5440,TS09AB7839,106
670108962530,INV-5441,TS09AB8750,311
684044063037,INV-5442,TS09AB6594,106
657609373035,INV-5443,TS09AB1060,228
210471242547,INV-5445,TS09AB3455,594
331035573835,INV-5447,TS09AB6180,880
597616045276,INV-5448,TS09AB3027,587
455969963086,INV-5450,TS09AB9820,929
576742078282,INV-5452,TS09AB8502,316
347726194682,INV-5453,TS09AB7097,669
189817196513,INV-5455,TS09AB2425,769
664300329848,INV-5456,TS09AB2921,374
162764455325,INV-5458,TS09AB1472,23
668358718947,INV-5459,TS09AB9826,885
762195468561,INV-5460,TS09AB3624,855
889520291366,INV-5461,TS09AB3175,873
112054243574,INV-5462,TS09AB8197,865
116343718639,INV-5463,TS09AB4321,674
966769126926,INV-5464,TS09AB4618,444
414206261696,INV-5465,TS09AB4900,344
528173078944,INV-5466,TS09AB8033,333
409502732485,INV-5467,TS09AB6744,333
270713062763,INV-5469,TS09AB2149,138
570955653334,INV-5470,TS09AB2642,59
923557495233,INV-5471,TS09AB9904,849
980177064117,INV-5472,TS09AB7045,805
548252692936,INV-5473,TS09AB3037,182
297523925533,INV-5474,TS09AB7850,972
613743549091,INV-5476,TS09AB3085,916
282002690432,INV-5477,TS09AB9614,261
134561444284,INV-5480,TS09AB1214,842
851299504609,INV-5481,TS09AB1788,811
636549774844,INV-5482,TS09AB7564,344
989490730202,INV-5484,TS09AB8261,186
844626178709,INV-5485,TS09AB3277,911
179905074339,INV-5487,TS09AB9931,471
183897958586,INV-5488,TS09AB3795,180
638287408791,INV-5489,TS09AB6824,10
883115295083,INV-5490,TS09AB5231,667
583069445733,INV-5491,TS09AB5363,584
347844009705,INV-5492,TS09AB4908,988
204081942858,INV-5493,TS09AB4752,976
933864237135,INV-5494,TS09AB2150,120
380808679811,INV-5495,TS09AB9341,969
511497379814,INV-5496,TS09AB6051,808
209359867076,INV-5497,TS09AB1105,520
886905318343,INV-5499,TS09AB3959,647
266020208280,INV-5500,TS09AB6172,539
642467070010,INV-5501,TS09AB2666,327
115074633171,INV-5502,TS09AB8197,724
691104478466,INV-5503,TS09AB1117,986
437255359533,INV-5504,TS09AB8602,518
646466924313,INV-5505,TS09AB5914,654
195946132862,INV-5506,TS09AB5585,303
675462712508,INV-5507,TS09AB3700,52
224758771178,INV-5508,TS09AB4190,523
453899131732,INV-5509,TS09AB7686,355
221302648033,INV-5510,TS09AB4471,946
240885136102,INV-5511,TS09AB6419,833
655713586322,INV-5512,TS09AB8647,327
333423232217,INV-5513,TS09AB3940,782
761736175072,INV-5514,TS09AB6757,696
378816357634,INV-5515,TS09AB7810,486
327058930813,INV-5517,TS09AB8711,69
363951803766,INV-5519,TS09AB9136,595
303759908537,INV-5520,TS09AB3489,93
455912170262,INV-5521,TS09AB7777,844
506271177691,INV-5522,TS09AB5017,932
108984416200,INV-5523,TS09AB8306,65
992553075981,INV-5524,TS09AB5201,310
284361435078,INV-5525,TS09AB4957,16
103029244825,INV-5526,TS09AB2846,50
221177019592,INV-5528,TS09AB5576,643
598103201381,INV-5529,TS09AB3552,667
306230136088,INV-5530,TS09AB8291,548
128361473003,INV-5531,TS09AB7851,715
342122566096,INV-5532,TS09AB6770,368
793071488008,INV-5533,TS09AB1518,655
537672331560,INV-5534,TS09AB8064,762
998764631212,INV-5535,TS09AB5669,94
841729436529,INV-5536,TS09AB9798,211
940128636538,INV-5539,TS09AB4776,739
523229218652,INV-5540,TS09AB6194,352
459344495619,INV-5541,TS09AB9305,635
564129196415,INV-5543,TS09AB1646,20
492012731701,INV-5544,TS09AB1278,214
844962548813,INV-5545,TS09AB2742,182
112496732580,INV-5546,TS09AB1843,897
841131052916,INV-5547,TS09AB9028,81
640886330115,INV-5548,TS09AB7012,660
491132261618,INV-5549,TS09AB9134,632
229906860960,INV-5551,TS09AB2123,813
114269338945,INV-5552,TS09AB2147,26
516014914651,INV-5553,TS09AB3263,543
681596258418,INV-5554,TS09AB9388,947
622700596042,INV-5555,TS09AB9978,375
158726576850,INV-5556,TS09AB1067,311
691866914042,INV-5557,TS09AB2075,796
778512878539,INV-5558,TS09AB7057,297
443014817155,INV-5559,TS09AB7818,67
680616672295,INV-5560,TS09AB9795,130
474363389727,INV-5563,TS09AB6077,503
642578305451,INV-5565,TS09AB8388,96
205980565718,INV-5566,TS09AB1794,841
930167336466,INV-5567,TS09AB3792,435
964385282979,INV-5568,TS09AB4485,315
374383418141,INV-5569,TS09AB8220,167
141969015988,INV-5570,TS09AB1401,380
939061847397,INV-5571,TS09AB2179,162
359373470589,INV-5572,TS09AB7379,470
147967954066,INV-5573,TS09AB5125,545
511038271703,INV-5574,TS09AB2284,762
237145798973,INV-5575,TS09AB3119,914
579399052497,INV-5576,TS09AB7028,37
364908836978,INV-5578,TS09AB2082,626
393565280866,INV-5579,TS09AB2097,105
409315093673,INV-5580,TS09AB2570,682
257981705076,INV-5581,TS09AB6326,774
167868343433,INV-5583,TS09AB5678,980
963269615574,INV-5584,TS09AB6823,63
262731892602,INV-5586,TS09AB7424,939
268653691135,INV-5587,TS09AB5637,215
470194036210,INV-5588,TS09AB3198,124
181608228536,INV-5589,TS09AB1698,962
683650252636,INV-5590,TS09AB1337,680
517422323784,INV-5591,TS09AB6822,636
360283790244,INV-5592,TS09AB8605,38
444981687638,INV-5593,TS09AB1765,941
221004114154,INV-5594,TS09AB3329,977
653040657033,INV-5596,TS09AB8423,771
815893334113,INV-5598,TS09AB7660,582
992770483374,INV-5599,TS09AB1126,283
694959592922,INV-5601,TS09AB1869,686
360974515666,INV-5602,TS09AB9163,929
251308722783,INV-5603,TS09AB8941,15
511248196555,INV-5604,TS09AB9471,778
940133767500,INV-5605,TS09AB2460,583
383519394008,INV-5607,TS09AB1660,542
886118521346,INV-5608,TS09AB2798,56
825056586109,INV-5609,TS09AB6539,23
471423753125,INV-5610,TS09AB2722,64
461302445802,INV-5611,TS09AB5122,315
439164757927,INV-5612,TS09AB1186,712
420273098978,INV-5615,TS09AB6253,79
356500051911,INV-5616,TS09AB8703,715
856526067770,INV-5618,TS09AB8996,129
786511908506,INV-5619,TS09AB2865,165
982921998668,INV-5620,TS09AB1342,948
119706523680,INV-5621,TS09AB2611,267
149379637671,INV-5622,TS09AB4801,778
623993060419,INV-5625,TS09AB6756,289
876882475255,INV-5626,TS09AB8281,819
329809843506,INV-5627,TS09AB4419,553
426760988581,INV-5628,TS09AB6775,487
993592530535,INV-5629,TS09AB7221,134
400033420191,INV-5630,TS09AB7346,129
720946100030,INV-5631,TS09AB9202,318
967503308848,INV-5632,TS09AB2002,873
315342946785,INV-5633,TS09AB5593,393
138422612566,INV-5634,TS09AB2905,31
431635793706,INV-5635,TS09AB5643,439
473864829851,INV-5636,TS09AB2468,905
185314027163,INV-5638,TS09AB6412,902
100712198148,INV-5639,TS09AB9881,613
160613112581,INV-5640,TS09AB8888,785
750954387964,INV-5641,TS09AB1274,267
958782667587,INV-5643,TS09AB8958,808
450584398477,INV-5644,TS09AB4108,366
129179857988,INV-5645,TS09AB6848,290
938306226894,INV-5646,TS09AB2981,901
229424277784,INV-5647,TS09AB1175,385
367375199428,INV-5648,TS09AB7962,151
366835886494,INV-5649,TS09AB2190,948
127967546088,INV-5650,TS09AB8067,497
754527185347,INV-5651,TS09AB3604,701
760407401457,INV-5653,TS09AB8687,47
672266076432,INV-5654,TS09AB6757,283
259440804420,INV-5655,TS09AB5048,148
778736981400,INV-5656,TS09AB7088,681
262571655418,INV-5657,TS09AB6345,571
315417460418,INV-5658,TS09AB6579,929
530728447416,INV-5659,TS09AB5910,26
948472043065,INV-5660,TS09AB7596,51
641551904046,INV-5661,TS09AB8369,523
557946405334,INV-5663,TS09AB8151,495
208946603454,INV-5665,TS09AB7026,736
109530357962,INV-5666,TS09AB4573,87
331408070815,INV-5667,TS09AB2207,903
139016512057,INV-5670,TS09AB6930,431
449119230171,INV-5671,TS09AB8706,340
766279591058,INV-5672,TS09AB8251,355
206203723678,INV-5673,TS09AB2053,316
431346816261,INV-5675,TS09AB7504,888
724976867504,INV-5678,TS09AB8280,842
125973330503,INV-5681,TS09AB6655,150
705258237903,INV-5682,TS09AB8279,223
430267469783,INV-5683,TS09AB5069,369
986330218225,INV-5684,TS09AB9254,511
487087849630,INV-5685,TS09AB9844,591
473356352646,INV-5686,TS09AB9462,504
717038077216,INV-5688,TS09AB5474,911
888191735957,INV-5689,TS09AB3582,313
829386434765,INV-5690,TS09AB1459,286
489048131207,INV-5691,TS09AB4007,133
194278502546,INV-5692,TS09AB3569,922
352032326618,INV-5693,TS09AB3003,348
852737611509,INV-5694,TS09AB2462,511
575813411249,INV-5695,TS09AB3569,194
592843690257,INV-5696,TS09AB8681,87
309931557521,INV-5697,TS09AB3379,732
308149841853,INV-5698,TS09AB2896,843
329548622635,INV-5700,TS09AB2781,993
137460440698,INV-5701,TS09AB8117,527
364986201746,INV-5702,TS09AB8485,174
197664386984,INV-5703,TS09AB4858,495
997703633794,INV-5704,TS09AB8688,370
287214253564,INV-5705,TS09AB8709,145
855325881411,INV-5706,TS09AB9897,799
730295119519,INV-5707,TS09AB3453,778
600935764299,INV-5708,TS09AB3805,898
787446929576,INV-5709,TS09AB8773,94
890593801325,INV-5710,TS09AB7944,176
889246238431,INV-5711,TS09AB1347,331
264515501447,INV-5712,TS09AB1240,875
686877607569,INV-5713,TS09AB6713,836
175990749752,INV-5715,TS09AB4087,232
475874208827,INV-5716,TS09AB8166,278
228765047846,INV-5717,TS09AB9829,220
927567547897,INV-5718,TS09AB9285,976
510946396737,INV-5719,TS09AB1039,615
443842005120,INV-5721,TS09AB6459,154
197682826963,INV-5722,TS09AB2864,661
311462355522,INV-5723,TS09AB4927,609
641660011539,INV-5724,TS09AB4057,609
635823478550,INV-5725,TS09AB9059,406
745753895315,INV-5726,TS09AB1949,938
607999561537,INV-5727,TS09AB6335,506
114722513650,INV-5728,TS09AB2016,53
330024088969,INV-5729,TS09AB1296,414
786110083596,INV-5730,TS09AB8639,172
647196831512,INV-5731,TS09AB6747,411
570120023310,INV-5732,TS09AB2892,483
237757464500,INV-5733,TS09AB5333,452
303938050603,INV-5734,TS09AB2960,128
779458695815,INV-5735,TS09AB2739,164
142329535022,INV-5736,TS09AB7073,332
421799461217,INV-5737,TS09AB6304,796
678731604862,INV-5738,TS09AB5409,980
497162356805,INV-5739,TS09AB5745,300
910967441333,INV-5741,TS09AB5177,532
983754631265,INV-5742,TS09AB8764,328
641167706902,INV-5745,TS09AB3445,270
522584394947,INV-5747,TS09AB8666,862
738490519968,INV-5748,TS09AB8846,912
359479112831,INV-5749,TS09AB1494,926
508258160756,INV-5750,TS09AB9865,868
779547371480,INV-5751,TS09AB5136,239
946516306291,INV-5752,TS09AB9749,282
194298504529,INV-5753,TS09AB3703,856
742538027090,INV-5754,TS09AB1211,509
403019133922,INV-5755,TS09AB5864,97
854232302193,INV-5756,TS09AB6392,919
354686101452,INV-5757,TS09AB5907,796
211912017994,INV-5758,TS09AB2438,83
565666674666,INV-5759,TS09AB1118,678
141336575830,INV-5760,TS09AB1854,684
396929312107,INV-5761,TS09AB2049,907
724993988973,INV-5763,TS09AB3821,695
127691422952,INV-5764,TS09AB4056,412
663565140351,INV-5765,TS09AB1276,672
479699514787,INV-5766,TS09AB7712,554
839104791190,INV-5767,TS09AB1185,287
108658286388,INV-5768,TS09AB1640,11
644600227381,INV-5769,TS09AB1818,158
779572734175,INV-5770,TS09AB4832,902
834240028681,INV-5771,TS09AB8964,296
896543888397,INV-5773,TS09AB1622,830
558032391200,INV-5774,TS09AB2493,268
317446784499,INV-5775,TS09AB4339,72
203170771491,INV-5776,TS09AB7356,412
317914390426,INV-5778,TS09AB6870,617
513417590658,INV-5779,TS09AB6785,445
494446596877,INV-5780,TS09AB3358,167
762399615758,INV-5782,TS09AB7498,250
512190054013,INV-5783,TS09AB4773,941
334812939389,INV-5785,TS09AB9623,157
203746300224,INV-5786,TS09AB6308,314
508793847111,INV-5787,TS09AB9730,547
581373548609,INV-5788,TS09AB1087,132
858530293492,INV-5789,TS09AB1910,490
895205299475,INV-5790,TS09AB3452,885
935436899018,INV-5791,TS09AB5533,899
500015756836,INV-5792,TS09AB2369,747
982395537950,INV-5793,TS09AB9470,65
945199255661,INV-5795,TS09AB2465,619
451554633384,INV-5796,TS09AB8378,514
259393266013,INV-5797,TS09AB8291,664
422287667746,INV-5798,TS09AB5469,895
442064713104,INV-5799,TS09AB8241,361
267731302680,INV-5800,TS09AB5250,549
373364677797,INV-5801,TS09AB5844,777
660915742244,INV-5802,TS09AB6084,991
546572495121,INV-5803,TS09AB9774,107
669532415015,INV-5804,TS09AB3066,706
814026583089,INV-5805,TS09AB1697,974
985912582232,INV-5807,TS09AB1013,317
505542368599,INV-5808,TS09AB2254,65
401402346648,INV-5809,TS09AB4964,346
689280202756,INV-5810,TS09AB2590,163
146698456938,INV-5812,TS09AB2911,369
289715210030,INV-5814,TS09AB6961,141
392109308380,INV-5815,TS09AB5456,695
909589756188,INV-5816,TS09AB7838,187
942971686893,INV-5817,TS09AB2319,609
141920406768,INV-5818,TS09AB4570,342
335973411572,INV-5819,TS09AB8473,323
962468039213,INV-5820,TS09AB4210,195
538629062242,INV-5821,TS09AB3195,897
629258982898,INV-5822,TS09AB3336,327
943575619089,INV-5823,TS09AB4877,101
382206376207,INV-5824,TS09AB9476,589
954796158662,INV-5825,TS09AB2058,766
230245915700,INV-5826,TS09AB2917,191
595824773009,INV-5827,TS09AB8900,959
525594219129,INV-5828,TS09AB7342,767
499142568837,INV-5831,TS09AB2290,422
598037822596,INV-5834,TS09AB1313,141
116432209307,INV-5835,TS09AB4435,820
962088013356,INV-5837,TS09AB9645,130
301857329128,INV-5838,TS09AB3189,834
694353515979,INV-5839,TS09AB2379,683
102415174644,INV-5842,TS09AB1703,277
319797980860,INV-5843,TS09AB6175,819
211876422058,INV-5844,TS09AB2647,997
501554279056,INV-5845,TS09AB8175,18
556667614082,INV-5846,TS09AB9049,232
941145530743,INV-5847,TS09AB2716,541
307308618343,INV-5848,TS09AB4322,43
112316749956,INV-5849,TS09AB6511,13
865170214470,INV-5850,TS09AB3449,907
141997562698,INV-5851,TS09AB1509,82
514887186170,INV-5852,TS09AB7965,840
144925098719,INV-5853,TS09AB2050,934
911750463158,INV-5854,TS09AB5066,823
581598657046,INV-5855,TS09AB5054,636
375991496297,INV-5856,TS09AB7773,974
890704654185,INV-5857,TS09AB1608,26
185205077936,INV-5858,TS09AB6348,149
778162290982,INV-5859,TS09AB8667,493
614367901447,INV-5860,TS09AB7097,235
307807930409,INV-5861,TS09AB2351,698
795123714640,INV-5862,TS09AB1107,463
644465516523,INV-5863,TS09AB5296,299
737801647998,INV-5864,TS09AB7565,86
689030645147,INV-5865,TS09AB5112,399
376500785056,INV-5866,TS09AB7745,465
328795413699,INV-5867,TS09AB8704,186
125330445652,INV-5868,TS09AB9090,210
716908954005,INV-5869,TS09AB4395,141
545096801784,INV-5870,TS09AB1299,472
859675870556,INV-5871,TS09AB3059,523
338199427572,INV-5872,TS09AB3566,130
962899784340,INV-5873,TS09AB2117,254
366356574726,INV-5874,TS09AB2976,592
106166056653,INV-5875,TS09AB2557,566
587451876707,INV-5876,TS09AB3779,53
339205822751,INV-5877,TS09AB3645,856
557874382089,INV-5878,TS09AB3632,704
927730852828,INV-5879,TS09AB4212,822
754102014190,INV-5880,TS09AB8915,581
432906822949,INV-5881,TS09AB5569,651
987753481426,INV-5882,TS09AB7802,660
659817737116,INV-5883,TS09AB3578,714
564774377367,INV-5885,TS09AB7129,264
411596299028,INV-5887,TS09AB8665,930
287689162592,INV-5888,TS09AB3177,563
676013878365,INV-5890,TS09AB6356,482
149677190506,INV-5891,TS09AB5812,939
874403266948,INV-5892,TS09AB2369,689
940971752322,INV-5893,TS09AB3217,59
451254615979,INV-5894,TS09AB4872,592
758621516929,INV-5896,TS09AB2860,660
344269334297,INV-5897,TS09AB5513,791
367983025254,INV-5898,TS09AB8047,508
990150932956,INV-5899,TS09AB6015,556
626661873175,INV-5900,TS09AB4400,563
987752718011,INV-5901,TS09AB8344,219
773245264011,INV-5903,TS09AB5053,917
412100223953,INV-5904,TS09AB9945,307
424144580244,INV-5905,TS09AB2285,467
535144346424,INV-5906,TS09AB5724,234
917747902455,INV-5909,TS09AB2792,332
892808850491,INV-5910,TS09AB8603,310
802093635815,INV-5911,TS09AB2534,653
630107552429,INV-5913,TS09AB3418,394
441325126169,INV-5914,TS09AB4332,395
209792228990,INV-5915,TS09AB7611,693
370793048200,INV-5916,TS09AB3768,545
807337094083,INV-5918,TS09AB5424,336
141736020963,INV-5919,TS09AB8336,33
356265630642,INV-5920,TS09AB1493,605
466307846775,INV-5921,TS09AB5759,508
696104939508,INV-5922,TS09AB6551,381
403742548466,INV-5924,TS09AB8250,619
640653926664,INV-5925,TS09AB5566,661
376101885895,INV-5926,TS09AB5413,373
915395709181,INV-5927,TS09AB3531,950
597671376786,INV-5928,TS09AB3617,729
153989122727,INV-5930,TS09AB1964,37
661152173956,INV-5931,TS09AB7631,898
947877261013,INV-5932,TS09AB7893,870
408291059963,INV-5933,TS09AB3275,987
480233865888,INV-5934,TS09AB2162,706
678965380907,INV-5935,TS09AB7718,20
615368933682,INV-5936,TS09AB4287,770
221470410828,INV-5937,TS09AB9800,367
442518763999,INV-5938,TS09AB2605,569
386640338211,INV-5939,TS09AB1182,871
418380368021,INV-5940,TS09AB3436,633
691702229506,INV-5941,TS09AB5370,692
483224030244,INV-5943,TS09AB9310,453
468207216707,INV-5944,TS09AB5962,608
957528191112,INV-5945,TS09AB7798,387
770134918138,INV-5948,TS09AB3464,987
151509209563,INV-5949,TS09AB6814,606
168660362043,INV-5950,TS09AB8712,881
839986828913,INV-5951,TS09AB8702,116
873761645494,INV-5952,TS09AB3871,183
724186922653,INV-5953,TS09AB6007,222
338772736218,INV-5955,TS09AB6426,906
563545201546,INV-5957,TS09AB8027,206
723388743112,INV-5958,TS09AB4334,729
722893670602,INV-5959,TS09AB2108,721
737418187819,INV-5960,TS09AB9871,858
460896438540,INV-5961,TS09AB5010,222
227310743893,INV-5962,TS09AB6336,196
887214471179,INV-5963,TS09AB9212,886
175361408805,INV-5964,TS09AB9022,241
178316464692,INV-5965,TS09AB1745,23
725952366119,INV-5967,TS09AB4204,625
263090915951,INV-5968,TS09AB8398,351
765797452003,INV-5969,TS09AB1162,504
137372336645,INV-5970,TS09AB7963,566
697556236640,INV-5971,TS09AB9551,704
145181720816,INV-5973,TS09AB7905,675
199582236008,INV-5974,TS09AB8026,551
159832858309,INV-5975,TS09AB1097,352
878474976915,INV-5976,TS09AB3910,247
181954633600,INV-5977,TS09AB4718,966
161991608447,INV-5978,TS09AB4417,819
401756257383,INV-5979,TS09AB4509,141
675241884357,INV-5980,TS09AB1488,708
139852426487,INV-5981,TS09AB5955,129
576871614241,INV-5982,TS09AB4541,315
140882038544,INV-5983,TS09AB3187,299
985649882731,INV-5984,TS09AB9654,476
285058725383,INV-5985,TS09AB4659,174
386062754881,INV-5986,TS09AB2360,652
380391927478,INV-5987,TS09AB6763,132
836437986751,INV-5988,TS09AB1674,698
499193615539,INV-5989,TS09AB6185,940
361478516742,INV-5990,TS09AB3953,638
653860865151,INV-5991,TS09AB3619,689
700930215295,INV-5992,TS09AB2819,983
820015145452,INV-5993,TS09AB1783,185
676915063628,INV-5994,TS09AB8962,915
648823525755,INV-5995,TS09AB7321,577
687836356086,INV-5997,TS09AB7820,670
626038005372,INV-5998,TS09AB6477,223
606208424912,INV-5999,TS09AB4581,468
653457265228,INV-6000,TS09AB7424,704
455096735607,INV-6001,TS09AB6400,852
722990068875,INV-6002,TS09AB6665,871
283633401093,INV-6003,TS09AB4145,845
184766326987,INV-6004,TS09AB5498,570
203462647490,INV-6005,TS09AB8924,486
879667571589,INV-6006,TS09AB8132,755
519188923692,INV-6007,TS09AB1807,196
200668889166,INV-6008,TS09AB5874,341
245023773851,INV-6009,TS09AB9240,688
945907503093,INV-6010,TS09AB8638,170
563817290379,INV-6012,TS09AB2420,924
586125556449,INV-6013,TS09AB7387,186
772685431813,INV-6014,TS09AB1869,534
252194805563,INV-6016,TS09AB8762,448
109639492823,INV-6017,TS09AB9949,923
372967188340,INV-6018,TS09AB5299,768
907991043885,INV-6019,TS09AB8347,919
561683950365,INV-6022,TS09AB2816,352
718547703423,INV-6023,TS09AB4536,825
729337226293,INV-6024,TS09AB3938,864
467715818491,INV-6025,TS09AB1500,547
965623454752,INV-6026,TS09AB6777,357
658688027463,INV-6027,TS09AB5871,717
735730903665,INV-6028,TS09AB1492,381
260317646289,INV-6029,TS09AB2753,269
260598067630,INV-6030,TS09AB8378,599
797416823526,INV-6031,TS09AB2574,959
209603656827,INV-6032,TS09AB6247,656
752525145536,INV-6033,TS09AB4759,109
767760850419,INV-6034,TS09AB4960,584
271193026611,INV-6035,TS09AB9537,203
174142941561,INV-6036,TS09AB3887,672
410423176115,INV-6037,TS09AB3819,756
954789735595,INV-6038,TS09AB9322,341
921009195686,INV-6039,TS09AB7152,918
529820697804,INV-6041,TS09AB4320,691
364536689907,INV-6043,TS09AB2685,951
178818090708,INV-6044,TS09AB5378,296
642876783468,INV-6045,TS09AB1158,416
957523710660,INV-6046,TS09AB4549,88
642324821362,INV-6047,TS09AB9546,550
859169859843,INV-6049,TS09AB5492,911
786975579691,INV-6050,TS09AB9085,50
845165475536,INV-6051,TS09AB7201,252
911088199885,INV-6052,TS09AB3056,86
100027815618,INV-6053,TS09AB4727,51
209509737049,INV-6054,TS09AB8165,972
509836850269,INV-6056,TS09AB5463,564
842530829932,INV-6057,TS09AB8739,516
122544596188,INV-6058,TS09AB7922,553
162121503750,INV-6059,TS09AB7623,777
136396958676,INV-6060,TS09AB3788,696
112147123983,INV-6061,TS09AB3142,603
537135646977,INV-6062,TS09AB1399,664
931426923222,INV-6063,TS09AB1244,436
247383658581,INV-6064,TS09AB9790,260
944121648727,INV-6065,TS09AB8328,44
446208638854,INV-6066,TS09AB9726,290
147592575925,INV-6067,TS09AB4549,873
983756112381,INV-6070,TS09AB1388,369
146766568041,INV-6071,TS09AB5405,690
365663083533,INV-6072,TS09AB5058,520
682953058980,INV-6073,TS09AB7716,358
417391213595,INV-6074,TS09AB6150,32
230005849639,INV-6075,TS09AB9720,410
804768577345,INV-6077,TS09AB9710,85
940467374193,INV-6079,TS09AB6824,522
677235002861,INV-6080,TS09AB4555,973
459684154725,INV-6081,TS09AB4279,338
957893145815,INV-6084,TS09AB5590,183
204896546737,INV-6085,TS09AB4597,588
345541539439,INV-6086,TS09AB7187,734
432729662361,INV-6087,TS09AB4307,222
545181735713,INV-6089,TS09AB3451,784
315261807040,INV-6090,TS09AB1206,781
118249382004,INV-6091,TS09AB2302,792
340422438194,INV-6092,TS09AB1935,696
456808704758,INV-6093,TS09AB3109,797
458988629163,INV-6094,TS09AB6930,423
379277454858,INV-6095,TS09AB8303,771
908901348418,INV-6096,TS09AB7642,692
391492279454,INV-6098,TS09AB3949,219
747448388441,INV-6099,TS09AB8420,648
340531402485,INV-6100,TS09AB3339,815
583252441736,INV-6101,TS09AB8196,563
514874575490,INV-6102,TS09AB9100,370
920988053848,INV-6103,TS09AB4749,910
294256558251,INV-6104,TS09AB1085,671
285879073642,INV-6105,TS09AB8714,143
231927929353,INV-6106,TS09AB8279,780
138218330170,INV-6107,TS09AB3014,952
579800147844,INV-6108,TS09AB8296,640
877701609165,INV-6109,TS09AB8792,923
774351076514,INV-6110,TS09AB7549,296
443502621083,INV-6111,TS09AB1985,818
653429386935,INV-6112,TS09AB8280,390
433977687651,INV-6113,TS09AB9533,686
269040446725,INV-6114,TS09AB8042,631
760919025272,INV-6115,TS09AB2107,627
625488390672,INV-6117,TS09AB1545,686
333798269649,INV-6119,TS09AB5069,533
781780344344,INV-6120,TS09AB4731,190
999695911131,INV-6121,TS09AB8418,478
715244265764,INV-6123,TS09AB2678,573
965860149419,INV-6124,TS09AB2358,132
914045457306,INV-6125,TS09AB1081,80
413234441598,INV-6126,TS09AB8721,249
512993014695,INV-6127,TS09AB3488,845
563929772559,INV-6128,TS09AB7353,350
543526156132,INV-6129,TS09AB4918,644
213615161363,INV-6130,TS09AB1560,714
677910574194,INV-6131,TS09AB1939,998
897121668276,INV-6132,TS09AB4384,595
244258463013,INV-6133,TS09AB3073,61
119837332209,INV-6134,TS09AB7400,649
958217055185,INV-6135,TS09AB7028,278
485752768839,INV-6136,TS09AB8051,431
664170582799,INV-6137,TS09AB4760,302
906233427173,INV-6138,TS09AB9024,63
419371083439,INV-6140,TS09AB2070,66
342948539272,INV-6141,TS09AB4466,445
669829281682,INV-6142,TS09AB5905,491
417513883073,INV-6143,TS09AB2082,757
623657937567,INV-6144,TS09AB5080,51
740871626891,INV-6146,TS09AB3826,521
835363298872,INV-6147,TS09AB4111,627
325335706399,INV-6149,TS09AB5686,464
591610857225,INV-6150,TS09AB6510,85
577130112818,INV-6151,TS09AB5723,500
903769596816,INV-6152,TS09AB2651,456
669158216819,INV-6153,TS09AB1217,531
970017475077,INV-6154,TS09AB7566,679
685994470007,INV-6155,TS09AB4198,816
617046400649,INV-6156,TS09AB6248,709
213935538054,INV-6157,TS09AB2899,392
981612074136,INV-6158,TS09AB6153,166
121148406154,INV-6159,TS09AB6263,170
831642580630,INV-6160,TS09AB6030,245
887932762410,INV-6162,TS09AB7596,881
876929349161,INV-6163,TS09AB8794,154
867749646464,INV-6164,TS09AB6575,20
904350752379,INV-6165,TS09AB5777,257
815348730485,INV-6166,TS09AB5848,328
634917179864,INV-6167,TS09AB9472,596
617678392632,INV-6168,TS09AB2354,787
464442617653,INV-6169,TS09AB2732,195
109249190804,INV-6170,TS09AB1859,653
803626389100,INV-6171,TS09AB9175,731
165868607181,INV-6172,TS09AB9897,545
268964911891,INV-6173,TS09AB3087,502
834195409036,INV-6174,TS09AB9812,795
244110946634,INV-6175,TS09AB9063,396
991570401893,INV-6177,TS09AB4988,86
929268508930,INV-6178,TS09AB7958,731
983652191077,INV-6179,TS09AB8279,422
223437041418,INV-6180,TS09AB4868,155
101883184166,INV-6181,TS09AB9931,372
698420592685,INV-6182,TS09AB5750,114
319997926382,INV-6183,TS09AB4767,865
688911119149,INV-6184,TS09AB1886,681
518053413379,INV-6185,TS09AB3301,30
763834361779,INV-6187,TS09AB7721,573
638780815008,INV-6188,TS09AB3904,535
667936094022,INV-6189,TS09AB6543,706
776023255593,INV-6190,TS09AB2137,636
731884259432,INV-6191,TS09AB7584,311
495166760994,INV-6192,TS09AB9511,823
251317007127,INV-6193,TS09AB9132,401
597513916909,INV-6194,TS09AB2672,557
190420221582,INV-6195,TS09AB4977,492
743565785271,INV-6196,TS09AB7880,98
396884992845,INV-6197,TS09AB9085,904
587594843874,INV-6198,TS09AB5815,142
198477655631,INV-6199,TS09AB2798,176
930235913377,INV-6200,TS09AB8679,575
575183906789,INV-6201,TS09AB5306,492
880164393328,INV-6202,TS09AB7133,541
159315886355,INV-6203,TS09AB4910,181
155251043688,INV-6204,TS09AB2127,258
488517843294,INV-6205,TS09AB8815,979
139267263862,INV-6206,TS09AB2233,314
759751364350,INV-6207,TS09AB6963,341
429599277931,INV-6208,TS09AB5974,224
752620218993,INV-6209,TS09AB5465,591
522449109534,INV-6210,TS09AB5112,654
720018785088,INV-6211,TS09AB5613,270
134668214888,INV-6212,TS09AB7856,763
318808432200,INV-6215,TS09AB4308,327
607607927910,INV-6217,TS09AB5787,873
403227169814,INV-6219,TS09AB5969,450
766306707811,INV-6221,TS09AB5873,299
497310873360,INV-6222,TS09AB3324,133
400619803465,INV-6223,TS09AB5074,272
839475275034,INV-6225,TS09AB7261,506
942430018679,INV-6226,TS09AB6147,834
330331107526,INV-6227,TS09AB5548,72
254899177532,INV-6228,TS09AB6590,144
722532766139,INV-6229,TS09AB8013,776
354194525055,INV-6230,TS09AB4284,720
235391495876,INV-6231,TS09AB1005,870
920503102058,INV-6232,TS09AB1499,350
840211175662,INV-6233,TS09AB2339,950
353790786301,INV-6234,TS09AB3140,786
468621349871,INV-6235,TS09AB5677,103
897294571066,INV-6236,TS09AB7105,40
620171636072,INV-6237,TS09AB8012,878
135094125257,INV-6238,TS09AB8768,18
988826449545,INV-6239,TS09AB1471,657
788637347725,INV-6241,TS09AB1921,362
513514758989,INV-6243,TS09AB4320,151
162033915865,INV-6244,TS09AB1759,900
782430285709,INV-6245,TS09AB6937,455
474638106913,INV-6246,TS09AB3125,218
765373122208,INV-6247,TS09AB7161,48
215783553354,INV-6248,TS09AB8682,931
838700527337,INV-6249,TS09AB5109,138
203511091900,INV-6250,TS09AB6731,592
568305730351,INV-6251,TS09AB6568,270
290452291062,INV-6252,TS09AB8034,338
491117780646,INV-6254,TS09AB5836,827
579689588445,INV-6255,TS09AB5274,441
767129880724,INV-6256,TS09AB1932,82
444974307146,INV-6257,TS09AB2161,570
130915659756,INV-6258,TS09AB8948,691
125355688294,INV-6259,TS09AB4296,661
876208208903,INV-6260,TS09AB9953,517
663980520664,INV-6261,TS09AB7081,295
282692329021,INV-6262,TS09AB5770,19
207799176632,INV-6263,TS09AB5284,153
453469572673,INV-6264,TS09AB8202,40
836229578911,INV-6265,TS09AB6047,561
946061209309,INV-6266,TS09AB9064,226
489288940111,INV-6267,TS09AB7902,450
381903598810,INV-6268,TS09AB6724,206
887264993278,INV-6269,TS09AB2191,758
762968863702,INV-6271,TS09AB4388,491
443576400642,INV-6272,TS09AB3512,438
736360539332,INV-6273,TS09AB5517,291
628799239737,INV-6274,TS09AB6858,475
193234315517,INV-6276,TS09AB4506,488
247621172214,INV-6277,TS09AB6793,521
898245748019,INV-6278,TS09AB7344,225
414625219589,INV-6279,TS09AB7322,581
268963667386,INV-6281,TS09AB5527,962
327579184246,INV-6282,TS09AB9977,535
947563458124,INV-6283,TS09AB2421,169
718942952177,INV-6284,TS09AB1094,199
660046971244,INV-6285,TS09AB8246,165
765523099134,INV-6286,TS09AB7971,648
787818839551,INV-6287,TS09AB9395,468
425266009973,INV-6289,TS09AB1727,396
609880911716,INV-6291,TS09AB6721,186
930495604045,INV-6292,TS09AB8397,307
394074756898,INV-6293,TS09AB8906,553
292309169778,INV-6295,TS09AB6001,896
658639693234,INV-6296,TS09AB4015,407
286006278661,INV-6297,TS09AB3029,567
283096109044,INV-6298,TS09AB8201,691
300162642203,INV-6299,TS09AB4559,463
336346151686,INV-6300,TS09AB3789,78
318242804664,INV-6301,TS09AB4068,430
567714589094,INV-6304,TS09AB2765,514
591382162298,INV-6305,TS09AB4360,182
462896022795,INV-6307,TS09AB4914,494
564462835020,INV-6308,TS09AB8238,87
276283586891,INV-6309,TS09AB7424,901
457872102518,INV-6310,TS09AB1055,163
880060531562,INV-6311,TS09AB5999,769
957096436148,INV-6312,TS09AB8413,411
839625498330,INV-6314,TS09AB1309,103
400175493916,INV-6315,TS09AB3812,634
135737265840,INV-6316,TS09AB2264,727
779051542444,INV-6317,TS09AB5040,377
146914747573,INV-6318,TS09AB7701,165
701955914224,INV-6319,TS09AB1730,778
584510287315,INV-6321,TS09AB2958,805
840998633561,INV-6322,TS09AB6943,357
548473251342,INV-6323,TS09AB9098,840
638625154872,INV-6326,TS09AB3411,57
485671594563,INV-6327,TS09AB4423,605
112943008046,INV-6328,TS09AB7891,843
454181630436,INV-6329,TS09AB6161,226
447175568486,INV-6331,TS09AB3425,204
248248994435,INV-6332,TS09AB1788,253
805463070008,INV-6333,TS09AB8785,172
482915701339,INV-6334,TS09AB8373,725
903598358918,INV-6335,TS09AB8407,212
568007082382,INV-6336,TS09AB5915,881
650571825543,INV-6337,TS09AB8540,848
655043978794,INV-6338,TS09AB5096,494
282429758619,INV-6340,TS09AB7627,904
987708313661,INV-6341,TS09AB9120,502
979803960352,INV-6342,TS09AB8046,648
358836601322,INV-6343,TS09AB6451,114
986666716001,INV-6344,TS09AB1848,593
429690169017,INV-6345,TS09AB3239,61
128712292638,INV-6346,TS09AB6703,307
686237634577,INV-6347,TS09AB5483,945
364500444059,INV-6348,TS09AB3511,864
936266314029,INV-6349,TS09AB5677,40
639856508786,INV-6352,TS09AB4526,516
679246655154,INV-6353,TS09AB1495,151
564237619306,INV-6355,TS09AB1662,249
651547680496,INV-6357,TS09AB2691,88
197870583516,INV-6358,TS09AB8275,870
643717996107,INV-6360,TS09AB7078,917
363436922719,INV-6361,TS09AB6907,342
719169334366,INV-6362,TS09AB6270,808
259638706181,INV-6363,TS09AB6573,239
704465085252,INV-6364,TS09AB5134,316
810632989450,INV-6366,TS09AB5141,670
707737914516,INV-6367,TS09AB5984,70
777849250414,INV-6368,TS09AB9834,688
688969556479,INV-6369,TS09AB7199,780
335798072718,INV-6370,TS09AB1715,770
778993570465,INV-6371,TS09AB3516,151
469127337132,INV-6373,TS09AB5716,554
797117265514,INV-6374,TS09AB9456,593
354679880482,INV-6375,TS09AB1533,949
562383790845,INV-6377,TS09AB1494,741
179046066038,INV-6378,TS09AB1504,918
968193235759,INV-6379,TS09AB7873,379
234360078709,INV-6380,TS09AB4942,206
397083239960,INV-6381,TS09AB9987,773
870056473744,INV-6383,TS09AB9647,434
256065264790,INV-6384,TS09AB7808,789
596146183488,INV-6385,TS09AB9025,648
680792024041,INV-6386,TS09AB5618,84
282006810956,INV-6387,TS09AB9610,559
391119758363,INV-6389,TS09AB1063,807
137390502378,INV-6390,TS09AB5413,22
327957552371,INV-6391,TS09AB8586,602
892896931629,INV-6392,TS09AB9925,407
479699886724,INV-6393,TS09AB2400,16
891112126461,INV-6394,TS09AB6093,870
465630760786,INV-6398,TS09AB2374,847
525424762163,INV-6399,TS09AB3398,741
432294143749,INV-6400,TS09AB4922,703
229336577639,INV-6401,TS09AB5395,383
962463555080,INV-6402,TS09AB1934,849
636018478779,INV-6403,TS09AB3080,12
190582778221,INV-6405,TS09AB9520,263
989406273297,INV-6406,TS09AB6298,682
232281709344,INV-6407,TS09AB7251,956
477800388648,INV-6408,TS09AB3000,626
421390680466,INV-6409,TS09AB8023,949
922612723897,INV-6410,TS09AB9755,904
440560033845,INV-6411,TS09AB2339,354
187507850190,INV-6412,TS09AB7957,10
161583623690,INV-6413,TS09AB1343,503
653463549504,INV-6415,TS09AB9485,99
333761613429,INV-6416,TS09AB5851,970
649662165421,INV-6417,TS09AB8100,632
724406956792,INV-6418,TS09AB9178,183
102183123858,INV-6421,TS09AB2828,718
668923236716,INV-6422,TS09AB4713,761
748484189202,INV-6423,TS09AB6613,298
981265237708,INV-6424,TS09AB6736,577
812805822659,INV-6425,TS09AB5363,570
357200226993,INV-6426,TS09AB3024,146
900923190631,INV-6428,TS09AB2665,892
252120891964,INV-6429,TS09AB7574,402
175281639798,INV-6430,TS09AB2987,49
187584771387,INV-6431,TS09AB8171,193
101203032378,INV-6433,TS09AB1413,196
279592632131,INV-6434,TS09AB1226,441
413403001280,INV-6435,TS09AB4350,254
221201946509,INV-6436,TS09AB4560,639
778370279424,INV-6437,TS09AB8476,356
271262420729,INV-6438,TS09AB5134,358
267668501623,INV-6440,TS09AB2986,513
848582466744,INV-6443,TS09AB2897,171
609636433167,INV-6444,TS09AB2607,310
892942891225,INV-6445,TS09AB5346,562
922227638791,INV-6446,TS09AB9105,973
102433506190,INV-6447,TS09AB1132,200
876148191641,INV-6448,TS09AB4224,806
709027319062,INV-6449,TS09AB4541,703
459838376205,INV-6450,TS09AB3148,96
359733376766,INV-6451,TS09AB9451,890
557399293544,INV-6452,TS09AB9150,47
876878739888,INV-6453,TS09AB6961,791
179412923205,INV-6454,TS09AB1316,996
476040291927,INV-6456,TS09AB2458,626
987186025290,INV-6457,TS09AB9737,149
425504339045,INV-6459,TS09AB2061,899
296813869207,INV-6460,TS09AB2277,440
800631853883,INV-6461,TS09AB6374,442
459352688511,INV-6463,TS09AB6897,758
261868209399,INV-6464,TS09AB3995,886
605442432050,INV-6465,TS09AB2862,645
241357126881,INV-6468,TS09AB9405,670
527855087745,INV-6469,TS09AB8054,988
725717497513,INV-6470,TS09AB4817,45
440915603816,INV-6471,TS09AB6303,373
556578046386,INV-6472,TS09AB8569,111
538725193359,INV-6473,TS09AB9991,124
977998618603,INV-6474,TS09AB6338,257
808694256883,INV-6475,TS09AB5915,45
764648467284,INV-6476,TS09AB6576,154
696071655492,INV-6477,TS09AB6771,106
371558831256,INV-6478,TS09AB1691,641
213629290875,INV-6479,TS09AB6049,324
924255612494,INV-6480,TS09AB7278,670
776015835776,INV-6482,TS09AB9596,405
915213586452,INV-6483,TS09AB1365,269
344486729117,INV-6484,TS09AB1617,879
263481960668,INV-6485,TS09AB1858,553
473027037704,INV-6487,TS09AB3870,411
877838557076,INV-6488,TS09AB9587,957
202658754197,INV-6489,TS09AB5172,355
358472046424,INV-6490,TS09AB4161,716
715936283231,INV-6491,TS09AB9520,518
223317602793,INV-6492,TS09AB1950,713
875359572379,INV-6493,TS09AB6983,90
285554528527,INV-6494,TS09AB4439,280
431783590436,INV-6495,TS09AB3464,278
388381695147,INV-6496,TS09AB6263,467
127112698437,INV-6497,TS09AB7291,56
875504190475,INV-6499,TS09AB8197,672
190664071920,INV-6500,TS09AB2569,88
478610686601,INV-6501,TS09AB9124,182
285951304724,INV-6503,TS09AB9658,770
221861851503,INV-6504,TS09AB7805,735
409832587329,INV-6505,TS09AB2338,43
495650327165,INV-6507,TS09AB1709,900
324613693435,INV-6508,TS09AB7259,561
476102538449,INV-6509,TS09AB9950,157
335766029949,INV-6510,TS09AB7297,832
852298845286,INV-6511,TS09AB9069,483
363739120485,INV-6512,TS09AB4448,543
878413150659,INV-6513,TS09AB3109,588
489513160979,INV-6515,TS09AB7422,703
115129275779,INV-6516,TS09AB4055,111
202518579818,INV-6519,TS09AB2892,856
837230750693,INV-6520,TS09AB2090,438
871171137817,INV-6522,TS09AB2449,395
783579666322,INV-6523,TS09AB1752,780
170748842282,INV-6524,TS09AB1472,996
356052559167,INV-6526,TS09AB3523,569
245533103634,INV-6527,TS09AB4614,788
298076356580,INV-6528,TS09AB4208,438
236357876003,INV-6529,TS09AB7627,109
971589834147,INV-6530,TS09AB5093,427
359675598711,INV-6531,TS09AB8359,120
382422947343,INV-6532,TS09AB1335,970
537491238632,INV-6533,TS09AB2521,916
117423143344,INV-6534,TS09AB4508,469
910899473010,INV-6535,TS09AB5478,620
657737473493,INV-6537,TS09AB4155,372
328962431882,INV-6538,TS09AB4924,683
823089767954,INV-6539,TS09AB8832,463
620784693109,INV-6541,TS09AB3265,781
480935697975,INV-6543,TS09AB5078,548
866446911856,INV-6545,TS09AB7471,541
550742006381,INV-6546,TS09AB2982,187
540422520973,INV-6547,TS09AB9777,831
787848613270,INV-6548,TS09AB3272,741
758575383100,INV-6549,TS09AB4240,954
376898715355,INV-6551,TS09AB9669,73
260288181259,INV-6552,TS09AB9409,254
647902431401,INV-6553,TS09AB2413,435
610382551152,INV-6554,TS09AB5593,283
503481356006,INV-6555,TS09AB8386,303
452491629434,INV-6556,TS09AB5264,344
791762694054,INV-6557,TS09AB1172,948
616393009164,INV-6558,TS09AB6184,763
202092083279,INV-6559,TS09AB7341,377
799847333785,INV-6560,TS09AB6027,863
526499237467,INV-6561,TS09AB5940,152
777673175471,INV-6564,TS09AB1204,109
626002970393,INV-6565,TS09AB3364,297
492639708594,INV-6566,TS09AB4078,63
808689776658,INV-6568,TS09AB2895,66
123726493164,INV-6569,TS09AB4508,293
461282402786,INV-6570,TS09AB3313,52
525085179143,INV-6571,TS09AB5094,421
572468477685,INV-6572,TS09AB5325,111
528559377179,INV-6573,TS09AB5364,754
951061232896,INV-6574,TS09AB5022,746
143645713250,INV-6576,TS09AB8979,571
643374263864,INV-6577,TS09AB2819,866
100762830365,INV-6578,TS09AB3744,843
838346035695,INV-6579,TS09AB5292,47
761767020986,INV-6580,TS09AB4730,788
656851307324,INV-6581,TS09AB7164,287
728855526107,INV-6582,TS09AB3114,235
610423868992,INV-6583,TS09AB7464,721
986575159594,INV-6584,TS09AB3144,975
481951347233,INV-6585,TS09AB2290,750
868834097724,INV-6586,TS09AB3228,180
495646030195,INV-6587,TS09AB1961,501
470401323170,INV-6588,TS09AB1441,535
314685785700,INV-6589,TS09AB3559,845
720224572442,INV-6590,TS09AB1943,595
936052892232,INV-6591,TS09AB3051,961
163589197065,INV-6592,TS09AB4376,55
796398187479,INV-6593,TS09AB6176,764
125579995632,INV-6595,TS09AB7619,690
195909206201,INV-6596,TS09AB8078,812
722982506024,INV-6597,TS09AB4889,513
472391937063,INV-6599,TS09AB8169,599
542587931930,INV-6600,TS09AB7169,922
728897671424,INV-6601,TS09AB6817,632
605030127897,INV-6602,TS09AB1672,113
683408148399,INV-6603,TS09AB8867,26
693753192792,INV-6604,TS09AB9289,562
756534819261,INV-6606,TS09AB7733,823
975165729396,INV-6607,TS09AB6725,658
779019330978,INV-6608,TS09AB8520,604
629679750563,INV-6609,TS09AB2713,580
472041118281,INV-6610,TS09AB8418,59
752087121099,INV-6613,TS09AB2076,188
436025218539,INV-6614,TS09AB2601,260
274998220414,INV-6615,TS09AB8649,580
684064394644,INV-6616,TS09AB2572,38
570970262166,INV-6617,TS09AB3045,759
928390864147,INV-6618,TS09AB1154,300
893447633659,INV-6619,TS09AB7130,974
117652803764,INV-6620,TS09AB1318,605
719332575291,INV-6621,TS09AB1041,205
454108998806,INV-6622,TS09AB4496,235
922685782076,INV-6623,TS09AB3880,276
424013599129,INV-6625,TS09AB4494,13
787026668093,INV-6626,TS09AB8333,501
963086683513,INV-6627,TS09AB8731,33
698641735743,INV-6628,TS09AB8603,192
747992478033,INV-6629,TS09AB4194,815
501140486786,INV-6630,TS09AB8935,734
148567807446,INV-6631,TS09AB8305,157
706758532608,INV-6632,TS09AB8228,766
710514900754,INV-6633,TS09AB4675,304
392997734012,INV-6634,TS09AB7876,397
677054428070,INV-6635,TS09AB1468,513
705331389955,INV-6636,TS09AB5588,937
578660377248,INV-6637,TS09AB9024,158
657843087148,INV-6639,TS09AB9340,481
929720168019,INV-6640,TS09AB8908,659
563757113833,INV-6641,TS09AB4874,598
539220494441,INV-6642,TS09AB4333,903
902814974451,INV-6643,TS09AB8445,615
339577017857,INV-6644,TS09AB4799,87
544510000021,INV-6645,TS09AB8903,451
787841786506,INV-6646,TS09AB3213,366
857698162132,INV-6647,TS09AB3328,802
119535040667,INV-6648,TS09AB6943,551
899001129045,INV-6649,TS09AB8449,305
969043653529,INV-6650,TS09AB9654,486
353216360263,INV-6651,TS09AB4450,37
929407136700,INV-6652,TS09AB1477,822
363616847949,INV-6653,TS09AB2270,795
187526503616,INV-6654,TS09AB6242,366
845825382002,INV-6655,TS09AB3008,618
278025429118,INV-6656,TS09AB2897,871
605360634837,INV-6657,TS09AB5089,790
813306089573,INV-6658,TS09AB1101,92
517847864989,INV-6660,TS09AB4241,187
981614989175,INV-6661,TS09AB6294,951
119545272984,INV-6663,TS09AB5819,251
161272743139,INV-6664,TS09AB1206,56
472342014244,INV-6665,TS09AB4569,65
974329963305,INV-6666,TS09AB6434,883
754291169271,INV-6667,TS09AB4473,967
115719360230,INV-6669,TS09AB2991,11
768106295430,INV-6670,TS09AB2460,582
296042256978,INV-6671,TS09AB5750,664
419814711264,INV-6672,TS09AB8259,815
565821032723,INV-6673,TS09AB9727,637
411254847435,INV-6676,TS09AB1049,384
947065974743,INV-6679,TS09AB6229,928
672127431429,INV-6681,TS09AB2000,318
921418757558,INV-6683,TS09AB3424,333
463952901842,INV-6684,TS09AB7774,129
809820846626,INV-6685,TS09AB6456,570
849147430438,INV-6686,TS09AB1601,731
932540495504,INV-6689,TS09AB3673,207
450733180513,INV-6690,TS09AB7356,409
313344946734,INV-6691,TS09AB2506,535
166849639822,INV-6692,TS09AB8417,630
475789962698,INV-6693,TS09AB9287,297
691095719393,INV-6694,TS09AB4912,52
847353304489,INV-6695,TS09AB7353,750
667212546916,INV-6696,TS09AB4335,522
371949520697,INV-6697,TS09AB8926,626
214231818518,INV-6698,TS09AB4807,711
315512900630,INV-6699,TS09AB1557,49
723066801010,INV-6700,TS09AB4342,585
934357296521,INV-6701,TS09AB5054,522
317166740076,INV-6702,TS09AB2237,447
497145753626,INV-6703,TS09AB4028,243
918716961049,INV-6705,TS09AB3064,528
537496715200,INV-6707,TS09AB2385,916
217089216613,INV-6708,TS09AB6936,31
719574226548,INV-6709,TS09AB6166,89
964409897952,INV-6710,TS09AB8791,25
125877715440,INV-6711,TS09AB9723,256
674048881175,INV-6712,TS09AB3473,283
935723623464,INV-6713,TS09AB9223,779
929820717380,INV-6714,TS09AB1983,76
472732902636,INV-6715,TS09AB2845,11
953302327812,INV-6717,TS09AB3531,232
139652419034,INV-6718,TS09AB7515,908
234523494626,INV-6719,TS09AB8189,147
951795997175,INV-6720,TS09AB2198,686
778086034086,INV-6721,TS09AB1732,409
527926991712,INV-6722,TS09AB9795,581
609674321254,INV-6723,TS09AB6635,328
333406951398,INV-6724,TS09AB1559,279
987954120801,INV-6725,TS09AB1050,48
971978997311,INV-6726,TS09AB8186,618
322371377437,INV-6727,TS09AB4182,786
639378398417,INV-6728,TS09AB4545,510
909393232591,INV-6729,TS09AB2539,448
822636800525,INV-6730,TS09AB6910,696
460056392127,INV-6731,TS09AB4992,865
232495998944,INV-6732,TS09AB3365,374
303310463984,INV-6733,TS09AB3380,684
378624453277,INV-6734,TS09AB7307,167
833039224233,INV-6736,TS09AB2268,812
753918664475,INV-6737,TS09AB8349,892
591798545950,INV-6738,TS09AB3728,842
124337542159,INV-6739,TS09AB8561,335
787588174821,INV-6740,TS09AB2874,269
551125208086,INV-6741,TS09AB1232,879
321543553849,INV-6742,TS09AB5170,79
986558846106,INV-6743,TS09AB8867,349
310712745701,INV-6745,TS09AB2422,191
211537455712,INV-6746,TS09AB7777,547
859371933146,INV-6747,TS09AB2823,925
648877355318,INV-6748,TS09AB5447,213
210065684255,INV-6749,TS09AB8050,896
843048857671,INV-6750,TS09AB3081,439
822058238832,INV-6751,TS09AB1470,915
285691485052,INV-6753,TS09AB9086,21
768886446512,INV-6754,TS09AB3121,489
628965260349,INV-6755,TS09AB4702,447
256184990760,INV-6756,TS09AB6794,531
466800333440,INV-6757,TS09AB1153,377
560916925207,INV-6758,TS09AB7945,807
962689681218,INV-6760,TS09AB3712,810
291104131320,INV-6761,TS09AB6940,349
546270159836,INV-6762,TS09AB1497,792
960797551851,INV-6763,TS09AB9164,561
944643480308,INV-6765,TS09AB6763,434
127954727138,INV-6766,TS09AB6772,14
930045419264,INV-6767,TS09AB4928,937
566549521434,INV-6768,TS09AB6636,915
375565198439,INV-6769,TS09AB7663,954
115938913690,INV-6770,TS09AB5829,918
720045308271,INV-6771,TS09AB4021,179
972637376283,INV-6772,TS09AB1084,160
570800650454,INV-6773,TS09AB1700,315
930980289267,INV-6774,TS09AB6878,918
677769852281,INV-6775,TS09AB6572,201
502358840313,INV-6776,TS09AB6698,375
138207341983,INV-6778,TS09AB6271,774
679490045840,INV-6779,TS09AB8641,239
236738144033,INV-6780,TS09AB4379,291
825298930098,INV-6781,TS09AB1712,359
623197533600,INV-6782,TS09AB9853,430
558494961084,INV-6783,TS09AB1052,630
721032275938,INV-6784,TS09AB6436,607
823123590076,INV-6785,TS09AB8622,690
651622523496,INV-6786,TS09AB4008,314
543456910671,INV-6787,TS09AB9303,730
124257618764,INV-6788,TS09AB8901,269
453980529481,INV-6789,TS09AB4178,588
264202449355,INV-6790,TS09AB1379,733
418789812243,INV-6791,TS09AB4278,447
635883179406,INV-6792,TS09AB3237,376
472484044022,INV-6793,TS09AB9495,358
562244407132,INV-6795,TS09AB1915,110
113767631555,INV-6796,TS09AB4878,202
895138467992,INV-6797,TS09AB3784,618
837022276858,INV-6798,TS09AB7197,462
588570844550,INV-6799,TS09AB5062,91
954008926436,INV-6800,TS09AB2598,583
252919780403,INV-6802,TS09AB9166,242
182413305046,INV-6803,TS09AB2836,768
256636553117,INV-6804,TS09AB3447,465
377703409227,INV-6805,TS09AB9518,754
641231726502,INV-6806,TS09AB6592,905
627348829146,INV-6807,TS09AB1157,521
319470845777,INV-6808,TS09AB8851,246
217065817538,INV-6809,TS09AB9295,627
915438908179,INV-6810,TS09AB1838,590
235180690490,INV-6811,TS09AB3068,512
523598439240,INV-6812,TS09AB6130,159
454401887864,INV-6813,TS09AB3712,966
388228134483,INV-6814,TS09AB3797,666
571227992953,INV-6815,TS09AB6638,204
549101296008,INV-6816,TS09AB5262,107
649475565688,INV-6817,TS09AB7133,72
981333324808,INV-6818,TS09AB7686,77
865512125016,INV-6819,TS09AB6386,226
871173731975,INV-6820,TS09AB9978,732
195712257896,INV-6821,TS09AB9694,83
444500455498,INV-6822,TS09AB4423,389
301672084409,INV-6824,TS09AB4229,698
755471737794,INV-6825,TS09AB7295,249
994361109049,INV-6826,TS09AB1744,928
861350212057,INV-6827,TS09AB3221,173
294920973158,INV-6828,TS09AB7812,409
946554701020,INV-6829,TS09AB3026,497
108317544501,INV-6830,TS09AB6593,893
631061502679,INV-6831,TS09AB5385,974
631747517601,INV-6832,TS09AB9430,619
924195117399,INV-6833,TS09AB5325,279
863549450916,INV-6834,TS09AB1721,538
408628636375,INV-6835,TS09AB7695,316
649671007255,INV-6836,TS09AB4186,458
670500094621,INV-6838,TS09AB8803,646
704186158076,INV-6839,TS09AB5305,517
292193510242,INV-6840,TS09AB1527,881
293749968202,INV-6842,TS09AB8317,34
316803217567,INV-6843,TS09AB6410,402
357793276876,INV-6845,TS09AB6021,966
982531357131,INV-6846,TS09AB6576,582
206227595824,INV-6847,TS09AB4226,514
333042480864,INV-6848,TS09AB4486,258
641038700260,INV-6849,TS09AB8418,314
210973606445,INV-6850,TS09AB3443,844
193429397502,INV-6851,TS09AB1625,312
619143956794,INV-6852,TS09AB8721,307
613333625750,INV-6853,TS09AB8953,785
223698021231,INV-6854,TS09AB4593,827
147813493398,INV-6855,TS09AB3628,381
101590431646,INV-6856,TS09AB6203,734
437735668179,INV-6857,TS09AB7166,860
518309000393,INV-6858,TS09AB7431,122
113650502967,INV-6859,TS09AB2625,523
102955634080,INV-6860,TS09AB9010,710
507565865990,INV-6862,TS09AB6626,607
254311281261,INV-6863,TS09AB2698,394
865979647668,INV-6864,TS09AB5170,482
682422709793,INV-6865,TS09AB8501,657
841386894376,INV-6866,TS09AB2484,120
714397045061,INV-6867,TS09AB8317,440
448232069588,INV-6869,TS09AB9922,572
361618248095,INV-6870,TS09AB3626,882
459336472215,INV-6871,TS09AB1927,730
194484178438,INV-6872,TS09AB1725,759
991347706457,INV-6873,TS09AB2701,193
794784194198,INV-6874,TS09AB2284,511
344275084783,INV-6875,TS09AB3835,360
419873131678,INV-6877,TS09AB8806,996
248057508256,INV-6878,TS09AB3402,656
562596694644,INV-6879,TS09AB3002,511
567790509360,INV-6880,TS09AB1095,430
549167836115,INV-6881,TS09AB8576,610
383666956209,INV-6882,TS09AB6425,370
840410619159,INV-6883,TS09AB7557,195
916424055729,INV-6884,TS09AB8832,921
778702393045,INV-6885,TS09AB4985,86
725892195633,INV-6886,TS09AB8200,57
411210472892,INV-6887,TS09AB3005,56
292238419333,INV-6889,TS09AB8834,565
374957577154,INV-6890,TS09AB4391,561
289645212274,INV-6892,TS09AB6839,749
156857295996,INV-6893,TS09AB6932,966
433718876907,INV-6894,TS09AB2834,636
508115153315,INV-6895,TS09AB3474,807
499286349168,INV-6896,TS09AB7591,965
893716137257,INV-6897,TS09AB6892,43
105926819581,INV-6898,TS09AB1791,630
746815318394,INV-6899,TS09AB1818,420
788018300432,INV-6900,TS09AB9183,618
366075963206,INV-6902,TS09AB8458,780
784549441174,INV-6903,TS09AB9259,292
871178664522,INV-6904,TS09AB9043,977
341607939904,INV-6905,TS09AB3631,760
557989574289,INV-6906,TS09AB7473,128
984252781317,INV-6907,TS09AB9457,216
535589623291,INV-6908,TS09AB6940,474
175034940703,INV-6909,TS09AB9320,676
803680328090,INV-6910,TS09AB2168,911
117926438632,INV-6912,TS09AB9684,134
990747050444,INV-6913,TS09AB9618,247
677791442333,INV-6914,TS09AB4097,447
955637171327,INV-6915,TS09AB6632,433
266097606283,INV-6917,TS09AB2694,612
733705852474,INV-6918,TS09AB3064,839
609195000520,INV-6919,TS09AB2478,943
234888385142,INV-6920,TS09AB5939,311
128225528208,INV-6921,TS09AB6840,813
981520706778,INV-6923,TS09AB3470,786
850211238706,INV-6924,TS09AB5899,578
801779351136,INV-6925,TS09AB7896,926
539621673495,INV-6926,TS09AB7709,656
760488635246,INV-6927,TS09AB5248,184
575652914130,INV-6928,TS09AB6671,750
253777132005,INV-6929,TS09AB2563,550
381881463415,INV-6930,TS09AB1748,562
176424728726,INV-6931,TS09AB7721,91
305236685872,INV-6933,TS09AB5481,334
106019406517,INV-6934,TS09AB7572,813
106489987904,INV-6935,TS09AB4057,136
869228807583,INV-6937,TS09AB2194,132
888142688889,INV-6938,TS09AB8785,916
143416599162,INV-6940,TS09AB3006,472
572535556540,INV-6941,TS09AB2825,761
718372409561,INV-6942,TS09AB2077,652
629921763238,INV-6944,TS09AB4367,319
331788435597,INV-6945,TS09AB2677,987
711274571329,INV-6946,TS09AB3832,791
645952456738,INV-6948,TS09AB5780,930
472789246105,INV-6949,TS09AB9720,819
469855173059,INV-6950,TS09AB4926,97
183893932046,INV-6951,TS09AB2885,822
781282317001,INV-6954,TS09AB1426,720
892379278533,INV-6955,TS09AB8013,40
694307067116,INV-6956,TS09AB4233,306
264273565087,INV-6957,TS09AB4564,341
227311176302,INV-6958,TS09AB4103,762
975526305429,INV-6959,TS09AB2920,864
597918459878,INV-6960,TS09AB2303,655
207259297056,INV-6961,TS09AB6802,512
192209332768,INV-6962,TS09AB8411,696
358123583779,INV-6963,TS09AB6836,520
170725457507,INV-6964,TS09AB6500,331
404884466752,INV-6965,TS09AB7705,495
627499749394,INV-6966,TS09AB5154,278
976930583845,INV-6968,TS09AB7421,479
576400287417,INV-6969,TS09AB4194,85
619852556319,INV-6970,TS09AB2439,514
851393462490,INV-6971,TS09AB6868,49
294940106953,INV-6972,TS09AB3181,590
787918881935,INV-6973,TS09AB4608,87
420086409329,INV-6974,TS09AB6106,471
423877589902,INV-6975,TS09AB2012,499
578617806060,INV-6977,TS09AB6578,205
154676852642,INV-6978,TS09AB2838,446
187294820713,INV-6979,TS09AB6870,531
677111546195,INV-6980,TS09AB1232,644
764281367652,INV-6981,TS09AB1024,589
779051343091,INV-6982,TS09AB3641,774
982239298457,INV-6983,TS09AB8293,523
361849812094,INV-6985,TS09AB6176,44
861098035296,INV-6986,TS09AB8385,259
843205762048,INV-6987,TS09AB6255,145
180970455707,INV-6988,TS09AB2468,82
441365983008,INV-6989,TS09AB8720,108
438342391538,INV-6990,TS09AB2895,895
844313186797,INV-6991,TS09AB5082,524
803433188891,INV-6992,TS09AB4793,298
357095827042,INV-6993,TS09AB5491,85
457970606437,INV-6994,TS09AB1690,156
678580670583,INV-6995,TS09AB9777,405
480138865843,INV-6996,TS09AB4796,361
668618019959,INV-6997,TS09AB6817,891
693467902961,INV-6998,TS09AB1448,141
329649528141,INV-6999,TS09AB9793,727
935833980199,INV-7000,TS09AB1452,666
169812715036,INV-7001,TS09AB2376,178
706925968701,INV-7002,TS09AB4429,44
143705129570,INV-7003,TS09AB6851,481
928480198081,INV-7004,TS09AB1048,855
485325421880,INV-7005,TS09AB4701,270
194619419054,INV-7006,TS09AB4112,287
396811145078,INV-7007,TS09AB1367,594
559535706158,INV-7008,TS09AB5842,104
887051918515,INV-7009,TS09AB5052,822
264662549229,INV-7010,TS09AB7585,847
881314762423,INV-7011,TS09AB6980,741
639771436292,INV-7012,TS09AB2731,601
251498992602,INV-7013,TS09AB5159,984
859128567475,INV-7014,TS09AB1675,983
257752235857,INV-7015,TS09AB2156,1000
732221821152,INV-7016,TS09AB7944,274
830905221706,INV-7017,TS09AB7210,557
208310036939,INV-7018,TS09AB3487,258
247066006863,INV-7019,TS09AB4391,766
846589813684,INV-7021,TS09AB5991,224
211278663821,INV-7022,TS09AB9680,226
874278070178,INV-7023,TS09AB4969,199
881594920116,INV-7024,TS09AB2663,216
653883076414,INV-7025,TS09AB7786,760
607009847298,INV-7026,TS09AB3475,681
652739031652,INV-7027,TS09AB7748,345
686602396327,INV-7028,TS09AB9697,848
844845712789,INV-7029,TS09AB1172,116
474181035518,INV-7030,TS09AB2238,164
354100366175,INV-7031,TS09AB7029,331
417927392238,INV-7033,TS09AB7893,822
107576670556,INV-7034,TS09AB3330,630
819225052308,INV-7035,TS09AB2100,109
742144828503,INV-7036,TS09AB9496,55
171046478194,INV-7037,TS09AB5629,295
646593443198,INV-7038,TS09AB1486,304
154986955590,INV-7040,TS09AB9146,23
963196297961,INV-7041,TS09AB3075,208
287927311450,INV-7042,TS09AB7224,406
673971215709,INV-7043,TS09AB4572,602
206398584060,INV-7044,TS09AB6101,254
971500889244,INV-7045,TS09AB6200,908
167356117390,INV-7046,TS09AB3469,631
211917851147,INV-7047,TS09AB5801,694
241085653195,INV-7049,TS09AB1407,343
942026833232,INV-7050,TS09AB7379,97
766566709543,INV-7051,TS09AB3474,415
449620482621,INV-7052,TS09AB6124,933
431030236165,INV-7053,TS09AB1051,759
443438340570,INV-7054,TS09AB9410,759
116547300021,INV-7056,TS09AB6029,41
175710262006,INV-7057,TS09AB1116,659
933534837760,INV-7058,TS09AB8645,969
129876155095,INV-7060,TS09AB1736,535
268478307388,INV-7061,TS09AB6485,936
552860114897,INV-7062,TS09AB1433,58
192384009132,INV-7063,TS09AB8630,573
866892120939,INV-7065,TS09AB9507,587
569724469280,INV-7066,TS09AB6803,721
340182186250,INV-7067,TS09AB8872,655
806880251315,INV-7069,TS09AB1553,416
625615878845,INV-7071,TS09AB3758,187
984807265662,INV-7072,TS09AB3599,844
505096805856,INV-7073,TS09AB7912,871
198518137061,INV-7074,TS09AB7196,781
609584776844,INV-7075,TS09AB8249,386
731325518316,INV-7076,TS09AB1975,33
823342808029,INV-7078,TS09AB3421,99
990983884995,INV-7079,TS09AB2674,636
113154089251,INV-7080,TS09AB9585,606
422328663317,INV-7081,TS09AB6313,860
283167263831,INV-7082,TS09AB8102,274
932669847381,INV-7083,TS09AB6908,200
573796781114,INV-7084,TS09AB9085,611
440652209552,INV-7085,TS09AB4506,247
411633772094,INV-7086,TS09AB6913,551
236286573949,INV-7088,TS09AB7476,367
371788917865,INV-7089,TS09AB7941,656
392658139050,INV-7090,TS09AB9590,335
235608334363,INV-7091,TS09AB1125,682
680789079083,INV-7092,TS09AB7169,598
153228639609,INV-7093,TS09AB1582,995
772512408211,INV-7094,TS09AB5651,610
768072470405,INV-7095,TS09AB6575,549
912517434622,INV-7096,TS09AB8480,624
995455027475,INV-7097,TS09AB3653,919
940599664119,INV-7098,TS09AB4773,995
582949025697,INV-7099,TS09AB7208,956
504144425186,INV-7100,TS09AB1516,652
533622758958,INV-7101,TS09AB9250,528
427925856978,INV-7102,TS09AB6435,507
333224893572,INV-7104,TS09AB9479,129
610535772447,INV-7105,TS09AB6196,710
665210870950,INV-7106,TS09AB4310,687
623444425554,INV-7107,TS09AB9008,70
483619594717,INV-7108,TS09AB6587,620
301831184486,INV-7109,TS09AB6458,81
538476861490,INV-7110,TS09AB6616,380
127579624645,INV-7111,TS09AB8242,357
875857197374,INV-7112,TS09AB6382,858
593460471535,INV-7113,TS09AB1490,447
186492127786,INV-7114,TS09AB7404,418
328634713635,INV-7115,TS09AB5519,195
647795125622,INV-7116,TS09AB8481,221
336744469565,INV-7117,TS09AB2240,747
359947138179,INV-7118,TS09AB8638,122
960625028981,INV-7119,TS09AB6515,748
556239448133,INV-7120,TS09AB5281,163
189613255422,INV-7121,TS09AB6606,339
166077673201,INV-7123,TS09AB9411,915
299275907994,INV-7124,TS09AB7379,310
637205213980,INV-7125,TS09AB1866,832
943146937318,INV-7126,TS09AB7068,524
244489524120,INV-7127,TS09AB4054,281
216875595550,INV-7128,TS09AB2407,606
613003148299,INV-7129,TS09AB6673,218
749613733354,INV-7130,TS09AB6558,449
807039566979,INV-7131,TS09AB1200,73
546737257547,INV-7133,TS09AB2168,601
403295748743,INV-7134,TS09AB1332,684
117995426298,INV-7136,TS09AB4188,376
182104288968,INV-7137,TS09AB8639,612
460343129329,INV-7139,TS09AB6558,144
408999195073,INV-7140,TS09AB4124,989
578775076529,INV-7141,TS09AB7670,495
839099312367,INV-7142,TS09AB7681,72
899097452562,INV-7144,TS09AB8961,603
110526149168,INV-7145,TS09AB5257,640
588707688266,INV-7146,TS09AB7886,67
787306628243,INV-7147,TS09AB8996,191
953971036334,INV-7148,TS09AB7552,112
883007525059,INV-7149,TS09AB4004,771
318538765426,INV-7151,TS09AB8929,738
343574066118,INV-7152,TS09AB2076,71
697018544922,INV-7153,TS09AB1182,83
790012180703,INV-7154,TS09AB5895,508
846319900549,INV-7155,TS09AB8576,353
872687136768,INV-7156,TS09AB3794,362
265357053206,INV-7157,TS09AB1596,597
435403258422,INV-7158,TS09AB9096,273
843583975737,INV-7159,TS09AB6916,242
351564156696,INV-7160,TS09AB8922,24
268136246177,INV-7161,TS09AB6534,754
512152505628,INV-7162,TS09AB7793,552
755807998118,INV-7163,TS09AB7355,764
133785943177,INV-7164,TS09AB5292,657
878063462242,INV-7165,TS09AB7068,870
926364873293,INV-7166,TS09AB5980,387
363411311952,INV-7167,TS09AB6475,249
347461554534,INV-7168,TS09AB1125,299
476088354522,INV-7169,TS09AB4889,305
426922006975,INV-7170,TS09AB3089,59
223421466752,INV-7171,TS09AB4477,154
879834630691,INV-7172,TS09AB1593,138
722696267313,INV-7173,TS09AB9795,861
140105364862,INV-7174,TS09AB8137,796
307683720087,INV-7175,TS09AB8536,608
555518174722,INV-7176,TS09AB1459,662
262307155282,INV-7177,TS09AB2075,551
755668204692,INV-7178,TS09AB2912,619
539829973233,INV-7179,TS09AB3298,168
341286553219,INV-7180,TS09AB2933,872
312053045391,INV-7181,TS09AB7799,634
361770582492,INV-7183,TS09AB6965,681
651497649481,INV-7184,TS09AB5257,575
219770170543,INV-7185,TS09AB6530,422
565527948548,INV-7187,TS09AB3519,97
390707092210,INV-7188,TS09AB4505,309
129251979504,INV-7189,TS09AB5794,165
196330271317,INV-7190,TS09AB8722,949
126822529652,INV-7191,TS09AB1682,589
609610484219,INV-7192,TS09AB9397,489
477823982757,INV-7193,TS09AB6164,931
771118817132,INV-7195,TS09AB1265,14
816512484778,INV-7196,TS09AB3887,203
438126304280,INV-7197,TS09AB2151,427
629459644170,INV-7200,TS09AB1689,344
756060539997,INV-7202,TS09AB5013,678
177754737371,INV-7203,TS09AB2711,707
864239635055,INV-7204,TS09AB7735,420
155243817303,INV-7205,TS09AB6017,303
480648740380,INV-7206,TS09AB2602,316
970845743575,INV-7207,TS09AB8856,77
828442803413,INV-7208,TS09AB5884,683
211588671115,INV-7209,TS09AB9796,408
665838445814,INV-7211,TS09AB7810,357
346572110812,INV-7212,TS09AB5739,559
372039396034,INV-7213,TS09AB9722,220
206667539587,INV-7214,TS09AB4179,843
542990906240,INV-7216,TS09AB6918,300
614246362367,INV-7217,TS09AB3021,609
282131677289,INV-7218,TS09AB9967,47
490508034298,INV-7219,TS09AB8703,495
241439513712,INV-7220,TS09AB2678,25
219559603385,INV-7221,TS09AB9516,754
990139917197,INV-7222,TS09AB1019,703
902276132914,INV-7223,TS09AB5700,890
711950117182,INV-7224,TS09AB2142,564
933838462084,INV-7225,TS09AB2818,377
624591664952,INV-7227,TS09AB3746,952
615493483653,INV-7228,TS09AB1858,861
348222318348,INV-7230,TS09AB5412,662
213002592518,INV-7231,TS09AB7956,68
740914061669,INV-7232,TS09AB5483,984
691748049157,INV-7233,TS09AB3135,621
279465578624,INV-7234,TS09AB7834,422
625373704169,INV-7235,TS09AB5594,844
509645140662,INV-7236,TS09AB6871,21
544851493974,INV-7237,TS09AB1591,734
106528202274,INV-7238,TS09AB1060,454
693831706591,INV-7239,TS09AB6003,528
567619333196,INV-7240,TS09AB5567,872
271616560759,INV-7241,TS09AB8229,177
609268900809,INV-7242,TS09AB6644,12
398645813093,INV-7243,TS09AB7475,71
115505798900,INV-7244,TS09AB8396,483
320113107799,INV-7245,TS09AB2776,157
175058223277,INV-7246,TS09AB4415,166
836732381550,INV-7247,TS09AB2144,40
406799673145,INV-7251,TS09AB6840,873
143522338910,INV-7252,TS09AB8803,194
645851733127,INV-7253,TS09AB4148,599
724536281913,INV-7254,TS09AB7876,196
917018659620,INV-7255,TS09AB8438,540
665140936743,INV-7256,TS09AB2652,995
850874136197,INV-7257,TS09AB3686,598
822031501891,INV-7259,TS09AB2535,629
587397136267,INV-7261,TS09AB3371,610
384049320901,INV-7262,TS09AB9859,955
554683409558,INV-7263,TS09AB9661,434
127979453376,INV-7264,TS09AB7760,998
166272357505,INV-7265,TS09AB9229,686
936945567614,INV-7266,TS09AB2650,337
588340160905,INV-7267,TS09AB6233,956
265126951929,INV-7268,TS09AB5178,701
512434429784,INV-7269,TS09AB3450,166
287302770782,INV-7270,TS09AB5738,815
593471584989,INV-7271,TS09AB1964,112
638497449041,INV-7272,TS09AB8722,231
867968288485,INV-7273,TS09AB6993,371
157327338081,INV-7274,TS09AB5494,910
426727830403,INV-7275,TS09AB4407,356
265259118815,INV-7276,TS09AB7397,407
585701344978,INV-7278,TS09AB5920,578
189102441809,INV-7279,TS09AB5333,432
408160147325,INV-7280,TS09AB3851,706
497555810440,INV-7281,TS09AB2587,385
279410931495,INV-7282,TS09AB3060,802
339437794720,INV-7285,TS09AB1918,560
557802312008,INV-7286,TS09AB9070,222
709303846615,INV-7287,TS09AB7712,545
651805004307,INV-7288,TS09AB3190,808
561595797933,INV-7289,TS09AB8922,747
991854327227,INV-7290,TS09AB7135,806
650011654638,INV-7291,TS09AB7485,180
633277241714,INV-7292,TS09AB8122,633
694953001970,INV-7293,TS09AB4456,709
490491890795,INV-7294,TS09AB1276,862
513050227645,INV-7295,TS09AB7652,485
193099000806,INV-7296,TS09AB9672,38
940152634672,INV-7299,TS09AB5040,949
642430163279,INV-7300,TS09AB2243,946
113714545470,INV-7301,TS09AB7987,303
829161018126,INV-7302,TS09AB6494,720
608076844009,INV-7303,TS09AB4927,757
614610427295,INV-7304,TS09AB6880,682
412297659557,INV-7306,TS09AB7805,62
174836309857,INV-7307,TS09AB1595,811
601621709974,INV-7308,TS09AB8899,440
652316535085,INV-7309,TS09AB8498,722
601236093794,INV-7311,TS09AB7881,575
596447109715,INV-7314,TS09AB2057,527
448268010409,INV-7315,TS09AB6940,405
543319954802,INV-7316,TS09AB7334,537
101306277069,INV-7317,TS09AB1758,320
709683330895,INV-7318,TS09AB3959,864
290500682513,INV-7319,TS09AB7180,90
789252293944,INV-7320,TS09AB5947,308
296969644817,INV-7321,TS09AB1731,387
558144850290,INV-7323,TS09AB7392,605
856918721364,INV-7324,TS09AB8932,805
604804140276,INV-7325,TS09AB8970,369
918446938815,INV-7326,TS09AB3846,708
664601054948,INV-7328,TS09AB3167,109
261623915857,INV-7329,TS09AB7156,258
453268681274,INV-7330,TS09AB8449,273
149701336201,INV-7331,TS09AB8770,620
376580844725,INV-7332,TS09AB7649,329
925885281530,INV-7333,TS09AB8752,286
236287052995,INV-7334,TS09AB5457,892
700523763237,INV-7335,TS09AB8644,100
897225508083,INV-7336,TS09AB9152,12
453906172811,INV-7337,TS09AB2569,935
548832373292,INV-7338,TS09AB1733,207
709611583285,INV-7340,TS09AB4888,993
870575977793,INV-7341,TS09AB2208,640
403753064456,INV-7342,TS09AB7754,558
421498362852,INV-7343,TS09AB1901,133
168464151198,INV-7344,TS09AB4359,628
251164103468,INV-7345,TS09AB2460,83
631599949849,INV-7346,TS09AB2382,338
587226047649,INV-7347,TS09AB3841,363
557336514505,INV-7348,TS09AB9510,386
960885707252,INV-7349,TS09AB5571,422
899798685315,INV-7350,TS09AB4317,260
990399001942,INV-7351,TS09AB1392,577
813798377778,INV-7352,TS09AB8338,436
895821252541,INV-7353,TS09AB3735,252
721457376486,INV-7354,TS09AB4427,825
494480445887,INV-7355,TS09AB7159,734
669758979010,INV-7356,TS09AB5832,247
893152549802,INV-7357,TS09AB2879,928
667674978251,INV-7358,TS09AB9790,964
764210723516,INV-7359,TS09AB8042,441
179094584837,INV-7361,TS09AB3743,864
445661176847,INV-7362,TS09AB1031,995
561202705487,INV-7363,TS09AB5822,409
255752526385,INV-7365,TS09AB3621,470
506994637818,INV-7366,TS09AB8346,97
139322568413,INV-7368,TS09AB9257,307
474585941584,INV-7369,TS09AB8793,554
142742722841,INV-7370,TS09AB8821,728
795283804046,INV-7371,TS09AB3702,22
885373822386,INV-7372,TS09AB3888,473
552115688689,INV-7373,TS09AB7939,277
283571198339,INV-7374,TS09AB6025,255
168282920432,INV-7377,TS09AB2314,647
725584998446,INV-7378,TS09AB7688,636
685377543193,INV-7379,TS09AB8501,129
571369633513,INV-7380,TS09AB7467,300
714838130628,INV-7381,TS09AB5128,446
682126058547,INV-7382,TS09AB1036,874
457051793752,INV-7383,TS09AB7423,496
893549011377,INV-7384,TS09AB6460,619
879703118170,INV-7387,TS09AB9291,956
790536851775,INV-7388,TS09AB2698,209
258311879383,INV-7390,TS09AB4581,759
678485298522,INV-7391,TS09AB7547,409
445476812579,INV-7392,TS09AB4664,271
636621264918,INV-7393,TS09AB2117,71
287699752928,INV-7394,TS09AB1528,872
383585939560,INV-7395,TS09AB2942,596
681671270712,INV-7396,TS09AB9881,738
192255125833,INV-7397,TS09AB9253,88
274394538250,INV-7398,TS09AB8279,353
932118186521,INV-7399,TS09AB6455,568
632651069781,INV-7400,TS09AB2518,727
292707472856,INV-7401,TS09AB8297,397
492216096165,INV-7402,TS09AB4271,367
462675845047,INV-7403,TS09AB1122,66
958525145403,INV-7404,TS09AB6102,57
831833411214,INV-7405,TS09AB3652,785
369269209823,INV-7406,TS09AB2403,397
148015754650,INV-7407,TS09AB9004,912
856534591208,INV-7408,TS09AB1275,681
446605115781,INV-7409,TS09AB9693,161
774398528385,INV-7410,TS09AB6104,137
525034943647,INV-7411,TS09AB2280,541
459558509396,INV-7412,TS09AB6073,351
345548437638,INV-7413,TS09AB2613,803
742684659079,INV-7414,TS09AB9107,772
561210370390,INV-7415,TS09AB4245,40
500667189053,INV-7416,TS09AB5816,190
633684413831,INV-7417,TS09AB2900,614
374147294949,INV-7418,TS09AB4812,416
180708058010,INV-7419,TS09AB4819,934
168137909662,INV-7420,TS09AB8236,314
620015686353,INV-7421,TS09AB9333,788
566647633210,INV-7422,TS09AB2212,365
102039245077,INV-7423,TS09AB8359,986
614920971403,INV-7424,TS09AB5733,639
355127800844,INV-7425,TS09AB6453,452
926521204065,INV-7426,TS09AB8172,540
843462251663,INV-7427,TS09AB2371,717
194309218049,INV-7428,TS09AB2302,119
460978924215,INV-7429,TS09AB2652,882
954860882578,INV-7431,TS09AB4846,260
928850232567,INV-7432,TS09AB7886,526
601880086244,INV-7433,TS09AB4887,759
843067063427,INV-7434,TS09AB9456,557
602681010506,INV-7435,TS09AB3897,470
294902301629,INV-7436,TS09AB7780,626
953285000416,INV-7438,TS09AB4074,749
290104582337,INV-7439,TS09AB9474,752
488604850605,INV-7441,TS09AB3510,698
275398786911,INV-7442,TS09AB8719,350
230146959901,INV-7443,TS09AB7208,898
832503039557,INV-7444,TS09AB1754,433
990720542390,INV-7445,TS09AB9160,324
232490976836,INV-7446,TS09AB1325,649
580463928522,INV-7447,TS09AB3552,998
269583778637,INV-7449,TS09AB6902,825
162237365506,INV-7450,TS09AB7084,111
182826646259,INV-7451,TS09AB6210,900
844763069801,INV-7452,TS09AB1614,459
184309414693,INV-7453,TS09AB8865,346
218722968418,INV-7456,TS09AB4880,222
594786681579,INV-7457,TS09AB8723,874
552650168484,INV-7458,TS09AB1035,606
237974715987,INV-7459,TS09AB8853,428
753351859347,INV-7460,TS09AB5776,152
151150008683,INV-7462,TS09AB6329,751
729025251590,INV-7463,TS09AB5933,440
298298355727,INV-7464,TS09AB6039,723
784034925284,INV-7465,TS09AB6820,467
347335332523,INV-7466,TS09AB8515,762
778402778376,INV-7469,TS09AB6816,161
834567496265,INV-7470,TS09AB1256,469
777418486165,INV-7471,TS09AB8638,16
883379407744,INV-7472,TS09AB7243,372
941862409361,INV-7473,TS09AB3993,687
162659480114,INV-7474,TS09AB5053,252
689617813120,INV-7475,TS09AB5146,651
538041758614,INV-7476,TS09AB7635,700
511953100828,INV-7479,TS09AB8818,420
709527165222,INV-7481,TS09AB5807,512
264980946372,INV-7482,TS09AB6856,205
536221387463,INV-7483,TS09AB2093,360
117961706848,INV-7484,TS09AB5153,765
978987916887,INV-7486,TS09AB7993,328
763309191922,INV-7487,TS09AB6317,639
475105517525,INV-7488,TS09AB8447,42
153241455729,INV-7491,TS09AB2234,788
445639212421,INV-7492,TS09AB2406,528
719366254154,INV-7493,TS09AB8772,97
230189439601,INV-7495,TS09AB8612,607
506655886234,INV-7496,TS09AB8995,524
756534331847,INV-7497,TS09AB2648,724
265944349639,INV-7498,TS09AB5600,931
288522402275,INV-7499,TS09AB1829,598
441636996480,INV-7502,TS09AB4141,701
815642097586,INV-7503,TS09AB2583,456
554419561158,INV-7504,TS09AB1111,551
414000976536,INV-7505,TS09AB4431,92
246292964259,INV-7506,TS09AB4399,897
802280958750,INV-7507,TS09AB7014,398
613545567251,INV-7508,TS09AB9513,172
602569941511,INV-7509,TS09AB4024,728
177932530969,INV-7510,TS09AB6931,438
207367372462,INV-7511,TS09AB7323,699
946481696497,INV-7512,TS09AB1616,591
744947673162,INV-7513,TS09AB7519,459
920776291599,INV-7514,TS09AB6099,124
581348335258,INV-7515,TS09AB5146,548
719258095226,INV-7516,TS09AB5387,351
937719022944,INV-7517,TS09AB2410,578
936345713542,INV-7518,TS09AB3723,405
964884795929,INV-7519,TS09AB5989,602
663678803366,INV-7520,TS09AB3673,194
781353883311,INV-7521,TS09AB9549,970
911813442035,INV-7522,TS09AB7820,334
743477123200,INV-7523,TS09AB2912,889
646329609468,INV-7524,TS09AB3441,925
435917524806,INV-7525,TS09AB7483,875
689408170440,INV-7526,TS09AB8899,94
439387726018,INV-7527,TS09AB6929,389
502866725973,INV-7528,TS09AB8844,203
347050321853,INV-7530,TS09AB9038,706
407227868296,INV-7531,TS09AB7335,932
203292764153,INV-7532,TS09AB7386,28
488368497376,INV-7533,TS09AB1870,664
914497363679,INV-7534,TS09AB5444,471
847779385120,INV-7535,TS09AB6058,173
910557369783,INV-7536,TS09AB3618,933
856964862599,INV-7537,TS09AB4319,782
821550798126,INV-7539,TS09AB9959,322
501574372000,INV-7542,TS09AB4739,879
379714763552,INV-7543,TS09AB7716,997
796204979392,INV-7544,TS09AB7119,827
210458103667,INV-7545,TS09AB7908,145
796714653254,INV-7546,TS09AB9473,852
845221842579,INV-7547,TS09AB3569,990
928471053926,INV-7548,TS09AB2909,181
711026776537,INV-7549,TS09AB3703,994
595950223339,INV-7550,TS09AB5875,191
628191304866,INV-7551,TS09AB2213,606
438015476762,INV-7553,TS09AB7126,702
413699547419,INV-7554,TS09AB7282,408
350377059271,INV-7555,TS09AB8677,475
161834034081,INV-7556,TS09AB6362,437
449307137059,INV-7557,TS09AB6095,556
373222985281,INV-7558,TS09AB5653,954
395538185862,INV-7559,TS09AB5900,280
529109642174,INV-7561,TS09AB6874,816
160252134326,INV-7562,TS09AB3842,171
650019727126,INV-7563,TS09AB6476,30
897804235359,INV-7564,TS09AB7917,834
331956042670,INV-7565,TS09AB1970,705
184903936291,INV-7566,TS09AB1376,588
879176879878,INV-7567,TS09AB7654,966
759220544538,INV-7569,TS09AB8854,800
308742123846,INV-7571,TS09AB1525,295
860524046354,INV-7573,TS09AB7303,117
484385074445,INV-7574,TS09AB2110,773
487643225442,INV-7576,TS09AB6496,503
169096742234,INV-7577,TS09AB3977,239
229522307969,INV-7578,TS09AB9079,80
919888430841,INV-7579,TS09AB2186,418
675188659697,INV-7580,TS09AB3804,665
521572171129,INV-7581,TS09AB4051,831
948582489965,INV-7582,TS09AB8549,561
370494523312,INV-7583,TS09AB1131,586
975662763724,INV-7584,TS09AB6457,825
130724363930,INV-7585,TS09AB4307,144
173120470478,INV-7586,TS09AB3119,743
637523839427,INV-7588,TS09AB1117,222
990198914952,INV-7589,TS09AB3498,901
839050621077,INV-7590,TS09AB5612,423
751278738572,INV-7591,TS09AB7904,989
585574159170,INV-7592,TS09AB7291,699
910661073886,INV-7593,TS09AB1376,864
994275365466,INV-7594,TS09AB7187,471
353570730852,INV-7595,TS09AB5118,773
630318145004,INV-7596,TS09AB3084,423
799306845523,INV-7597,TS09AB9341,992
775975326900,INV-7598,TS09AB6887,689
269449573913,INV-7599,TS09AB6850,241
210537527954,INV-7601,TS09AB9400,325
641235216645,INV-7602,TS09AB3637,149
333265612595,INV-7603,TS09AB4950,384
201216980943,INV-7604,TS09AB7103,683
350283278949,INV-7605,TS09AB2336,750
472615057395,INV-7606,TS09AB6805,657
173266187587,INV-7608,TS09AB4513,190
383704350295,INV-7609,TS09AB3502,683
773903918303,INV-7610,TS09AB5675,382
552492538389,INV-7612,TS09AB3361,159
572911024732,INV-7613,TS09AB3830,49
859799860391,INV-7614,TS09AB5984,379
471015709630,INV-7615,TS09AB6211,118
667047001027,INV-7616,TS09AB4535,849
408007308753,INV-7617,TS09AB1452,894
596205413228,INV-7618,TS09AB5990,525
881740140399,INV-7619,TS09AB7796,217
515748756074,INV-7621,TS09AB9482,79
971936230273,INV-7622,TS09AB6544,455
714011927783,INV-7624,TS09AB6446,15
735463764490,INV-7625,TS09AB2638,506
383350964342,INV-7626,TS09AB4608,312
820296149075,INV-7627,TS09AB6943,739
892023404516,INV-7628,TS09AB5531,954
306974411779,INV-7629,TS09AB4752,555
467590429602,INV-7630,TS09AB8290,140
332992322861,INV-7631,TS09AB2754,499
967923864605,INV-7632,TS09AB9880,509
371282021266,INV-7634,TS09AB1719,765
216936903065,INV-7635,TS09AB5811,195
674986587811,INV-7636,TS09AB5249,376
900884493644,INV-7637,TS09AB9381,434
509436582387,INV-7638,TS09AB8909,858
178132472273,INV-7639,TS09AB6477,984
976757773537,INV-7640,TS09AB4578,401
329769102826,INV-7643,TS09AB7041,312
681389601250,INV-7644,TS09AB2379,299
773622777266,INV-7645,TS09AB9762,500
208842977779,INV-7646,TS09AB1701,685
797162529580,INV-7647,TS09AB3109,798
115781484497,INV-7649,TS09AB3604,757
269683290160,INV-7650,TS09AB6741,753
715253175320,INV-7651,TS09AB6074,203
619709359369,INV-7652,TS09AB3174,583
790222973891,INV-7653,TS09AB5500,734
486425783105,INV-7654,TS09AB8833,124
948126061421,INV-7655,TS09AB9759,774
771580518157,INV-7656,TS09AB9396,966
862024610703,INV-7658,TS09AB4916,308
479406414069,INV-7659,TS09AB5740,679
433613843930,INV-7660,TS09AB4546,562
975827375949,INV-7661,TS09AB1936,382
492212276050,INV-7662,TS09AB7755,616
962521925874,INV-7663,TS09AB2873,487
995902476592,INV-7664,TS09AB4566,664
374798443772,INV-7665,TS09AB4992,389
955563523050,INV-7668,TS09AB1923,479
855981332482,INV-7669,TS09AB9895,927
698436897696,INV-7670,TS09AB2637,581
475175198628,INV-7671,TS09AB4955,527
136892362026,INV-7672,TS09AB6298,945
480784815373,INV-7673,TS09AB7074,525
875718208913,INV-7674,TS09AB1302,467
389256936668,INV-7675,TS09AB1681,569
559660497639,INV-7676,TS09AB7038,130
600300671896,INV-7677,TS09AB7178,239
222473585127,INV-7678,TS09AB4122,615
768893787976,INV-7679,TS09AB3667,672
842838429972,INV-7681,TS09AB9116,60
847535391586,INV-7682,TS09AB2192,580
135112364712,INV-7683,TS09AB7997,299
451170133289,INV-7684,TS09AB7619,469
665582157403,INV-7686,TS09AB1474,20
230769218874,INV-7688,TS09AB2817,277
110894333677,INV-7689,TS09AB2106,782
860521227633,INV-7690,TS09AB3672,374
877802037828,INV-7691,TS09AB2902,841
518266276115,INV-7692,TS09AB8892,521
670807278083,INV-7693,TS09AB1321,248
400394661580,INV-7694,TS09AB6351,536
935910148408,INV-7695,TS09AB2002,110
470043364479,INV-7696,TS09AB5566,314
822105964979,INV-7697,TS09AB9216,850
294461189548,INV-7698,TS09AB3051,883
396476293500,INV-7699,TS09AB7561,529
500880527731,INV-7700,TS09AB5169,29
953550357679,INV-7703,TS09AB5772,228
581266757866,INV-7704,TS09AB9196,986
133167398797,INV-7705,TS09AB6185,668
370516792899,INV-7706,TS09AB3725,113
432115284398,INV-7707,TS09AB3637,248
503734474845,INV-7708,TS09AB4876,956
517752381196,INV-7709,TS09AB7329,33
768400236369,INV-7710,TS09AB2807,699
255260042857,INV-7711,TS09AB6835,640
508635652746,INV-7712,TS09AB6661,154
722734450649,INV-7713,TS09AB8094,677
365698773760,INV-7714,TS09AB5843,733
553327309209,INV-7715,TS09AB7569,862
399011925256,INV-7716,TS09AB6196,596
445637350217,INV-7717,TS09AB1050,148
291075680354,INV-7718,TS09AB2173,553
620040074487,INV-7719,TS09AB5586,691
494706526202,INV-7720,TS09AB9770,492
467432625812,INV-7722,TS09AB5004,939
968261218399,INV-7725,TS09AB8446,48
535571016430,INV-7726,TS09AB4596,328
629803937927,INV-7727,TS09AB7156,938
873052509669,INV-7728,TS09AB9195,562
641533439946,INV-7730,TS09AB2673,509
718039634880,INV-7731,TS09AB7803,93
565716724277,INV-7732,TS09AB4050,65
717599779581,INV-7733,TS09AB1095,102
966891545009,INV-7734,TS09AB2771,202
611437830439,INV-7735,TS09AB8391,471
101821032457,INV-7736,TS09AB3406,589
852635703124,INV-7737,TS09AB3926,515
315773104714,INV-7738,TS09AB6731,204
744840047470,INV-7739,TS09AB7230,468
530287436230,INV-7740,TS09AB8800,185
780251717074,INV-7741,TS09AB5008,55
700431534489,INV-7742,TS09AB4018,120
789514274582,INV-7743,TS09AB4790,163
992105950992,INV-7744,TS09AB4314,72
303952408102,INV-7745,TS09AB4387,682
836176920536,INV-7746,TS09AB5269,502
825424242553,INV-7747,TS09AB7634,51
279148523118,INV-7748,TS09AB4486,189
942013041030,INV-7749,TS09AB9635,602
915896292886,INV-7750,TS09AB2257,561
305504324774,INV-7751,TS09AB8988,745
353544877517,INV-7753,TS09AB4009,696
382415749265,INV-7754,TS09AB5273,999
636836268042,INV-7756,TS09AB5535,326
996763225767,INV-7757,TS09AB6801,13
678019294172,INV-7759,TS09AB8241,879
106992067374,INV-7760,TS09AB4020,440
135313172812,INV-7762,TS09AB5152,331
752878935037,INV-7764,TS09AB5347,49
192495251098,INV-7766,TS09AB3274,503
123965857221,INV-7768,TS09AB5430,78
779522212111,INV-7769,TS09AB3068,397
850987794484,INV-7770,TS09AB9038,688
855146994237,INV-7771,TS09AB8660,688
640840501851,INV-7772,TS09AB3918,556
615657335903,INV-7773,TS09AB2969,807
516469526672,INV-7775,TS09AB7510,381
362207538170,INV-7776,TS09AB5154,772
958390297771,INV-7777,TS09AB9351,65
302638594369,INV-7778,TS09AB5318,159
800091638452,INV-7779,TS09AB8246,85
414447970490,INV-7780,TS09AB8713,316
335131274886,INV-7781,TS09AB5166,230
228361909827,INV-7782,TS09AB9236,652
807575691411,INV-7783,TS09AB5428,863
625052672316,INV-7784,TS09AB5738,228
928651218943,INV-7785,TS09AB4052,279
835321698920,INV-7786,TS09AB7746,78
423361168655,INV-7788,TS09AB7146,425
923348063002,INV-7789,TS09AB7257,42
873121759196,INV-7790,TS09AB1307,337
729164428172,INV-7791,TS09AB1351,387
335271528490,INV-7792,TS09AB9609,468
664403983290,INV-7793,TS09AB1064,191
717077403931,INV-7794,TS09AB6564,233
980434002625,INV-7795,TS09AB7858,606
734745893130,INV-7796,TS09AB9244,973
944435885105,INV-7797,TS09AB7283,920
117980268567,INV-7798,TS09AB3928,492
576978358277,INV-7799,TS09AB9192,424
596323068048,INV-7800,TS09AB2669,401
322475044125,INV-7801,TS09AB8139,46
103769191702,INV-7802,TS09AB7511,554
319532400924,INV-7803,TS09AB3102,648
733428208501,INV-7804,TS09AB5434,756
116172809812,INV-7806,TS09AB3208,13
932498042353,INV-7807,TS09AB7726,697
578223165988,INV-7808,TS09AB8333,455
584785451719,INV-7809,TS09AB5013,336
366464102715,INV-7810,TS09AB1007,263
992336848341,INV-7812,TS09AB9568,403
748148929236,INV-7813,TS09AB3218,615
610361598823,INV-7814,TS09AB5520,565
787515527904,INV-7817,TS09AB4978,494
444212553436,INV-7818,TS09AB7826,962
932608809726,INV-7819,TS09AB6518,623
511162399237,INV-7820,TS09AB7325,786
747320912285,INV-7821,TS09AB6252,627
460256083105,INV-7822,TS09AB2303,767
543102781774,INV-7823,TS09AB7756,936
423988308245,INV-7824,TS09AB9169,218
947732177071,INV-7825,TS09AB3192,549
322990454142,INV-7826,TS09AB9382,194
878070064028,INV-7827,TS09AB3014,653
258354134133,INV-7828,TS09AB3532,975
161558395603,INV-7829,TS09AB1119,338
111932890539,INV-7831,TS09AB9913,589
170146920478,INV-7832,TS09AB3498,528
769494293808,INV-7833,TS09AB6803,398
384300150455,INV-7834,TS09AB7822,307
821720371033,INV-7835,TS09AB4283,325
946160987981,INV-7836,TS09AB7306,999
815598795895,INV-7837,TS09AB8542,911
257642813196,INV-7838,TS09AB3535,843
969231310013,INV-7839,TS09AB9595,465
871558279918,INV-7840,TS09AB9211,308
894662541985,INV-7841,TS09AB8484,279
990556483000,INV-7843,TS09AB2578,793
567269368206,INV-7844,TS09AB2636,985
752996549060,INV-7845,TS09AB8543,648
807963260887,INV-7846,TS09AB3156,676
596877786943,INV-7847,TS09AB5416,554
551672717660,INV-7848,TS09AB9397,571
746748867966,INV-7849,TS09AB1528,926
941124262517,INV-7851,TS09AB3406,93
743708198700,INV-7853,TS09AB4287,303
397826414477,INV-7854,TS09AB6307,149
449229340426,INV-7855,TS09AB3756,97
972263636082,INV-7856,TS09AB6115,326
683622450416,INV-7857,TS09AB6816,613
751380689671,INV-7859,TS09AB8067,647
381653763163,INV-7860,TS09AB9067,916
663993413942,INV-7861,TS09AB6074,325
654333286051,INV-7862,TS09AB8887,859
808467291643,INV-7863,TS09AB6186,716
675104994739,INV-7864,TS09AB3481,195
448490432729,INV-7865,TS09AB4369,142
119353027431,INV-7866,TS09AB2158,288
576984313262,INV-7867,TS09AB2949,206
681125030492,INV-7868,TS09AB9767,401
198000155545,INV-7869,TS09AB8978,442
721961620785,INV-7870,TS09AB3591,184
901832396774,INV-7871,TS09AB2121,730
576789356019,INV-7872,TS09AB4504,58
796863199131,INV-7873,TS09AB1856,806
423490200194,INV-7874,TS09AB2998,444
332082695995,INV-7875,TS09AB7962,554
824889625405,INV-7877,TS09AB2301,182
823859269237,INV-7878,TS09AB1567,875
476720432252,INV-7879,TS09AB9366,612
732097256611,INV-7880,TS09AB8988,972
925269647271,INV-7881,TS09AB5556,612
284268407405,INV-7883,TS09AB9202,965
485778623746,INV-7885,TS09AB8214,56
253292606817,INV-7886,TS09AB2031,874
541135309478,INV-7887,TS09AB6740,791
721824607313,INV-7888,TS09AB3486,365
180884884578,INV-7889,TS09AB8287,504
160876494953,INV-7890,TS09AB9586,25
155732775738,INV-7891,TS09AB6686,684
310559668485,INV-7894,TS09AB3001,688
979705290633,INV-7895,TS09AB9776,856
448564311995,INV-7896,TS09AB9961,887
415526780833,INV-7897,TS09AB2437,349
789716430787,INV-7898,TS09AB5063,203
337328864828,INV-7899,TS09AB3135,931
850370962052,INV-7900,TS09AB1351,342
703679664805,INV-7901,TS09AB6546,852
801470381016,INV-7902,TS09AB8293,333
906012543223,INV-7903,TS09AB5631,419
110735424570,INV-7904,TS09AB1222,596
242520619452,INV-7906,TS09AB5451,980
374892390544,INV-7907,TS09AB5192,836
973076050323,INV-7908,TS09AB3967,82
551302080515,INV-7909,TS09AB6100,213
371114601793,INV-7910,TS09AB5573,207
960351183206,INV-7911,TS09AB7418,606
947432415570,INV-7912,TS09AB9200,311
928919479168,INV-7913,TS09AB5318,371
919337123298,INV-7914,TS09AB6816,794
939876924604,INV-7915,TS09AB8282,284
516352004072,INV-7916,TS09AB5201,447
543563335554,INV-7917,TS09AB7420,337
190732616555,INV-7918,TS09AB1538,564
990205079604,INV-7919,TS09AB6080,732
185175523505,INV-7920,TS09AB9733,231
943998321241,INV-7921,TS09AB2131,41
461068524341,INV-7922,TS09AB7326,496
736795750127,INV-7923,TS09AB8681,430
769721424704,INV-7924,TS09AB2080,538
276373742359,INV-7925,TS09AB5120,166
909229168107,INV-7926,TS09AB3481,952
503471079884,INV-7927,TS09AB2158,453
641119997267,INV-7928,TS09AB6903,818
196904394969,INV-7929,TS09AB6954,38
182425489758,INV-7930,TS09AB7221,847
472658539540,INV-7931,TS09AB8922,217
683676759510,INV-7933,TS09AB7951,292
523706382266,INV-7934,TS09AB9608,140
415172987406,INV-7935,TS09AB7108,559
381145014188,INV-7936,TS09AB5789,154
416610958917,INV-7938,TS09AB7134,231
155948679715,INV-7939,TS09AB4600,696
132242568551,INV-7940,TS09AB6089,645
516012354980,INV-7941,TS09AB6914,598
367573654675,INV-7942,TS09AB3440,599
623937527675,INV-7943,TS09AB8116,213
349010390369,INV-7944,TS09AB4139,67
645757839106,INV-7945,TS09AB6407,842
410718481142,INV-7946,TS09AB3119,483
849735417772,INV-7947,TS09AB5454,100
298003468890,INV-7949,TS09AB4756,16
697320595156,INV-7950,TS09AB3537,190
645837867156,INV-7952,TS09AB4896,17
150119534229,INV-7953,TS09AB7387,687
691402455373,INV-7954,TS09AB6037,53
302466736088,INV-7955,TS09AB9402,810
503356953901,INV-7956,TS09AB2101,468
810872356863,INV-7957,TS09AB7859,294
260585091764,INV-7958,TS09AB7781,138
630561170966,INV-7959,TS09AB9107,771
389345880966,INV-7960,TS09AB6472,661
589110933503,INV-7961,TS09AB8612,251
539488521793,INV-7962,TS09AB5920,353
818529310742,INV-7963,TS09AB4894,854
121150481791,INV-7964,TS09AB7445,267
181837214127,INV-7965,TS09AB8614,190
184637839490,INV-7966,TS09AB6144,37
561062334359,INV-7968,TS09AB9959,551
242844964465,INV-7969,TS09AB6274,544
723704726285,INV-7970,TS09AB9165,648
367995748428,INV-7971,TS09AB8636,120
724355879613,INV-7972,TS09AB7486,627
210397629967,INV-7973,TS09AB2022,724
753897124837,INV-7974,TS09AB7090,303
259995881691,INV-7975,TS09AB9891,867
128274945597,INV-7976,TS09AB8379,409
676636833999,INV-7977,TS09AB3817,346
345760678919,INV-7978,TS09AB5519,710
989288288003,INV-7979,TS09AB6581,243
833698336684,INV-7980,TS09AB1078,86
508994275845,INV-7982,TS09AB6046,688
373556830476,INV-7983,TS09AB7560,585
588279971318,INV-7984,TS09AB3145,234
452484973545,INV-7985,TS09AB3490,89
558829575862,INV-7986,TS09AB3731,959
665279139613,INV-7987,TS09AB9417,601
325499372475,INV-7988,TS09AB1145,844
776457180604,INV-7990,TS09AB2764,683
718659318921,INV-7991,TS09AB4901,530
611565953960,INV-7992,TS09AB2500,315
281957717629,INV-7994,TS09AB1807,1000
371814302584,INV-7995,TS09AB8891,749
399643062773,INV-7996,TS09AB7057,619
696982999086,INV-7997,TS09AB6535,301
203314880635,INV-7999,TS09AB7847,261
983405169129,INV-8000,TS09AB5426,483
400805537720,INV-8002,TS09AB7428,49
828622851211,INV-8004,TS09AB3007,545
652880462665,INV-8007,TS09AB9362,748
561498775512,INV-8008,TS09AB9791,497
343013078748,INV-8009,TS09AB6839,363
226026067390,INV-8010,TS09AB7190,860
931778050606,INV-8012,TS09AB3864,238
330738714778,INV-8013,TS09AB4966,570
515777776930,INV-8014,TS09AB7198,47
383628281640,INV-8015,TS09AB6577,969
738088843185,INV-8016,TS09AB8377,784
461036013641,INV-8017,TS09AB6069,149
659427452672,INV-8018,TS09AB5421,264
270528808008,INV-8019,TS09AB4403,505
452723016450,INV-8020,TS09AB6401,297
309215169209,INV-8021,TS09AB9030,199
749072300078,INV-8022,TS09AB8313,786
406675459697,INV-8024,TS09AB5756,416
351439386790,INV-8026,TS09AB9970,882
268868157006,INV-8028,TS09AB9391,186
808630160066,INV-8029,TS09AB4351,250
996248856410,INV-8031,TS09AB6386,576
963624430149,INV-8032,TS09AB5162,551
100423481597,INV-8034,TS09AB6219,10
353227015971,INV-8035,TS09AB2518,21
182319928390,INV-8036,TS09AB9227,738
434198715457,INV-8038,TS09AB3380,102
398784157428,INV-8039,TS09AB8918,935
464911683004,INV-8042,TS09AB2075,323
470822225372,INV-8043,TS09AB5010,485
125180074934,INV-8044,TS09AB1501,225
709051663776,INV-8045,TS09AB3955,494
564818008248,INV-8046,TS09AB4832,452
254811311482,INV-8047,TS09AB7150,908
739968898247,INV-8049,TS09AB2772,803
734543306177,INV-8051,TS09AB9288,584
479276917050,INV-8052,TS09AB1705,297
501760361595,INV-8053,TS09AB5907,312
339801151825,INV-8054,TS09AB5271,151
888697096788,INV-8055,TS09AB7749,829
956726964308,INV-8057,TS09AB2515,234
369025043771,INV-8058,TS09AB8636,271
541944912427,INV-8059,TS09AB9429,340
215127213796,INV-8060,TS09AB1067,511
743199668958,INV-8061,TS09AB8025,40
460180133990,INV-8062,TS09AB4296,526
825996865744,INV-8064,TS09AB5252,195
869567017955,INV-8065,TS09AB8324,636
815064617241,INV-8067,TS09AB9172,109
316590394600,INV-8068,TS09AB1765,547
461202120289,INV-8069,TS09AB8690,528
444299542885,INV-8070,TS09AB6963,21
644548603271,INV-8071,TS09AB3815,793
131436076995,INV-8072,TS09AB4941,97
675245211103,INV-8073,TS09AB4119,68
634696013736,INV-8076,TS09AB1264,709
608601001690,INV-8077,TS09AB3156,560
261354153159,INV-8078,TS09AB8853,443
533165923635,INV-8079,TS09AB8457,252
826912002355,INV-8081,TS09AB9706,445
270452410941,INV-8082,TS09AB9945,43
560673368055,INV-8083,TS09AB7442,770
460832567191,INV-8084,TS09AB7187,754
970145653546,INV-8085,TS09AB8050,609
795408727529,INV-8086,TS09AB4703,61
415517321003,INV-8087,TS09AB9071,367
440018111015,INV-8088,TS09AB3218,155
203360458967,INV-8090,TS09AB2809,640
963549587043,INV-8091,TS09AB5389,249
789344871509,INV-8092,TS09AB8170,562
698527233422,INV-8094,TS09AB8976,282
529660172810,INV-8095,TS09AB6961,893
544641287583,INV-8097,TS09AB4226,947
235383826432,INV-8098,TS09AB8256,570
199845336160,INV-8099,TS09AB6735,850
994924686863,INV-8100,TS09AB8913,20
106791324982,INV-8101,TS09AB2536,633
448343015234,INV-8102,TS09AB3981,432
710412840611,INV-8103,TS09AB1125,491
459550066748,INV-8104,TS09AB8976,340
530902067138,INV-8105,TS09AB6053,468
237726736875,INV-8106,TS09AB8251,706
858964284882,INV-8107,TS09AB1414,783
206150378509,INV-8108,TS09AB1722,788
175016198566,INV-8109,TS09AB6124,212
543881400437,INV-8110,TS09AB2789,672
504994993538,INV-8111,TS09AB9344,573
971902938841,INV-8112,TS09AB8641,27
481362129675,INV-8113,TS09AB7127,511
264889343362,INV-8114,TS09AB3792,489
510687046120,INV-8115,TS09AB5962,124
375077478743,INV-8116,TS09AB6919,523
833715044927,INV-8117,TS09AB1686,11
100302886499,INV-8118,TS09AB7220,330
504562717669,INV-8119,TS09AB1608,906
235218975853,INV-8120,TS09AB1818,588
837319417112,INV-8121,TS09AB4630,444
578266231764,INV-8122,TS09AB1068,463
959359537853,INV-8123,TS09AB3208,550
966542550245,INV-8124,TS09AB6686,21
354521509065,INV-8125,TS09AB2595,984
333093664316,INV-8128,TS09AB8924,690
384213932113,INV-8130,TS09AB9496,379
789187103623,INV-8131,TS09AB3225,271
663310905404,INV-8132,TS09AB3275,323
392082300901,INV-8133,TS09AB7637,854
658903129818,INV-8134,TS09AB4150,79
975964185485,INV-8135,TS09AB2565,658
357585792463,INV-8136,TS09AB3185,837
636940537566,INV-8138,TS09AB3389,342
681376425585,INV-8140,TS09AB2180,926
142108045587,INV-8141,TS09AB9645,93
518935796451,INV-8142,TS09AB6548,917
890885703421,INV-8143,TS09AB2908,173
351483806293,INV-8144,TS09AB8675,483
225874375500,INV-8145,TS09AB4393,940
751688329266,INV-8146,TS09AB9778,203
911402377868,INV-8147,TS09AB7530,721
216223433539,INV-8148,TS09AB2276,510
408136966756,INV-8149,TS09AB9447,79
606769702336,INV-8151,TS09AB5325,810
730982108026,INV-8153,TS09AB8575,235
464086203033,INV-8154,TS09AB7281,771
746176527053,INV-8157,TS09AB8324,463
224102124573,INV-8158,TS09AB8684,119
949427137803,INV-8160,TS09AB6843,479
519163631267,INV-8161,TS09AB8214,980
469701213758,INV-8162,TS09AB6670,473
282953669837,INV-8163,TS09AB2460,245
978604181617,INV-8164,TS09AB9630,886
797044408445,INV-8166,TS09AB1649,351
454431189919,INV-8167,TS09AB7128,323
589534138240,INV-8168,TS09AB4257,223
614176059218,INV-8169,TS09AB9183,792
693262208374,INV-8170,TS09AB8118,89
901613190883,INV-8171,TS09AB8291,295
397931921393,INV-8172,TS09AB8672,16
643683412963,INV-8174,TS09AB8021,663
991117544283,INV-8175,TS09AB6159,941
425924092914,INV-8176,TS09AB3457,231
850590301834,INV-8177,TS09AB4073,25
396004213278,INV-8178,TS09AB6839,10
710986733772,INV-8179,TS09AB4977,30
447114490817,INV-8180,TS09AB9189,948
345414763052,INV-8181,TS09AB3022,67
488394452384,INV-8182,TS09AB3242,751
520266262956,INV-8183,TS09AB2616,591
519661317516,INV-8184,TS09AB2934,621
150340413855,INV-8185,TS09AB6063,722
991171141762,INV-8186,TS09AB5424,806
708635665903,INV-8187,TS09AB9092,841
381547327733,INV-8188,TS09AB3793,616
177755104342,INV-8189,TS09AB1910,292
978280010706,INV-8190,TS09AB2615,496
143569879821,INV-8191,TS09AB1887,696
907409369747,INV-8192,TS09AB5919,802
947879606976,INV-8193,TS09AB4402,458
736293245559,INV-8194,TS09AB9200,748
813248618448,INV-8195,TS09AB4129,482
599624799015,INV-8196,TS09AB2825,407
359130336568,INV-8197,TS09AB6851,780
842752948036,INV-8198,TS09AB8482,637
333486788722,INV-8199,TS09AB9655,545
336033543814,INV-8200,TS09AB8534,294
116123182396,INV-8201,TS09AB7559,272
390712959239,INV-8203,TS09AB4959,188
584175977802,INV-8204,TS09AB6525,353
874806771225,INV-8205,TS09AB5223,400
796619158220,INV-8206,TS09AB5422,885
529616154109,INV-8207,TS09AB5631,16
334938301342,INV-8209,TS09AB8749,933
741898672427,INV-8210,TS09AB6959,857
148746001880,INV-8211,TS09AB5551,804
219412891266,INV-8212,TS09AB1664,250
570604866171,INV-8213,TS09AB7155,245
333003526144,INV-8214,TS09AB9710,410
933035632920,INV-8216,TS09AB4765,325
457723845323,INV-8217,TS09AB4474,766
514779242696,INV-8218,TS09AB3590,550
104686644592,INV-8219,TS09AB4546,997
451328530340,INV-8220,TS09AB6393,229
453445580622,INV-8221,TS09AB8098,628
231762299708,INV-8222,TS09AB4521,353
454972358961,INV-8223,TS09AB2198,406
775062004051,INV-8224,TS09AB6474,379
782598530058,INV-8226,TS09AB9475,202
283480053837,INV-8227,TS09AB5258,834
363752333671,INV-8229,TS09AB4080,262
354680932289,INV-8230,TS09AB3378,990
145918450147,INV-8231,TS09AB6353,311
968076315843,INV-8232,TS09AB3678,380
219394212469,INV-8233,TS09AB8757,793
676288238311,INV-8234,TS09AB6947,889
115043285847,INV-8235,TS09AB2041,295
863282000974,INV-8236,TS09AB9956,407
235627716202,INV-8237,TS09AB9600,718
992666870686,INV-8238,TS09AB6696,774
855179379251,INV-8240,TS09AB9538,74
856641915460,INV-8241,TS09AB9743,373
112478337810,INV-8242,TS09AB5022,356
266062248167,INV-8243,TS09AB9568,660
673010632882,INV-8244,TS09AB8665,604
549721603550,INV-8245,TS09AB9150,915
872850572676,INV-8246,TS09AB3612,206
629336952338,INV-8247,TS09AB9209,344
837279593379,INV-8248,TS09AB3632,273
864670542580,INV-8249,TS09AB9067,396
810440177305,INV-8250,TS09AB3603,469
611872665531,INV-8251,TS09AB5156,451
830636279410,INV-8252,TS09AB3638,283
434763610518,INV-8253,TS09AB3150,107
167880391731,INV-8254,TS09AB6854,284
760494104697,INV-8256,TS09AB4718,227
966700556228,INV-8257,TS09AB6225,176
922518454663,INV-8258,TS09AB6771,320
332914510924,INV-8259,TS09AB9488,548
709552315829,INV-8260,TS09AB9655,41
339492707621,INV-8261,TS09AB1432,398
830986864991,INV-8262,TS09AB8030,227
318244940208,INV-8263,TS09AB1744,574
500359864502,INV-8264,TS09AB7332,775
285789134345,INV-8265,TS09AB4981,757
976846329361,INV-8269,TS09AB5149,558
584542778386,INV-8270,TS09AB3870,573
523539025994,INV-8272,TS09AB1430,75
668072098712,INV-8273,TS09AB5265,238
457233368184,INV-8275,TS09AB5028,785
869174169183,INV-8276,TS09AB9796,516
859051543775,INV-8277,TS09AB3756,172
408372411879,INV-8280,TS09AB9070,869
965354615318,INV-8282,TS09AB6547,248
509446014386,INV-8283,TS09AB7248,572
633273034336,INV-8284,TS09AB2631,981
515472161549,INV-8286,TS09AB5519,589
830534409291,INV-8288,TS09AB5534,798
749644612496,INV-8290,TS09AB8664,325
432901311812,INV-8291,TS09AB2199,577
145541849218,INV-8292,TS09AB6338,872
217447888763,INV-8293,TS09AB4705,496
835783539882,INV-8294,TS09AB9560,224
709067615654,INV-8296,TS09AB6905,87
296886656244,INV-8297,TS09AB3840,163
503862409948,INV-8298,TS09AB8448,373
481649423766,INV-8300,TS09AB8983,510
374385175065,INV-8301,TS09AB7751,973
919391643573,INV-8303,TS09AB5365,146
989392700840,INV-8304,TS09AB1326,139
176918673419,INV-8305,TS09AB5592,370
816703919018,INV-8306,TS09AB4186,830
936484269836,INV-8307,TS09AB9528,593
613280178090,INV-8308,TS09AB9316,901
163305033178,INV-8309,TS09AB5136,676
621646361995,INV-8310,TS09AB4621,169
308297944014,INV-8311,TS09AB9332,341
645245550302,INV-8312,TS09AB3993,160
262651365244,INV-8313,TS09AB3099,267
226123946300,INV-8314,TS09AB7980,498
225123369233,INV-8315,TS09AB7378,767
273851451775,INV-8316,TS09AB1128,440
127410095439,INV-8317,TS09AB4522,639
287916640320,INV-8318,TS09AB9714,676
975314078966,INV-8319,TS09AB9572,801
351720142753,INV-8320,TS09AB8156,369
387042683671,INV-8321,TS09AB6701,175
309370311117,INV-8322,TS09AB3734,181
718082043492,INV-8323,TS09AB3742,711
171036572403,INV-8325,TS09AB8976,726
982667370215,INV-8326,TS09AB8021,523
628985961272,INV-8327,TS09AB4670,585
941697279628,INV-8328,TS09AB2853,47
691401629244,INV-8329,TS09AB1026,459
590826520974,INV-8330,TS09AB8278,640
267384405570,INV-8331,TS09AB1942,958
736377064930,INV-8332,TS09AB7713,38
816166245666,INV-8333,TS09AB3728,217
159823244052,INV-8335,TS09AB4566,607
168368987525,INV-8336,TS09AB2869,384
100279550501,INV-8337,TS09AB7785,378
354912312800,INV-8338,TS09AB1819,71
818151866189,INV-8339,TS09AB6737,68
279060160062,INV-8340,TS09AB8639,943
209078048194,INV-8341,TS09AB8824,809
578937847140,INV-8342,TS09AB2385,36
663982620442,INV-8343,TS09AB3170,958
160507663402,INV-8344,TS09AB6474,770
144949557648,INV-8345,TS09AB9418,956
540276797332,INV-8348,TS09AB3231,362
931997642849,INV-8349,TS09AB5565,624
288771828170,INV-8350,TS09AB6339,495
434509831372,INV-8351,TS09AB2346,15
956831746805,INV-8352,TS09AB6443,399
406044300152,INV-8353,TS09AB2369,72
498848817800,INV-8354,TS09AB5268,66
833580857819,INV-8355,TS09AB1262,1000
253062319239,INV-8356,TS09AB4456,417
989102529571,INV-8357,TS09AB2065,464
397643517177,INV-8358,TS09AB7635,19
895384328914,INV-8359,TS09AB9710,915
322945841246,INV-8360,TS09AB4008,736
349888382279,INV-8362,TS09AB3610,947
140957973797,INV-8363,TS09AB4792,289
381609441322,INV-8364,TS09AB5234,835
723676662693,INV-8366,TS09AB8215,470
607232456984,INV-8367,TS09AB8882,412
690462795046,INV-8368,TS09AB6198,774
176636595243,INV-8369,TS09AB3429,202
196148172882,INV-8370,TS09AB6511,259
791117485710,INV-8371,TS09AB7328,372
770781672604,INV-8372,TS09AB7897,367
110376054875,INV-8373,TS09AB8435,260
376780187294,INV-8374,TS09AB3751,290
904354715374,INV-8375,TS09AB8240,972
724397208347,INV-8376,TS09AB7918,810
933792367947,INV-8377,TS09AB9684,272
523806882736,INV-8378,TS09AB1719,176
940794966093,INV-8379,TS09AB7147,278
732257974105,INV-8380,TS09AB6114,696
456376043692,INV-8381,TS09AB2495,725
604548452869,INV-8382,TS09AB5360,411
521955332324,INV-8383,TS09AB3756,343
647033246899,INV-8384,TS09AB7739,753
751206297501,INV-8385,TS09AB5942,268
588454283678,INV-8386,TS09AB3067,638
340615454769,INV-8387,TS09AB1279,843
487241630627,INV-8388,TS09AB9278,149
808756271028,INV-8390,TS09AB9405,740
773102391227,INV-8391,TS09AB1882,464
322807087300,INV-8392,TS09AB5950,555
618986814864,INV-8393,TS09AB7760,923
934127149030,INV-8394,TS09AB2440,911
182377551484,INV-8395,TS09AB4666,505
767869893519,INV-8396,TS09AB2470,496
753139798701,INV-8397,TS09AB4142,242
125028874306,INV-8398,TS09AB9213,764
985742320782,INV-8399,TS09AB9455,44
870943901356,INV-8400,TS09AB4576,582
543068937202,INV-8401,TS09AB9111,319
736437033842,INV-8403,TS09AB2286,150
901263389953,INV-8404,TS09AB6159,678
177986641671,INV-8405,TS09AB6422,908
737903188476,INV-8406,TS09AB2371,111
481506890098,INV-8407,TS09AB7019,205
669122170848,INV-8408,TS09AB9781,144
653599695410,INV-8409,TS09AB5674,41
556632234201,INV-8410,TS09AB7248,172
744013620904,INV-8411,TS09AB3133,993
175745750268,INV-8412,TS09AB3419,226
626934558336,INV-8413,TS09AB1121,134
541409008996,INV-8414,TS09AB4564,902
798329925129,INV-8415,TS09AB7692,210
783278610822,INV-8416,TS09AB8402,444
521499963345,INV-8417,TS09AB8041,806
332787259361,INV-8419,TS09AB8969,935
846892001693,INV-8420,TS09AB4746,150
893859184208,INV-8421,TS09AB8621,599
514917842838,INV-8422,TS09AB1515,655
342271931898,INV-8424,TS09AB9138,660
852548161060,INV-8425,TS09AB5954,185
707468245110,INV-8427,TS09AB6151,904
972229692155,INV-8429,TS09AB6275,834
659526138661,INV-8431,TS09AB5793,320
135762480005,INV-8432,TS09AB5565,479
274664426724,INV-8433,TS09AB5734,452
965405454073,INV-8434,TS09AB4876,718
269173559740,INV-8435,TS09AB6906,559
204004597669,INV-8436,TS09AB3724,564
856119528002,INV-8437,TS09AB5312,203
287948517987,INV-8439,TS09AB6016,373
908085516188,INV-8440,TS09AB4771,756
906733552793,INV-8441,TS09AB2704,895
305900816864,INV-8442,TS09AB9160,172
749947427363,INV-8443,TS09AB8084,740
297027882216,INV-8444,TS09AB6967,71
852251508936,INV-8445,TS09AB2960,780
875876872556,INV-8446,TS09AB2026,53
333712199930,INV-8447,TS09AB1887,837
906228084754,INV-8448,TS09AB6991,627
635725692044,INV-8449,TS09AB3225,90
303604663156,INV-8451,TS09AB1005,754
962674358715,INV-8452,TS09AB5265,456
614834461034,INV-8453,TS09AB4733,432
922281334759,INV-8454,TS09AB2245,259
833679993360,INV-8455,TS09AB7955,146
240178394499,INV-8456,TS09AB9219,384
444487161565,INV-8457,TS09AB6162,627
474796614898,INV-8458,TS09AB6953,627
821093492209,INV-8459,TS09AB2146,213
933226452292,INV-8460,TS09AB6724,876
332218952864,INV-8461,TS09AB3617,196
883457832981,INV-8462,TS09AB1053,316
974301127184,INV-8464,TS09AB8587,967
953291535926,INV-8465,TS09AB8007,23
107881506917,INV-8466,TS09AB7056,417
708071335758,INV-8467,TS09AB3275,325
884489619141,INV-8468,TS09AB7610,332
848563618093,INV-8469,TS09AB6447,224
961444090234,INV-8470,TS09AB7566,88
932446324918,INV-8471,TS09AB4741,393
914241762138,INV-8472,TS09AB4810,786
350311330242,INV-8473,TS09AB8003,654
792191769694,INV-8474,TS09AB9418,523
691111763690,INV-8475,TS09AB7075,115
946345481624,INV-8476,TS09AB7735,920
376123373839,INV-8478,TS09AB2058,781
655203667193,INV-8479,TS09AB7151,924
437839648322,INV-8480,TS09AB2706,401
558839184495,INV-8482,TS09AB2226,225
944633383761,INV-8483,TS09AB1061,565
685863344132,INV-8484,TS09AB1675,648
794583487786,INV-8487,TS09AB2207,892
628581641431,INV-8488,TS09AB9129,596
370322416712,INV-8489,TS09AB2179,202
502890601144,INV-8490,TS09AB7311,88
452593006355,INV-8491,TS09AB9399,555
668683243324,INV-8492,TS09AB6270,671
893813212383,INV-8493,TS09AB5746,987
424636448435,INV-8494,TS09AB4580,505
848656372754,INV-8496,TS09AB3210,46
932453254306,INV-8497,TS09AB5436,954
730608963080,INV-8498,TS09AB2356,968
829077494857,INV-8499,TS09AB3724,928
219984019949,INV-8501,TS09AB1106,887
853592578773,INV-8502,TS09AB2459,137
870587645525,INV-8503,TS09AB2921,896
350690374770,INV-8504,TS09AB2065,906
986210314226,INV-8505,TS09AB6293,185
380595509087,INV-8506,TS09AB9871,528
223420991051,INV-8508,TS09AB7180,600
488118915747,INV-8511,TS09AB9720,698
100018623247,INV-8513,TS09AB4103,986
342926669231,INV-8514,TS09AB1109,321
879392167489,INV-8515,TS09AB1263,247
297646675188,INV-8516,TS09AB1309,853
626725190382,INV-8517,TS09AB2048,998
484863006262,INV-8518,TS09AB7887,873
924869625738,INV-8519,TS09AB8279,299
548532737815,INV-8520,TS09AB4185,974
175380258965,INV-8521,TS09AB3782,132
920322268098,INV-8522,TS09AB8488,32
731088885435,INV-8523,TS09AB6978,357
121118365995,INV-8524,TS09AB9371,787
442094549516,INV-8525,TS09AB3060,215
325603288793,INV-8527,TS09AB5027,995
943010358001,INV-8529,TS09AB8922,766
275114020756,INV-8530,TS09AB9483,644
284782332827,INV-8531,TS09AB9194,564
714077265918,INV-8532,TS09AB7454,45
179174539044,INV-8534,TS09AB8101,285
468910500737,INV-8536,TS09AB8757,142
120330514670,INV-8537,TS09AB4237,183
290017411965,INV-8539,TS09AB4797,467
409255639993,INV-8540,TS09AB1893,995
352247037187,INV-8541,TS09AB2712,334
490371708702,INV-8542,TS09AB5426,409
950915663051,INV-8543,TS09AB6571,489
801527684783,INV-8544,TS09AB3080,260
865896416458,INV-8545,TS09AB4773,693
383708405765,INV-8546,TS09AB1346,921
965327408499,INV-8547,TS09AB1688,753
972642669306,INV-8548,TS09AB9388,812
725429582321,INV-8549,TS09AB2028,491
552465626473,INV-8550,TS09AB2763,94
531506244550,INV-8552,TS09AB4419,872
876664097385,INV-8553,TS09AB3421,227
141536482822,INV-8555,TS09AB2512,353
945611630110,INV-8556,TS09AB2612,118
592818557345,INV-8557,TS09AB8358,715
303035089318,INV-8559,TS09AB7040,778
853669115399,INV-8560,TS09AB3799,818
516186553386,INV-8561,TS09AB9962,984
927731169572,INV-8562,TS09AB6625,551
641803539555,INV-8563,TS09AB1324,172
616503211495,INV-8564,TS09AB9854,919
187234740395,INV-8565,TS09AB7134,90
702890231532,INV-8567,TS09AB4579,87
297024538101,INV-8568,TS09AB2302,198
293707792945,INV-8569,TS09AB1654,774
547886296113,INV-8570,TS09AB4634,221
718884573470,INV-8571,TS09AB6063,750
229090452548,INV-8572,TS09AB5219,647
766949180504,INV-8574,TS09AB7078,475
127958218391,INV-8575,TS09AB9513,817
551887404291,INV-8576,TS09AB7831,398
690433057782,INV-8577,TS09AB6074,662
384404735991,INV-8578,TS09AB6829,272
505550444574,INV-8580,TS09AB3017,801
987870564356,INV-8581,TS09AB1505,34
553711620864,INV-8582,TS09AB1015,658
801432589051,INV-8583,TS09AB5453,773
899791903958,INV-8584,TS09AB1660,107
958721294088,INV-8585,TS09AB5211,805
930803984355,INV-8586,TS09AB6493,284
358485300885,INV-8587,TS09AB1823,867
577052910022,INV-8588,TS09AB2139,873
110366594796,INV-8590,TS09AB4046,440
369925056442,INV-8591,TS09AB1676,568
163275366730,INV-8592,TS09AB6297,471
345598221055,INV-8593,TS09AB2318,349
665022278412,INV-8594,TS09AB2704,315
454130295894,INV-8595,TS09AB8673,140
273511852314,INV-8596,TS09AB5248,773
134732058067,INV-8597,TS09AB6134,355
817058533471,INV-8598,TS09AB8319,343
168882215710,INV-8599,TS09AB6402,626
747506700647,INV-8601,TS09AB4138,385
535443973652,INV-8602,TS09AB8126,542
772725817816,INV-8603,TS09AB8856,825
494906364578,INV-8604,TS09AB9519,310
242867396906,INV-8608,TS09AB8419,261
884804184141,INV-8610,TS09AB4190,35
337929073352,INV-8611,TS09AB1204,773
863192675597,INV-8612,TS09AB7016,457
613994953500,INV-8613,TS09AB7597,171
528003262072,INV-8614,TS09AB9323,524
601511184863,INV-8615,TS09AB2178,294
606263469404,INV-8616,TS09AB6565,422
924100819798,INV-8617,TS09AB8661,117
999378304275,INV-8619,TS09AB4881,408
957219603703,INV-8620,TS09AB5126,221
682992769471,INV-8621,TS09AB8736,693
460940650217,INV-8622,TS09AB6731,50
640247732810,INV-8624,TS09AB4846,818
991168915799,INV-8625,TS09AB1932,530
323470947119,INV-8626,TS09AB2155,750
970018211541,INV-8629,TS09AB6928,500
691950823193,INV-8630,TS09AB1827,996
723472681797,INV-8631,TS09AB4947,269
955392952935,INV-8632,TS09AB4859,196
474092566533,INV-8633,TS09AB8219,621
169108440967,INV-8634,TS09AB1435,474
142557348167,INV-8636,TS09AB7554,267
198035203930,INV-8638,TS09AB9907,19
962605093395,INV-8640,TS09AB6523,906
761035207951,INV-8641,TS09AB1093,375
461030687313,INV-8642,TS09AB1288,438
303541506583,INV-8643,TS09AB4429,592
780669380672,INV-8645,TS09AB4503,345
186123132504,INV-8646,TS09AB1033,799
848097830355,INV-8647,TS09AB5216,524
746850240704,INV-8648,TS09AB6950,530
119937017784,INV-8649,TS09AB6794,321
846666746139,INV-8650,TS09AB1910,143
726064688741,INV-8651,TS09AB5588,903
129329244347,INV-8652,TS09AB1019,915
961720533406,INV-8653,TS09AB4238,764
371985175061,INV-8654,TS09AB1988,823
493268389943,INV-8655,TS09AB1195,845
924443497805,INV-8656,TS09AB6584,287
485636091317,INV-8657,TS09AB9741,686
318841774774,INV-8658,TS09AB4202,918
728455005591,INV-8659,TS09AB5172,501
660990883890,INV-8660,TS09AB6673,28
295002624151,INV-8661,TS09AB2698,98
198320871174,INV-8662,TS09AB3341,441
964097493639,INV-8663,TS09AB6561,59
393680737814,INV-8664,TS09AB4921,938
864786078752,INV-8665,TS09AB7257,527
640711398592,INV-8666,TS09AB1798,146
316973602012,INV-8667,TS09AB5159,145
527978145323,INV-8668,TS09AB2865,719
568225736634,INV-8669,TS09AB3964,558
365817912148,INV-8671,TS09AB4725,358
946890037694,INV-8673,TS09AB5453,326
674126844272,INV-8674,TS09AB2682,280
519025065286,INV-8675,TS09AB5292,419
816671134168,INV-8676,TS09AB9767,530
850158640135,INV-8677,TS09AB6787,463
780099745420,INV-8678,TS09AB3520,687
591339446086,INV-8679,TS09AB6522,871
886991879996,INV-8680,TS09AB3713,729
977064982213,INV-8681,TS09AB1346,292
236542148241,INV-8682,TS09AB5336,753
580895763568,INV-8684,TS09AB6092,718
515349126736,INV-8685,TS09AB7996,12
443813000690,INV-8686,TS09AB8158,951
559802700716,INV-8687,TS09AB7751,437
524620100832,INV-8688,TS09AB9912,371
214277983659,INV-8689,TS09AB3090,633
452881578459,INV-8690,TS09AB4794,932
702677915459,INV-8692,TS09AB6773,469
637102166937,INV-8693,TS09AB8699,963
228202643084,INV-8694,TS09AB6949,758
995061506252,INV-8695,TS09AB7423,788
196083352786,INV-8696,TS09AB1003,729
562584360256,INV-8697,TS09AB4941,803
936044870516,INV-8698,TS09AB1723,637
714188316795,INV-8699,TS09AB7585,426
889923008070,INV-8701,TS09AB6290,644
980204571334,INV-8702,TS09AB1847,475
251756962223,INV-8703,TS09AB2072,871
900747693595,INV-8704,TS09AB5543,329
601299377784,INV-8705,TS09AB3689,639
570495641382,INV-8706,TS09AB6623,510
622702121054,INV-8708,TS09AB9753,420
776296673433,INV-8709,TS09AB9336,320
826124538873,INV-8710,TS09AB6965,544
402565064744,INV-8711,TS09AB7943,893
743910897004,INV-8712,TS09AB3719,545
579819294419,INV-8713,TS09AB3740,441
516870722575,INV-8714,TS09AB4343,192
579507695174,INV-8715,TS09AB7083,267
920160425357,INV-8716,TS09AB8731,665
651487816195,INV-8717,TS09AB9856,665
350783756267,INV-8720,TS09AB8068,398
802728997499,INV-8721,TS09AB9172,157
487154006600,INV-8723,TS09AB6853,219
182531116569,INV-8724,TS09AB9400,143
460928707604,INV-8725,TS09AB8225,104
634536053571,INV-8726,TS09AB6929,883
948935058757,INV-8727,TS09AB7297,620
565642213207,INV-8728,TS09AB8315,770
444811382111,INV-8729,TS09AB1866,890
159949451431,INV-8730,TS09AB7869,466
278846596241,INV-8731,TS09AB8061,611
502838253757,INV-8732,TS09AB2577,458
215405205268,INV-8733,TS09AB3578,369
719211759747,INV-8736,TS09AB1887,631
831885152029,INV-8737,TS09AB3508,182
255723050007,INV-8738,TS09AB7778,433
877505547355,INV-8739,TS09AB4767,889
117393389162,INV-8740,TS09AB6220,756
745962288036,INV-8741,TS09AB7167,905
295265727968,INV-8742,TS09AB8117,852
697955200036,INV-8743,TS09AB8178,884
246690727718,INV-8744,TS09AB8002,715
563991854704,INV-8745,TS09AB8413,699
690171463262,INV-8746,TS09AB1979,431
240014808126,INV-8747,TS09AB1911,354
364654185410,INV-8748,TS09AB5168,397
563180801720,INV-8749,TS09AB3828,293
981531685788,INV-8750,TS09AB1401,708
875871491007,INV-8756,TS09AB2877,85
151049411165,INV-8757,TS09AB5268,892
670186592306,INV-8758,TS09AB2545,794
687513619841,INV-8759,TS09AB6505,29
590012845174,INV-8760,TS09AB6448,488
417401525937,INV-8761,TS09AB7203,819
460632448749,INV-8762,TS09AB9218,457
197849695530,INV-8763,TS09AB4870,411
617259228690,INV-8764,TS09AB7322,150
499186650275,INV-8765,TS09AB8526,200
351540993275,INV-8766,TS09AB9285,565
875493948185,INV-8767,TS09AB9719,408
774063341218,INV-8768,TS09AB1744,663
797060426657,INV-8769,TS09AB9723,257
808808424234,INV-8770,TS09AB5769,374
734959792235,INV-8771,TS09AB7462,151
191327695419,INV-8772,TS09AB8220,624
725730928838,INV-8773,TS09AB4340,975
677678731883,INV-8774,TS09AB4327,437
724101977601,INV-8775,TS09AB4507,324
850413969644,INV-8776,TS09AB5178,46
363583372575,INV-8777,TS09AB2406,691
264716294083,INV-8778,TS09AB5837,672
988110643132,INV-8779,TS09AB1591,864
331062506239,INV-8780,TS09AB7192,772
418048078390,INV-8781,TS09AB7744,284
580318291741,INV-8782,TS09AB9651,983
225446128263,INV-8783,TS09AB2352,320
477003181478,INV-8784,TS09AB3465,339
294396842791,INV-8785,TS09AB3175,50
369168755757,INV-8786,TS09AB9061,263
502212134072,INV-8788,TS09AB2898,739
609619208927,INV-8789,TS09AB3966,107
900921187363,INV-8790,TS09AB1342,572
528431824366,INV-8791,TS09AB7718,309
602329728642,INV-8792,TS09AB3242,126
266393984692,INV-8793,TS09AB9327,870
481807774121,INV-8794,TS09AB2689,681
307734834700,INV-8795,TS09AB1618,509
683146799157,INV-8796,TS09AB2279,319
451302342504,INV-8797,TS09AB6973,637
501764970397,INV-8798,TS09AB8662,800
487470722430,INV-8799,TS09AB9738,390
147722038913,INV-8801,TS09AB1582,347
704459771426,INV-8802,TS09AB4583,375
848097863560,INV-8804,TS09AB8782,68
822439477206,INV-8805,TS09AB8391,858
396967976282,INV-8806,TS09AB5539,332
779848747030,INV-8807,TS09AB1845,391
980449249094,INV-8808,TS09AB4350,31
509218094897,INV-8809,TS09AB1195,992
121777722149,INV-8810,TS09AB8281,239
393730734963,INV-8811,TS09AB6270,697
185361923754,INV-8812,TS09AB3828,555
158752961197,INV-8813,TS09AB9664,962
742680862991,INV-8814,TS09AB4629,338
714900284644,INV-8815,TS09AB8117,357
225741400533,INV-8817,TS09AB5496,273
589714579128,INV-8818,TS09AB9326,789
447431262522,INV-8819,TS09AB8007,921
394227226214,INV-8820,TS09AB4558,466
121630050077,INV-8821,TS09AB9202,651
866113032559,INV-8822,TS09AB8220,600
719338486587,INV-8823,TS09AB1916,567
551230946773,INV-8824,TS09AB9188,494
753193319555,INV-8826,TS09AB1215,730
851846841414,INV-8827,TS09AB9123,281
942364024082,INV-8828,TS09AB2202,730
938393429779,INV-8829,TS09AB3562,850
602842812414,INV-8831,TS09AB9117,699
523256782303,INV-8832,TS09AB7946,382
109187593253,INV-8833,TS09AB2470,680
651910325867,INV-8834,TS09AB1468,716
933746451438,INV-8835,TS09AB4979,171
928097844422,INV-8838,TS09AB7542,497
228684419341,INV-8839,TS09AB8712,597
196494457821,INV-8840,TS09AB2464,830
832846080460,INV-8841,TS09AB9219,459
698572437744,INV-8842,TS09AB1991,930
594626205210,INV-8843,TS09AB7189,82
357004077257,INV-8844,TS09AB1704,29
449393737731,INV-8845,TS09AB9592,727
173562176143,INV-8846,TS09AB2831,546
235792000423,INV-8848,TS09AB6269,964
556073252201,INV-8849,TS09AB9437,769
225431838474,INV-8850,TS09AB8146,474
714146758890,INV-8851,TS09AB2644,993
997880137894,INV-8852,TS09AB7107,782
815284326049,INV-8853,TS09AB2626,73
634509551327,INV-8854,TS09AB3617,209
191494034249,INV-8855,TS09AB7290,397
299700067196,INV-8856,TS09AB4452,100
570454774566,INV-8858,TS09AB7571,431
410652939847,INV-8859,TS09AB2234,680
735377758703,INV-8861,TS09AB3077,653
765327094485,INV-8862,TS09AB4963,605
165981251200,INV-8863,TS09AB3258,131
501298708086,INV-8864,TS09AB1414,314
818494293901,INV-8866,TS09AB2911,66
874642658156,INV-8867,TS09AB4543,825
117543598613,INV-8868,TS09AB1653,694
429904697492,INV-8869,TS09AB3628,984
508819738769,INV-8870,TS09AB7859,360
754420479130,INV-8872,TS09AB9126,209
868088374900,INV-8873,TS09AB5894,318
162197485808,INV-8874,TS09AB5901,926
720201604655,INV-8875,TS09AB3474,995
483461593824,INV-8876,TS09AB3607,303
757566624141,INV-8879,TS09AB4849,148
489505704592,INV-8880,TS09AB7815,966
803341206284,INV-8881,TS09AB7432,559
415608854823,INV-8882,TS09AB5258,233
886016244772,INV-8883,TS09AB3590,271
398530619887,INV-8884,TS09AB2722,77
789804593286,INV-8885,TS09AB3028,117
769311121814,INV-8886,TS09AB3175,181
476290619942,INV-8887,TS09AB9885,449
633387730250,INV-8888,TS09AB7821,85
308063392913,INV-8889,TS09AB4406,771
157012387714,INV-8890,TS09AB7389,906
397124205862,INV-8892,TS09AB7892,254
666818817011,INV-8895,TS09AB4792,908
368822789873,INV-8896,TS09AB6961,409
617661031396,INV-8897,TS09AB3088,382
941832160009,INV-8898,TS09AB4782,874
846187057579,INV-8899,TS09AB7288,501
813700373164,INV-8900,TS09AB7209,550
635864132083,INV-8901,TS09AB7633,555
296521602813,INV-8902,TS09AB9806,912
778508933322,INV-8904,TS09AB1957,805
272824543432,INV-8905,TS09AB6704,21
518293800048,INV-8906,TS09AB7094,174
398417071285,INV-8907,TS09AB4582,445
908074808934,INV-8908,TS09AB9872,953
600065115909,INV-8909,TS09AB6724,627
336313636907,INV-8910,TS09AB2531,746
111257220497,INV-8911,TS09AB6388,66
161106307891,INV-8913,TS09AB7820,127
496482497786,INV-8915,TS09AB7257,317
962072996164,INV-8916,TS09AB3607,662
316971185234,INV-8917,TS09AB7736,943
318235472477,INV-8918,TS09AB9479,998
848414618789,INV-8919,TS09AB2862,680
627699145847,INV-8921,TS09AB1622,356
584599339400,INV-8922,TS09AB3855,518
584964955714,INV-8923,TS09AB8960,993
346146481196,INV-8924,TS09AB7692,399
854020393290,INV-8926,TS09AB4155,274
994821303757,INV-8927,TS09AB1080,685
279427211378,INV-8928,TS09AB5201,807
472265158827,INV-8929,TS09AB7200,195
453107529927,INV-8930,TS09AB8051,480
253675712285,INV-8931,TS09AB6106,195
456727261545,INV-8932,TS09AB2574,306
836838761981,INV-8933,TS09AB3592,391
550546314636,INV-8934,TS09AB6008,420
477707244366,INV-8935,TS09AB3167,490
370968578805,INV-8936,TS09AB3414,419
276731704893,INV-8937,TS09AB1987,942
944952930145,INV-8938,TS09AB2927,754
934180802866,INV-8939,TS09AB1527,142
563913721658,INV-8940,TS09AB8753,788
983449616930,INV-8941,TS09AB2686,617
170034202201,INV-8942,TS09AB5397,248
560212799160,INV-8943,TS09AB8752,701
241361351297,INV-8944,TS09AB3102,34
475040383875,INV-8945,TS09AB8354,852
891155977655,INV-8946,TS09AB6096,131
868332790492,INV-8947,TS09AB6000,360
775104609387,INV-8948,TS09AB8252,900
698821267131,INV-8949,TS09AB3242,204
702504033528,INV-8950,TS09AB4522,829
485896111499,INV-8951,TS09AB7739,532
383236277097,INV-8955,TS09AB9654,557
857573435508,INV-8956,TS09AB6962,197
214208202126,INV-8957,TS09AB8736,906
458781894098,INV-8958,TS09AB9759,242
262693637895,INV-8959,TS09AB5661,26
779321785277,INV-8960,TS09AB9975,505
181584700150,INV-8963,TS09AB1169,425
340894683191,INV-8964,TS09AB7009,259
732472030080,INV-8965,TS09AB2686,309
349908116800,INV-8966,TS09AB8608,122
308585682102,INV-8967,TS09AB5468,452
129450322176,INV-8968,TS09AB2879,692
420975678373,INV-8969,TS09AB6327,737
735680727216,INV-8970,TS09AB3068,574
810055744786,INV-8971,TS09AB2120,876
686054246630,INV-8972,TS09AB1113,890
879545205414,INV-8973,TS09AB2282,219
861881308968,INV-8975,TS09AB1161,725
809717444015,INV-8976,TS09AB1739,326
990889778604,INV-8977,TS09AB7748,746
190781229566,INV-8978,TS09AB6684,32
505758717791,INV-8979,TS09AB4913,220
287711456672,INV-8980,TS09AB5586,450
195303337138,INV-8981,TS09AB4274,429
619219080442,INV-8982,TS09AB5057,601
476000909704,INV-8983,TS09AB7615,17
952091774394,INV-8984,TS09AB7856,208
410609582316,INV-8985,TS09AB5455,821
434658473801,INV-8986,TS09AB2831,691
251128536485,INV-8989,TS09AB8839,482
327333997518,INV-8991,TS09AB6083,402
650995252704,INV-8992,TS09AB4058,995
890071297070,INV-8993,TS09AB8172,797
630837059046,INV-8995,TS09AB7950,361
924999313710,INV-8996,TS09AB9462,945
141551980008,INV-8997,TS09AB3785,368
965779879589,INV-8998,TS09AB2349,650
566212316364,INV-8999,TS09AB4734,604
584304015364,INV-9001,TS09AB2718,147
967450889503,INV-9002,TS09AB3833,575
494504864322,INV-9003,TS09AB5112,577
281048510568,INV-9004,TS09AB7860,196
179896212472,INV-9005,TS09AB1724,617
100313791060,INV-9007,TS09AB8764,179
333040022897,INV-9008,TS09AB7877,158
616392563365,INV-9009,TS09AB7596,387
247815421263,INV-9011,TS09AB3706,585
163310516740,INV-9012,TS09AB3949,561
670994763764,INV-9013,TS09AB5215,916
537347795823,INV-9014,TS09AB9019,414
613387854816,INV-9015,TS09AB7741,901
183280834080,INV-9018,TS09AB7949,65
837488983758,INV-9019,TS09AB2784,434
944261577200,INV-9020,TS09AB8106,570
425678487347,INV-9021,TS09AB6602,287
146918556854,INV-9022,TS09AB5510,113
296459179987,INV-9023,TS09AB6207,26
713335045650,INV-9024,TS09AB4411,332
892474016191,INV-9025,TS09AB9281,789
678921852070,INV-9026,TS09AB5268,216
830705957954,INV-9028,TS09AB6317,442
556943020653,INV-9029,TS09AB6564,705
690564358358,INV-9031,TS09AB5058,942
139245697937,INV-9033,TS09AB9535,304
511995683105,INV-9034,TS09AB8059,975
870927090296,INV-9035,TS09AB7888,206
941275155196,INV-9037,TS09AB8044,175
677533122375,INV-9038,TS09AB7862,382
503349633387,INV-9039,TS09AB4913,323
810565341977,INV-9040,TS09AB6694,368
771867402856,INV-9041,TS09AB8512,181
270054071414,INV-9042,TS09AB8842,469
754492317560,INV-9043,TS09AB5033,665
776262817576,INV-9044,TS09AB3861,680
343718857330,INV-9045,TS09AB3999,315
229551264101,INV-9046,TS09AB3379,360
376913620279,INV-9048,TS09AB8223,825
942662051120,INV-9050,TS09AB7025,651
670633511437,INV-9051,TS09AB4726,943
528462840780,INV-9052,TS09AB6197,623
188796189460,INV-9054,TS09AB6210,137
889333809781,INV-9055,TS09AB7981,508
633013015890,INV-9056,TS09AB4873,251
347238656078,INV-9057,TS09AB1298,619
502334034073,INV-9058,TS09AB9161,731
522458517233,INV-9059,TS09AB6694,308
224119804163,INV-9060,TS09AB8514,581
972493168794,INV-9061,TS09AB4970,468
777684325771,INV-9063,TS09AB5613,19
864781963179,INV-9064,TS09AB7098,452
731616286854,INV-9065,TS09AB6969,607
965746456337,INV-9066,TS09AB1127,614
150821506937,INV-9067,TS09AB2229,648
100314314399,INV-9068,TS09AB6000,736
936633617319,INV-9070,TS09AB1495,248
175809226747,INV-9071,TS09AB6086,257
221857844834,INV-9072,TS09AB5672,301
338104421043,INV-9074,TS09AB3753,686
643973175238,INV-9075,TS09AB7545,197
149951204088,INV-9076,TS09AB7390,634
457886002564,INV-9077,TS09AB5272,348
713084705481,INV-9078,TS09AB2397,286
521159482868,INV-9079,TS09AB1472,126
735432599542,INV-9080,TS09AB9464,883
993581516864,INV-9081,TS09AB2815,212
669975898858,INV-9082,TS09AB7629,252
846526994100,INV-9083,TS09AB5361,691
574844499726,INV-9085,TS09AB1715,813
813152685087,INV-9086,TS09AB1999,971
522116845224,INV-9087,TS09AB4015,875
763802548423,INV-9088,TS09AB4499,994
248735528705,INV-9090,TS09AB6966,138
985389601223,INV-9091,TS09AB2838,771
319570082090,INV-9094,TS09AB5960,462
752211393529,INV-9096,TS09AB8055,177
968777604679,INV-9097,TS09AB2841,682
626549069980,INV-9098,TS09AB3530,16
640216198924,INV-9099,TS09AB5151,937
552106153886,INV-9100,TS09AB1087,508
385785057475,INV-9101,TS09AB8874,34
430693175790,INV-9102,TS09AB9641,403
179299917878,INV-9103,TS09AB7228,215
502278710321,INV-9104,TS09AB1777,708
988713278043,INV-9105,TS09AB8781,520
596385658299,INV-9106,TS09AB4560,797
938808650829,INV-9107,TS09AB9547,530
927837453440,INV-9108,TS09AB4698,389
771872969035,INV-9109,TS09AB4244,222
515040736590,INV-9110,TS09AB6543,30
259003054362,INV-9111,TS09AB6759,965
846985110669,INV-9112,TS09AB8847,602
677522299087,INV-9113,TS09AB7616,312
738159743698,INV-9114,TS09AB7765,54
589197082079,INV-9115,TS09AB4230,726
132885897520,INV-9116,TS09AB3732,440
143003014966,INV-9118,TS09AB6011,760
609667463977,INV-9119,TS09AB7862,201
895567626399,INV-9120,TS09AB4285,272
792518093880,INV-9121,TS09AB8172,553
887779481645,INV-9122,TS09AB3240,1000
386038575021,INV-9123,TS09AB6611,530
971342285222,INV-9124,TS09AB8400,807
896144356580,INV-9125,TS09AB2372,689
140671122685,INV-9126,TS09AB8475,785
273473303354,INV-9127,TS09AB3468,929
125783859020,INV-9128,TS09AB6383,460
134853033884,INV-9129,TS09AB9007,294
611354827967,INV-9130,TS09AB5335,378
644831003468,INV-9131,TS09AB8382,836
798475270910,INV-9132,TS09AB5524,925
240968646705,INV-9133,TS09AB4203,116
552600589786,INV-9134,TS09AB3818,344
406863709712,INV-9135,TS09AB9909,958
907202156826,INV-9137,TS09AB9558,321
994703497851,INV-9138,TS09AB9799,503
932428075218,INV-9139,TS09AB1545,626
455111042471,INV-9140,TS09AB5934,421
922424951176,INV-9141,TS09AB5189,74
237857889592,INV-9143,TS09AB9547,840
957652923637,INV-9144,TS09AB6510,856
760436890681,INV-9145,TS09AB1378,194
875862419292,INV-9146,TS09AB9195,595
383838528173,INV-9147,TS09AB9546,847
951807664861,INV-9148,TS09AB6035,625
652750840020,INV-9151,TS09AB5225,605
196880456236,INV-9153,TS09AB2913,496
956386436644,INV-9154,TS09AB4176,891
340824350323,INV-9155,TS09AB4035,241
634645708683,INV-9156,TS09AB8443,792
641268596020,INV-9158,TS09AB7743,389
698655236985,INV-9159,TS09AB8228,910
433591010343,INV-9160,TS09AB8315,792
970202624974,INV-9161,TS09AB4164,37
793021453435,INV-9162,TS09AB1792,522
988557761282,INV-9163,TS09AB5516,213
918468330760,INV-9164,TS09AB8375,671
980570439926,INV-9165,TS09AB4317,960
649448631080,INV-9166,TS09AB8184,313
816948092365,INV-9167,TS09AB8350,508
306177583812,INV-9168,TS09AB7763,900
611238587120,INV-9169,TS09AB7928,661
623119400845,INV-9170,TS09AB1113,973
212444999428,INV-9172,TS09AB7574,529
431310759975,INV-9173,TS09AB2497,762
466945894074,INV-9174,TS09AB8412,627
917581267937,INV-9175,TS09AB2343,782
383882479852,INV-9176,TS09AB8303,574
369980465041,INV-9177,TS09AB8513,274
204793371846,INV-9178,TS09AB7422,805
406344345028,INV-9179,TS09AB5603,307
285174243985,INV-9180,TS09AB6453,682
886989865289,INV-9182,TS09AB9348,417
304313624188,INV-9183,TS09AB7639,198
796208004342,INV-9184,TS09AB5124,567
392863777931,INV-9185,TS09AB1608,283
385350380560,INV-9186,TS09AB6544,796
289745143838,INV-9187,TS09AB4761,339
928269901109,INV-9188,TS09AB5523,716
664213191429,INV-9189,TS09AB4186,52
609273388788,INV-9190,TS09AB1172,616
522001871217,INV-9191,TS09AB4207,730
617786601557,INV-9192,TS09AB4696,322
397094613482,INV-9193,TS09AB1887,579
251445099347,INV-9195,TS09AB8029,626
946112184209,INV-9198,TS09AB9582,909
373955168931,INV-9199,TS09AB3057,211
273991155332,INV-9200,TS09AB4840,117
531892893061,INV-9201,TS09AB7378,263
148533304730,INV-9202,TS09AB3998,206
193201861687,INV-9203,TS09AB5009,483
860661176222,INV-9204,TS09AB2177,880
339380161426,INV-9205,TS09AB5559,508
773612223674,INV-9206,TS09AB3419,486
513077677417,INV-9207,TS09AB8925,952
440050328829,INV-9208,TS09AB3462,758
304584774739,INV-9209,TS09AB4606,943
950831052151,INV-9210,TS09AB2547,522
333582383294,INV-9212,TS09AB7182,466
737945871826,INV-9213,TS09AB6046,348
234533257004,INV-9214,TS09AB6901,248
968885270767,INV-9217,TS09AB3138,301
812186003899,INV-9218,TS09AB7135,621
160230328161,INV-9219,TS09AB5622,374
828560446785,INV-9222,TS09AB7566,686
453309673544,INV-9223,TS09AB7638,94
227964586686,INV-9225,TS09AB2330,246
121322734643,INV-9226,TS09AB2837,646
826982529859,INV-9227,TS09AB6444,53
636814741283,INV-9228,TS09AB2125,973
210836602974,INV-9229,TS09AB8087,174
834887529388,INV-9230,TS09AB4564,311
627166572248,INV-9232,TS09AB6277,199
308421620706,INV-9234,TS09AB3310,68
451597281827,INV-9235,TS09AB7338,922
489000051805,INV-9236,TS09AB7247,593
999043698744,INV-9237,TS09AB4554,702
204463157176,INV-9238,TS09AB5579,166
860445803547,INV-9239,TS09AB6388,909
672196412334,INV-9240,TS09AB5815,207
843496061911,INV-9241,TS09AB7738,327
881354983761,INV-9242,TS09AB9274,59
327051487768,INV-9243,TS09AB6350,297
701106415171,INV-9244,TS09AB6057,428
529607599833,INV-9246,TS09AB6906,482
487727588218,INV-9247,TS09AB1515,656
162571122505,INV-9248,TS09AB4030,968
722635298978,INV-9249,TS09AB7857,278
737178214242,INV-9250,TS09AB6211,864
625283323994,INV-9251,TS09AB5874,876
241797561814,INV-9252,TS09AB4355,440
492449245065,INV-9253,TS09AB1509,293
422091589861,INV-9254,TS09AB2174,621
867627223177,INV-9255,TS09AB1074,920
329400527262,INV-9256,TS09AB4047,427
286605597222,INV-9257,TS09AB3848,542
178725819963,INV-9258,TS09AB8385,501
547522710883,INV-9260,TS09AB6564,661
152041161121,INV-9261,TS09AB7465,113
625412457635,INV-9264,TS09AB5639,989
480296966651,INV-9266,TS09AB6051,628
372422164787,INV-9267,TS09AB3347,541
745515676855,INV-9268,TS09AB7329,127
208014528870,INV-9269,TS09AB6335,508
796689554171,INV-9270,TS09AB2978,177
648921026358,INV-9271,TS09AB6279,27
351672911935,INV-9273,TS09AB9365,72
635416909646,INV-9274,TS09AB3678,473
957450078858,INV-9275,TS09AB9929,955
474734425303,INV-9276,TS09AB8952,709
847696391083,INV-9277,TS09AB6335,653
819459776928,INV-9278,TS09AB4958,988
582972205438,INV-9279,TS09AB2542,500
901850299584,INV-9280,TS09AB1372,245
588817735284,INV-9282,TS09AB3470,169
766304149753,INV-9283,TS09AB8831,46
346090296948,INV-9285,TS09AB2426,223
508910572848,INV-9286,TS09AB4885,742
428960708634,INV-9288,TS09AB7123,53
586427660338,INV-9289,TS09AB1183,125
135625294103,INV-9292,TS09AB7229,884
113372615467,INV-9294,TS09AB2478,799
503326780746,INV-9295,TS09AB1464,979
952719344282,INV-9298,TS09AB9967,976
417539474361,INV-9299,TS09AB9880,760
582836767372,INV-9300,TS09AB6121,431
834654517225,INV-9301,TS09AB1511,513
237235089027,INV-9302,TS09AB6967,296
195663401632,INV-9303,TS09AB1795,470
370803202266,INV-9304,TS09AB2239,342
171486594868,INV-9305,TS09AB1255,629
454111271294,INV-9307,TS09AB6604,282
268150094239,INV-9308,TS09AB2219,173
473871606966,INV-9310,TS09AB8924,547
298339998908,INV-9311,TS09AB5882,572
416848977079,INV-9312,TS09AB7424,111
819757776275,INV-9313,TS09AB3931,641
995141301136,INV-9316,TS09AB5289,298
875554321068,INV-9317,TS09AB2049,204
209060758963,INV-9318,TS09AB5866,26
315955505342,INV-9319,TS09AB4866,534
304811053492,INV-9320,TS09AB6389,957
623363276585,INV-9323,TS09AB5333,595
282066645494,INV-9324,TS09AB5502,337
518018339670,INV-9325,TS09AB6738,654
326059496470,INV-9328,TS09AB3370,776
963238894986,INV-9329,TS09AB5921,983
897078247202,INV-9330,TS09AB5686,518
957740998554,INV-9331,TS09AB9775,356
424927368731,INV-9332,TS09AB3642,898
878126179159,INV-9333,TS09AB5131,609
352981433435,INV-9334,TS09AB1395,847
968289975879,INV-9335,TS09AB6614,683
812541830468,INV-9336,TS09AB9754,764
982005533640,INV-9337,TS09AB8289,401
783402826723,INV-9338,TS09AB9886,135
506486742155,INV-9339,TS09AB4151,529
662999698247,INV-9340,TS09AB9830,970
447181970106,INV-9341,TS09AB2712,195
530554767511,INV-9342,TS09AB4307,663
372212860769,INV-9343,TS09AB4685,434
771742904655,INV-9344,TS09AB4443,905
993876647659,INV-9345,TS09AB8668,407
561285051804,INV-9346,TS09AB1436,821
249341467542,INV-9347,TS09AB4260,474
830069826897,INV-9348,TS09AB3590,885
326072835104,INV-9349,TS09AB7700,992
469300274857,INV-9351,TS09AB6723,708
971663330239,INV-9352,TS09AB9681,568
775740639832,INV-9354,TS09AB5233,801
185273533713,INV-9355,TS09AB9130,379
169852217808,INV-9356,TS09AB7211,997
829319772997,INV-9357,TS09AB7999,398
326169835410,INV-9358,TS09AB3656,596
392290238702,INV-9359,TS09AB7680,223
791314226538,INV-9360,TS09AB9535,251
851659644874,INV-9361,TS09AB4753,239
150767597029,INV-9362,TS09AB7952,170
781277959935,INV-9363,TS09AB7963,840
303633205081,INV-9364,TS09AB7774,568
318542634488,INV-9365,TS09AB5738,243
826475936287,INV-9366,TS09AB3688,842
696282148163,INV-9367,TS09AB3984,596
177256636005,INV-9368,TS09AB8003,652
608214962731,INV-9370,TS09AB7563,599
468342377180,INV-9371,TS09AB7530,131
609333760511,INV-9372,TS09AB4360,938
224036425754,INV-9373,TS09AB7048,713
337650338086,INV-9375,TS09AB8932,66
351947123982,INV-9376,TS09AB5755,238
885970297809,INV-9377,TS09AB2494,963
512010510398,INV-9378,TS09AB8934,248
295850628277,INV-9379,TS09AB6943,222
606268709572,INV-9380,TS09AB3831,913
457591570419,INV-9381,TS09AB4000,641
986652535966,INV-9382,TS09AB9523,261
239693946663,INV-9383,TS09AB3230,17
306965676542,INV-9384,TS09AB8870,118
521841992706,INV-9385,TS09AB3144,709
593285021646,INV-9386,TS09AB9737,525
664951716058,INV-9387,TS09AB1049,939
842436314751,INV-9388,TS09AB5090,642
721760128503,INV-9389,TS09AB7025,951
572692504996,INV-9390,TS09AB1747,157
640892822834,INV-9392,TS09AB8047,594
475298326753,INV-9393,TS09AB2952,830
878069148001,INV-9394,TS09AB8658,568
485409598752,INV-9396,TS09AB2858,920
397041414810,INV-9397,TS09AB2483,618
459499690889,INV-9398,TS09AB8415,611
212156069383,INV-9399,TS09AB2833,464
625095380638,INV-9400,TS09AB4473,187
298360982896,INV-9402,TS09AB9685,363
655967912368,INV-9403,TS09AB1204,484
240144841657,INV-9405,TS09AB7234,529
352100147006,INV-9406,TS09AB7783,106
402037782609,INV-9409,TS09AB9857,676
909933968524,INV-9410,TS09AB4948,475
779091180307,INV-9411,TS09AB1123,458
856294913441,INV-9412,TS09AB7769,375
902595731279,INV-9413,TS09AB6419,37
757368628728,INV-9414,TS09AB4323,514
611201132071,INV-9415,TS09AB1025,551
244933831111,INV-9416,TS09AB1429,537
311065032831,INV-9417,TS09AB5163,649
762070250477,INV-9418,TS09AB7533,986
626586839545,INV-9419,TS09AB6066,23
293344628133,INV-9420,TS09AB7319,696
610189999075,INV-9421,TS09AB3095,577
707950832723,INV-9422,TS09AB5684,306
766920876254,INV-9423,TS09AB6854,729
193941285366,INV-9424,TS09AB2796,356
578591180354,INV-9425,TS09AB4733,182
375421429342,INV-9427,TS09AB8545,370
450040363437,INV-9428,TS09AB3086,129
790449235637,INV-9429,TS09AB1878,708
650511367316,INV-9430,TS09AB4911,90
384544735808,INV-9431,TS09AB1507,878
243968190804,INV-9433,TS09AB8612,84
909832965282,INV-9434,TS09AB5811,941
603431339417,INV-9435,TS09AB4389,879
465783913267,INV-9437,TS09AB2708,993
280754814416,INV-9438,TS09AB6045,617
463333285068,INV-9441,TS09AB9599,148
812429672891,INV-9442,TS09AB5074,960
424100210543,INV-9443,TS09AB5685,313
931468102885,INV-9444,TS09AB7738,650
913852178390,INV-9445,TS09AB5938,891
532282955431,INV-9446,TS09AB6826,758
844827445028,INV-9447,TS09AB6234,516
990282720145,INV-9450,TS09AB4354,802
184466100453,INV-9451,TS09AB4539,399
893740986820,INV-9452,TS09AB5506,849
888163030227,INV-9454,TS09AB6833,995
119965385166,INV-9455,TS09AB3401,514
365873702197,INV-9456,TS09AB6478,396
588869577758,INV-9457,TS09AB7441,108
959954272947,INV-9458,TS09AB7114,501
843870296696,INV-9460,TS09AB3221,584
686017236134,INV-9461,TS09AB6227,408
808056191965,INV-9462,TS09AB8094,539
368593407727,INV-9464,TS09AB1282,434
817902272253,INV-9469,TS09AB7285,188
263904464611,INV-9470,TS09AB5942,255
862657069895,INV-9471,TS09AB3801,237
238066027264,INV-9472,TS09AB5647,167
423284082424,INV-9473,TS09AB6586,287
991255106361,INV-9474,TS09AB3089,230
239540121908,INV-9475,TS09AB3074,837
620090157767,INV-9476,TS09AB5158,974
344966581123,INV-9477,TS09AB3491,930
708737237058,INV-9478,TS09AB6963,633
698112190350,INV-9479,TS09AB7958,663
623485083543,INV-9480,TS09AB6134,853
290629321201,INV-9481,TS09AB9163,411
743257622906,INV-9482,TS09AB9950,44
639284253140,INV-9483,TS09AB5257,285
393548850190,INV-9484,TS09AB1134,687
689470084134,INV-9485,TS09AB7579,761
263250331992,INV-9486,TS09AB1599,421
635499422841,INV-9487,TS09AB9334,763
595239944392,INV-9488,TS09AB4190,94
122952668708,INV-9489,TS09AB5712,399
833403406560,INV-9490,TS09AB9299,945
208221531779,INV-9491,TS09AB9813,514
852100686133,INV-9492,TS09AB8479,249
260475488255,INV-9493,TS09AB2128,263
427560887980,INV-9494,TS09AB9348,745
920404178552,INV-9495,TS09AB9816,814
559615718363,INV-9496,TS09AB9397,108
631533418492,INV-9498,TS09AB2650,714
365703663858,INV-9500,TS09AB3415,507
690240654178,INV-9501,TS09AB9335,626
996230369758,INV-9503,TS09AB6317,693
652863262679,INV-9504,TS09AB8311,93
115872004358,INV-9505,TS09AB7288,726
925974759892,INV-9506,TS09AB1172,229
430761809344,INV-9507,TS09AB7538,264
261394676760,INV-9508,TS09AB9955,165
266472597113,INV-9509,TS09AB1166,749
618166639805,INV-9510,TS09AB8912,727
398957078062,INV-9511,TS09AB5574,964
772529253662,INV-9512,TS09AB6746,559
421773741854,INV-9513,TS09AB8511,414
411504967349,INV-9514,TS09AB5949,201
795849551912,INV-9515,TS09AB7600,913
945881543741,INV-9516,TS09AB4508,519
513328468315,INV-9517,TS09AB8088,810
412446704717,INV-9518,TS09AB6661,32
803226242340,INV-9520,TS09AB3480,111
940230962705,INV-9521,TS09AB4226,582
292739848323,INV-9522,TS09AB1531,254
914462655422,INV-9523,TS09AB9500,327
604028590648,INV-9524,TS09AB5970,36
417729218220,INV-9525,TS09AB1665,964
289400670092,INV-9526,TS09AB9992,775
607117534523,INV-9527,TS09AB1043,192
822648114198,INV-9528,TS09AB6014,357
697165094855,INV-9529,TS09AB4883,258
555110558703,INV-9530,TS09AB2794,834
525718225360,INV-9531,TS09AB1938,326
177043063333,INV-9532,TS09AB7332,774
274232817863,INV-9533,TS09AB2983,663
254218792681,INV-9534,TS09AB5220,786
858049840071,INV-9535,TS09AB4857,249
278485368464,INV-9536,TS09AB6881,197
212745744140,INV-9537,TS09AB8174,320
686986742664,INV-9538,TS09AB1476,534
909049592816,INV-9539,TS09AB6544,674
510941148963,INV-9540,TS09AB1236,155
823531130795,INV-9541,TS09AB4407,573
841301217747,INV-9542,TS09AB3563,762
598078892355,INV-9543,TS09AB1528,152
669062623953,INV-9544,TS09AB2449,659
377028268578,INV-9545,TS09AB8181,123
100049786675,INV-9546,TS09AB9841,808
820892100973,INV-9547,TS09AB7908,715
621624538210,INV-9548,TS09AB2939,316
382784922557,INV-9550,TS09AB7608,340
660413384048,INV-9551,TS09AB1574,98
759255020959,INV-9553,TS09AB7230,979
366329074440,INV-9554,TS09AB5273,319
571728587127,INV-9555,TS09AB6643,847
192424265254,INV-9556,TS09AB3601,467
374620102069,INV-9557,TS09AB5397,725
650772506093,INV-9558,TS09AB2492,15
903199031222,INV-9559,TS09AB2327,1000
851380530132,INV-9560,TS09AB2369,903
613886384066,INV-9562,TS09AB5281,379
197244087599,INV-9563,TS09AB6379,97
930558440021,INV-9564,TS09AB2414,580
837336691784,INV-9565,TS09AB4037,552
771202538922,INV-9566,TS09AB3532,665
994059685390,INV-9567,TS09AB1139,900
228617047969,INV-9568,TS09AB8940,363
709840191073,INV-9569,TS09AB6636,89
657250355271,INV-9570,TS09AB8401,331
762174269238,INV-9571,TS09AB5203,45
869787280957,INV-9572,TS09AB4027,485
361765443197,INV-9573,TS09AB6973,413
465602501542,INV-9574,TS09AB6033,211
311047409560,INV-9575,TS09AB8515,427
863573930939,INV-9578,TS09AB8265,759
562166028040,INV-9579,TS09AB4970,975
265412976310,INV-9580,TS09AB9029,96
634947181619,INV-9581,TS09AB4269,768
362761273862,INV-9583,TS09AB6606,796
777177024683,INV-9586,TS09AB2221,869
144606762115,INV-9587,TS09AB6002,42
529302395164,INV-9588,TS09AB8858,422
775465100487,INV-9589,TS09AB5741,100
863434436398,INV-9591,TS09AB4553,858
626058907569,INV-9593,TS09AB9441,780
630532455591,INV-9594,TS09AB2933,441
271624299796,INV-9595,TS09AB5278,522
377093957882,INV-9596,TS09AB2833,454
156344784952,INV-9597,TS09AB9823,27
521308695449,INV-9598,TS09AB2779,618
322034447427,INV-9600,TS09AB3065,629
329724832042,INV-9601,TS09AB7828,135
528140533532,INV-9602,TS09AB6968,973
764200420084,INV-9603,TS09AB2375,289
813514596440,INV-9604,TS09AB5484,914
515001768370,INV-9605,TS09AB7728,689
190909610839,INV-9608,TS09AB6440,394
191707459580,INV-9610,TS09AB4567,517
733138856651,INV-9611,TS09AB5782,896
346122642795,INV-9612,TS09AB6730,124
972834987810,INV-9613,TS09AB9124,38
518778778321,INV-9615,TS09AB5933,622
674411410102,INV-9616,TS09AB3537,573
331106171490,INV-9617,TS09AB2872,774
250197694264,INV-9618,TS09AB1155,401
571183800945,INV-9619,TS09AB8235,153
428831005618,INV-9620,TS09AB9975,889
188369093124,INV-9621,TS09AB5645,85
237394455151,INV-9622,TS09AB6345,669
570158156047,INV-9623,TS09AB3003,945
845623702590,INV-9624,TS09AB9494,743
246756234410,INV-9625,TS09AB2801,441
203008896953,INV-9626,TS09AB8414,878
138876295445,INV-9627,TS09AB2452,380
369823127460,INV-9628,TS09AB2694,613
871979370195,INV-9629,TS09AB7037,371
614601381316,INV-9630,TS09AB8324,494
503690161603,INV-9631,TS09AB6977,346
242634108703,INV-9632,TS09AB1888,742
250435265517,INV-9634,TS09AB9932,627
709114307808,INV-9635,TS09AB1266,751
978143791973,INV-9636,TS09AB9750,688
771321083725,INV-9639,TS09AB8409,746
446359194923,INV-9640,TS09AB6882,524
843502857583,INV-9641,TS09AB3467,998
841154308333,INV-9642,TS09AB9183,724
326188323964,INV-9643,TS09AB4200,169
269759256689,INV-9644,TS09AB3831,918
428972101544,INV-9646,TS09AB4383,640
249385676012,INV-9647,TS09AB2576,763
688164312740,INV-9648,TS09AB7054,161
345172120774,INV-9649,TS09AB2290,113
848266942603,INV-9650,TS09AB5589,326
745267157213,INV-9651,TS09AB1602,298
953102335038,INV-9652,TS09AB9671,148
991508654642,INV-9653,TS09AB6122,161
646723070057,INV-9654,TS09AB4471,355
602789902935,INV-9655,TS09AB2029,681
450343785883,INV-9657,TS09AB3424,135
187759255450,INV-9658,TS09AB1661,736
421851150601,INV-9661,TS09AB8891,229
448345182918,INV-9662,TS09AB5424,382
361336646129,INV-9663,TS09AB5603,734
928083544258,INV-9664,TS09AB4271,708
926648793207,INV-9665,TS09AB9764,691
805835247176,INV-9666,TS09AB8409,176
382756294755,INV-9668,TS09AB9557,802
765486920827,INV-9669,TS09AB2372,892
965911196998,INV-9670,TS09AB2775,883
220228116402,INV-9671,TS09AB9947,865
391374744640,INV-9672,TS09AB5197,930
567197557594,INV-9673,TS09AB5103,338
890964704725,INV-9674,TS09AB3795,645
263723020552,INV-9675,TS09AB2058,722
622179864332,INV-9676,TS09AB4927,608
829663423586,INV-9678,TS09AB5381,219
452691675339,INV-9679,TS09AB3155,541
857249410704,INV-9680,TS09AB3469,256
926859065699,INV-9681,TS09AB3033,447
852683910456,INV-9682,TS09AB4414,433
793387552081,INV-9683,TS09AB8013,433
268979983935,INV-9684,TS09AB8174,335
941258086511,INV-9685,TS09AB2696,682
343847624704,INV-9686,TS09AB5506,351
808526759067,INV-9687,TS09AB7392,221
923464123119,INV-9688,TS09AB2980,113
906263330985,INV-9689,TS09AB2453,610
513852730210,INV-9690,TS09AB1870,120
256272655884,INV-9691,TS09AB8459,985
833651618662,INV-9692,TS09AB9241,18
511355766650,INV-9693,TS09AB9787,85
102671863404,INV-9694,TS09AB3875,750
697379538451,INV-9695,TS09AB6842,731
387049973471,INV-9696,TS09AB7492,428
296827249409,INV-9697,TS09AB5683,198
143274043317,INV-9698,TS09AB1235,667
425681633946,INV-9699,TS09AB5220,884
298502987343,INV-9701,TS09AB9212,426
439339068922,INV-9702,TS09AB8591,819
824532232169,INV-9703,TS09AB9125,329
928903054009,INV-9704,TS09AB9371,712
646668395981,INV-9706,TS09AB6671,852
734612673645,INV-9707,TS09AB1660,261
238897644032,INV-9708,TS09AB9394,445
711591728376,INV-9709,TS09AB7293,982
622205496163,INV-9710,TS09AB3643,644
581941831322,INV-9711,TS09AB4656,969
777725097033,INV-9712,TS09AB2551,531
923471062523,INV-9713,TS09AB4584,57
700662908040,INV-9714,TS09AB8374,200
330099561773,INV-9715,TS09AB5870,596
785778507047,INV-9716,TS09AB2258,617
948355889645,INV-9717,TS09AB4095,25
227782662634,INV-9719,TS09AB3078,806
766679148294,INV-9720,TS09AB6930,741
820633410498,INV-9721,TS09AB4656,920
559451973515,INV-9722,TS09AB1641,220
985594608263,INV-9723,TS09AB8394,603
756766840896,INV-9724,TS09AB8481,101
559460628395,INV-9725,TS09AB5779,627
303680414711,INV-9726,TS09AB1085,931
730280232357,INV-9727,TS09AB6352,175
301058636099,INV-9728,TS09AB1663,306
124382647605,INV-9729,TS09AB1389,263
677125641758,INV-9730,TS09AB6820,985
486963408947,INV-9731,TS09AB3258,847
228566840149,INV-9732,TS09AB9977,730
136736396780,INV-9733,TS09AB8498,32
412388864145,INV-9734,TS09AB9799,480
309710310231,INV-9735,TS09AB9563,55
446391435492,INV-9736,TS09AB4739,374
830786869995,INV-9737,TS09AB9826,773
654155852105,INV-9738,TS09AB4340,267
354306325083,INV-9739,TS09AB9793,942
735745132736,INV-9740,TS09AB9437,831
275635809444,INV-9741,TS09AB2946,387
696267960507,INV-9743,TS09AB1399,869
775484061868,INV-9744,TS09AB4242,937
893121607013,INV-9745,TS09AB8284,582
569793040663,INV-9746,TS09AB3890,852
850444545289,INV-9747,TS09AB1100,677
397220374748,INV-9749,TS09AB3290,530
987347969108,INV-9751,TS09AB3563,39
202466571621,INV-9752,TS09AB8202,743
759744351989,INV-9753,TS09AB9979,262
396860671941,INV-9754,TS09AB7236,92
853467454809,INV-9755,TS09AB4929,386
574196696705,INV-9756,TS09AB3876,68
276756803527,INV-9757,TS09AB2074,835
306529518488,INV-9758,TS09AB6579,23
348115762815,INV-9759,TS09AB4661,660
462830969590,INV-9761,TS09AB8283,706
672958484573,INV-9763,TS09AB6264,557
682663347489,INV-9764,TS09AB3041,758
508209966006,INV-9765,TS09AB1591,108
615877635960,INV-9767,TS09AB7360,969
373537802062,INV-9769,TS09AB6722,949
449431401302,INV-9770,TS09AB6007,67
284803023074,INV-9771,TS09AB8081,310
510740289247,INV-9772,TS09AB3649,348
719099041482,INV-9773,TS09AB5484,782
374963750754,INV-9774,TS09AB1383,616
498785397154,INV-9775,TS09AB9436,648
987065611397,INV-9776,TS09AB5685,397
888990318224,INV-9777,TS09AB6039,547
132127382086,INV-9779,TS09AB2750,389
853033823302,INV-9780,TS09AB3901,418
394878257333,INV-9781,TS09AB6936,606
205588760037,INV-9782,TS09AB9593,798
577554227942,INV-9783,TS09AB4841,635
529356276820,INV-9784,TS09AB7989,643
351589808335,INV-9785,TS09AB2395,612
940890676541,INV-9786,TS09AB5377,990
831070982526,INV-9787,TS09AB1634,779
244226409376,INV-9788,TS09AB1528,721
905867439837,INV-9789,TS09AB8437,806
769453461900,INV-9790,TS09AB8874,696
271430540107,INV-9791,TS09AB2375,703
873038230087,INV-9792,TS09AB6655,161
775563214506,INV-9793,TS09AB2644,274
963560489251,INV-9794,TS09AB5156,793
411872055069,INV-9795,TS09AB4193,11
726891790299,INV-9796,TS09AB4467,14
293804932377,INV-9797,TS09AB9193,238
115096671487,INV-9798,TS09AB2700,594
373066184434,INV-9799,TS09AB2038,568
344217026567,INV-9800,TS09AB6381,331
666981861615,INV-9801,TS09AB9071,412
119786684109,INV-9804,TS09AB7106,121
637013143460,INV-9805,TS09AB1054,373
600195783189,INV-9806,TS09AB5402,110
218294705533,INV-9807,TS09AB2538,542
890657595860,INV-9808,TS09AB2090,399
231790111581,INV-9809,TS09AB6173,228
425995800033,INV-9811,TS09AB8426,330
187529709982,INV-9812,TS09AB9887,857
599035239447,INV-9813,TS09AB7804,321
120080191425,INV-9814,TS09AB7939,918
287305319539,INV-9815,TS09AB4612,21
400312361023,INV-9816,TS09AB6647,45
923194192777,INV-9817,TS09AB2865,277
739884363932,INV-9818,TS09AB8334,361
956756636072,INV-9819,TS09AB9932,867
918122261824,INV-9820,TS09AB3647,353
741718318040,INV-9821,TS09AB4319,321
326918640838,INV-9822,TS09AB7719,260
852020537251,INV-9823,TS09AB4887,873
762194724489,INV-9824,TS09AB4746,366
972739834385,INV-9825,TS09AB1245,50
377754012318,INV-9827,TS09AB2906,510
868654835551,INV-9828,TS09AB4250,650
520250888470,INV-9830,TS09AB9046,919
737079674529,INV-9831,TS09AB7059,200
347236254865,INV-9832,TS09AB6478,596
467159713500,INV-9833,TS09AB6313,944
980505929685,INV-9835,TS09AB8304,95
757187852583,INV-9836,TS09AB1456,989
817993490825,INV-9840,TS09AB8316,701
839406413557,INV-9842,TS09AB4200,157
159968463092,INV-9844,TS09AB1274,839
696729020569,INV-9845,TS09AB5966,662
301384954955,INV-9846,TS09AB3908,208
468603956636,INV-9847,TS09AB5637,377
679560874994,INV-9849,TS09AB9740,545
608913117823,INV-9850,TS09AB5176,931
199713806895,INV-9851,TS09AB5411,587
149452765942,INV-9852,TS09AB1605,960
308331283849,INV-9853,TS09AB2733,857
232443970190,INV-9854,TS09AB4929,229
967957654488,INV-9855,TS09AB5334,764
175493487741,INV-9856,TS09AB7555,927
215464080203,INV-9857,TS09AB9713,920
268910935961,INV-9858,TS09AB3714,903
632091502353,INV-9859,TS09AB2137,839
687052707814,INV-9860,TS09AB1382,248
716546582985,INV-9861,TS09AB1414,261
130940952127,INV-9862,TS09AB9073,548
902392700280,INV-9863,TS09AB8810,544
518796120991,INV-9864,TS09AB3661,235
864822497609,INV-9865,TS09AB2656,993
561381866486,INV-9866,TS09AB1000,485
781772897331,INV-9867,TS09AB4607,32
719340367396,INV-9868,TS09AB2177,650
611968426884,INV-9869,TS09AB2223,522
440086552427,INV-9870,TS09AB5667,364
934911660499,INV-9871,TS09AB7521,491
419585812848,INV-9872,TS09AB3478,367
429325184434,INV-9873,TS09AB8757,670
874896222576,INV-9874,TS09AB9166,280
780340994859,INV-9875,TS09AB3441,58
316567149002,INV-9876,TS09AB8037,497
927560388166,INV-9877,TS09AB4392,609
968722994894,INV-9879,TS09AB1149,193
747363802343,INV-9880,TS09AB5330,141
882531954502,INV-9881,TS09AB2438,812
174030608699,INV-9882,TS09AB3286,988
603867441551,INV-9883,TS09AB7548,18
488533573142,INV-9884,TS09AB2480,459
371500421279,INV-9885,TS09AB2685,990
806056999037,INV-9886,TS09AB1943,15
684555146404,INV-9887,TS09AB2276,22
468465960443,INV-9888,TS09AB2598,464
531257301655,INV-9889,TS09AB8888,675
965726275111,INV-9890,TS09AB4057,278
862429781909,INV-9891,TS09AB2568,137
683248411191,INV-9892,TS09AB4620,903
672009069233,INV-9893,TS09AB4521,879
899183407074,INV-9894,TS09AB4453,314
865259179979,INV-9895,TS09AB3805,594
234072002789,INV-9896,TS09AB4739,883
349291246628,INV-9897,TS09AB2658,182
196393381832,INV-9898,TS09AB8641,793
685515668368,INV-9899,TS09AB1995,872
705961560207,INV-9900,TS09AB2067,23
176139184071,INV-9901,TS09AB5378,624
356628174160,INV-9902,TS09AB3338,949
782478958531,INV-9903,TS09AB1729,360
790747501240,INV-9904,TS09AB5570,680
280076478231,INV-9905,TS09AB4888,30
185026247483,INV-9906,TS09AB2609,704
803131024424,INV-9907,TS09AB4265,407
390403849109,INV-9908,TS09AB6958,268
879855160256,INV-9909,TS09AB9765,267
706226031571,INV-9910,TS09AB8073,926
313555317690,INV-9911,TS09AB4655,149
421041745348,INV-9912,TS09AB7102,164
380464010417,INV-9913,TS09AB1761,241
362293698231,INV-9914,TS09AB8543,533
150620154871,INV-9915,TS09AB1883,294
223015284887,INV-9916,TS09AB6652,956
427718754976,INV-9917,TS09AB9405,825
983057574688,INV-9918,TS09AB4728,115
186358167793,INV-9919,TS09AB1844,70
906836555218,INV-9920,TS09AB4639,357
559205653905,INV-9921,TS09AB5425,84
774590990128,INV-9922,TS09AB1872,484
864931545583,INV-9923,TS09AB6960,242
939895086078,INV-9924,TS09AB1624,956
153016153077,INV-9925,TS09AB6558,689
260686608528,INV-9926,TS09AB2708,806
762121164898,INV-9927,TS09AB9732,529
753108403018,INV-9928,TS09AB2920,324
914413419204,INV-9929,TS09AB5174,744
598291884946,INV-9930,TS09AB5125,922
344439847118,INV-9931,TS09AB3541,252
315914959369,INV-9932,TS09AB3423,742
588580669307,INV-9933,TS09AB4679,821
773050583112,INV-9934,TS09AB5604,34
522758279175,INV-9935,TS09AB3433,384
940883188632,INV-9937,TS09AB1250,321
866726499924,INV-9938,TS09AB4994,471
486596061668,INV-9939,TS09AB5040,336
161128987484,INV-9941,TS09AB8816,193
664311745051,INV-9942,TS09AB2830,853
214654286419,INV-9943,TS09AB8381,654
902332997644,INV-9944,TS09AB1371,240
423815050261,INV-9945,TS09AB7700,221
931850043174,INV-9946,TS09AB2310,758
382017858184,INV-9947,TS09AB9484,402
840713881515,INV-9948,TS09AB7738,332
929433215222,INV-9949,TS09AB4909,743
238622287702,INV-9950,TS09AB3538,901
469744616979,INV-9951,TS09AB1095,786
728620710957,INV-9952,TS09AB1625,359
307582267414,INV-9953,TS09AB2579,857
698218128333,INV-9954,TS09AB7205,624
282003582649,INV-9955,TS09AB7814,123
698797606122,INV-9956,TS09AB2616,900
128781162420,INV-9957,TS09AB1897,289
328086714775,INV-9958,TS09AB8412,135
546301093539,INV-9960,TS09AB9650,700
311667830734,INV-9961,TS09AB3988,739
379036232911,INV-9962,TS09AB5387,377
697131457308,INV-9963,TS09AB2370,512
236066508726,INV-9964,TS09AB6788,790
795095503713,INV-9965,TS09AB2026,761
365732497543,INV-9966,TS09AB7135,723
560785974986,INV-9967,TS09AB9479,60
928662951920,INV-9968,TS09AB8834,834
345345550137,INV-9969,TS09AB4458,503
617825359082,INV-9970,TS09AB6218,862
727095375121,INV-9971,TS09AB9881,57
619791891591,INV-9972,TS09AB5756,881
536546147868,INV-9973,TS09AB4787,264
371802579628,INV-9974,TS09AB2601,206
977653188697,INV-9975,TS09AB1125,661
978079138722,INV-9976,TS09AB4374,47
655746098985,INV-9977,TS09AB5325,310
710772781747,INV-9978,TS09AB4821,826
857090289436,INV-9979,TS09AB2067,209
185604671034,INV-9980,TS09AB5573,755
561589950555,INV-9981,TS09AB8735,327
662329110011,INV-9983,TS09AB7075,763
262039227936,INV-9984,TS09AB4548,825
805749639268,INV-9985,TS09AB2703,956
776122879244,INV-9986,TS09AB6922,96
541865271486,INV-9987,TS09AB2644,833
169215005438,INV-9988,TS09AB9861,229
284617430450,INV-9989,TS09AB1328,108
697414445498,INV-9990,TS09AB9405,943
560997409154,INV-9991,TS09AB7765,710
469655529426,INV-9992,TS09AB3634,547
460609653141,INV-9993,TS09AB7387,244
839232089070,INV-9994,TS09AB5502,503
792675519832,INV-9995,TS09AB5824,509
717882774288,INV-9996,TS09AB1088,513
982224310729,INV-9997,TS09AB4695,470
194887519445,INV-9999,TS09AB5269,537
359893926492,INV-10000,TS09AB6871,751
100692461719,INV-10001,TS09AB3651,269
176495619005,INV-10002,TS09AB5217,563
854083862970,INV-10003,TS09AB8708,558
338276045855,INV-10004,TS09AB2509,222
915401132959,INV-10005,TS09AB2080,873
816357640161,INV-10006,TS09AB2668,67
361138781160,INV-10008,TS09AB9859,978
410814701866,INV-10009,TS09AB4342,750
500668137231,INV-10010,TS09AB7969,921
578392928334,INV-10011,TS09AB7261,475
133568423188,INV-10012,TS09AB8043,786
428752337843,INV-10013,TS09AB8171,161
686184249007,INV-10015,TS09AB5794,182
277387837128,INV-10016,TS09AB3804,153
367609874454,INV-10017,TS09AB9424,531
412230368574,INV-10018,TS09AB9459,328
844296520476,INV-10020,TS09AB3476,392
863198502003,INV-10021,TS09AB8122,836
562033050155,INV-10022,TS09AB6753,94
587363349749,INV-10023,TS09AB3613,445
784236871021,INV-10024,TS09AB5660,399
429708344895,INV-10025,TS09AB9627,462
188947689573,INV-10026,TS09AB4952,483
635523445703,INV-10027,TS09AB1001,952
951313737716,INV-10029,TS09AB8467,872
325650878325,INV-10030,TS09AB2041,991
238698244136,INV-10031,TS09AB2372,274
185888610574,INV-10032,TS09AB2900,755
438948943761,INV-10033,TS09AB1112,96
725089636557,INV-10034,TS09AB8910,215
865411367228,INV-10035,TS09AB1591,206
455239190750,INV-10036,TS09AB7154,257
687644142523,INV-10037,TS09AB6194,789
221654705478,INV-10038,TS09AB7077,144
459845505283,INV-10040,TS09AB7563,471
623818679666,INV-10041,TS09AB9145,313
193878399401,INV-10042,TS09AB2797,542
653157159531,INV-10043,TS09AB9708,807
675727977768,INV-10044,TS09AB6562,233
463526253830,INV-10045,TS09AB1686,712
968995514927,INV-10046,TS09AB3984,221
814743441267,INV-10047,TS09AB1801,349
186116209375,INV-10048,TS09AB4898,486
251219924985,INV-10049,TS09AB9608,680
828953784804,INV-10050,TS09AB4906,981
910151866116,INV-10051,TS09AB4072,329
521370259656,INV-10053,TS09AB3910,449
881917202203,INV-10054,TS09AB1063,904
532451188657,INV-10057,TS09AB6425,683
312355675344,INV-10058,TS09AB7660,775
105449237857,INV-10059,TS09AB9589,38
834807964992,INV-10060,TS09AB6599,897
476502405454,INV-10061,TS09AB4083,710
821627485226,INV-10062,TS09AB2807,552
947073784452,INV-10063,TS09AB4465,660
642650311840,INV-10064,TS09AB3800,646
793805680759,INV-10066,TS09AB2108,246
689596928820,INV-10068,TS09AB7117,580
943905441170,INV-10069,TS09AB2924,539
245411886841,INV-10072,TS09AB4250,669
216312806467,INV-10073,TS09AB6319,273
231711760946,INV-10074,TS09AB1144,215
336033386940,INV-10075,TS09AB3855,877
420682166654,INV-10076,TS09AB2996,887
155129145805,INV-10077,TS09AB4964,13
667930968671,INV-10078,TS09AB9096,165
807880818606,INV-10079,TS09AB8408,743
733247088609,INV-10081,TS09AB3499,601
508731540642,INV-10082,TS09AB2530,488
229706429659,INV-10083,TS09AB9760,970
730639470051,INV-10084,TS09AB6631,409
118005663190,INV-10085,TS09AB6505,992
983188915028,INV-10086,TS09AB9301,702
136047700230,INV-10087,TS09AB5795,906
478385552637,INV-10088,TS09AB2308,282
118633403700,INV-10089,TS09AB1732,405
980092314339,INV-10091,TS09AB8795,116
220064020248,INV-10092,TS09AB1062,644
147503689337,INV-10093,TS09AB1715,784
649156400953,INV-10094,TS09AB1623,635
726788695558,INV-10095,TS09AB5006,319
914502601458,INV-10096,TS09AB6634,163
905042109860,INV-10097,TS09AB1900,865
301751428484,INV-10098,TS09AB3372,920
757083799014,INV-10099,TS09AB2742,374
383911288090,INV-10100,TS09AB8351,805
837190783371,INV-10101,TS09AB9400,724
678778333574,INV-10102,TS09AB5460,65
223048626298,INV-10105,TS09AB5389,637
365581358913,INV-10106,TS09AB2281,859
951355654742,INV-10107,TS09AB6045,415
197265945484,INV-10108,TS09AB7590,771
271098178090,INV-10109,TS09AB9775,815
866106494926,INV-10110,TS09AB3813,37
944655047587,INV-10111,TS09AB7208,323
292002603251,INV-10113,TS09AB8922,479
801751478643,INV-10114,TS09AB5232,321
373984175857,INV-10116,TS09AB3670,797
500810659362,INV-10117,TS09AB1885,640
611085298710,INV-10118,TS09AB9101,658
197906136112,INV-10120,TS09AB8282,555
740001780319,INV-10122,TS09AB3232,396
176017008996,INV-10123,TS09AB3722,674
911439055977,INV-10124,TS09AB7410,750
958277674665,INV-10125,TS09AB3856,939
238661512842,INV-10126,TS09AB4434,433
331664603318,INV-10127,TS09AB6463,294
625002507304,INV-10128,TS09AB9152,304
210476099530,INV-10129,TS09AB5319,765
880982517939,INV-10131,TS09AB3210,405
503474095068,INV-10132,TS09AB6440,791
144807152596,INV-10136,TS09AB4964,983
582224342141,INV-10137,TS09AB2556,957
476909300032,INV-10138,TS09AB1459,487
637875233911,INV-10140,TS09AB3995,999
392389751420,INV-10141,TS09AB9386,468
948861731096,INV-10143,TS09AB5653,234
834479175267,INV-10144,TS09AB9149,769
736276281255,INV-10147,TS09AB4357,705
898103596842,INV-10148,TS09AB8069,679
483390977604,INV-10149,TS09AB9702,363
199738784911,INV-10150,TS09AB9464,393
944746213928,INV-10151,TS09AB3098,805
754960651145,INV-10152,TS09AB9391,825
891036972872,INV-10154,TS09AB5837,874
400840514498,INV-10155,TS09AB3435,643
968437379274,INV-10156,TS09AB8216,831
526176906213,INV-10158,TS09AB1778,250
697620924062,INV-10162,TS09AB4118,336
976525760490,INV-10163,TS09AB5174,718
943892996312,INV-10164,TS09AB4975,118
448198005025,INV-10165,TS09AB3849,589
787069815216,INV-10166,TS09AB8180,916
121902252361,INV-10167,TS09AB4369,909
875208325986,INV-10168,TS09AB5603,527
644766455295,INV-10169,TS09AB2275,863
958072405713,INV-10170,TS09AB1564,990
236994538527,INV-10171,TS09AB8515,319
578843681701,INV-10172,TS09AB7571,154
469349242025,INV-10173,TS09AB9117,483
494112519575,INV-10174,TS09AB3089,617
854672943362,INV-10175,TS09AB5107,479
185089825343,INV-10176,TS09AB2111,983
375059160372,INV-10177,TS09AB4571,857
636496103910,INV-10178,TS09AB3538,630
976711396998,INV-10180,TS09AB9976,213
835042648843,INV-10181,TS09AB3800,306
717098479346,INV-10182,TS09AB2459,523
212532794589,INV-10183,TS09AB2749,818
763904145088,INV-10184,TS09AB3942,361
561925408159,INV-10185,TS09AB2475,441
930011260121,INV-10187,TS09AB1455,775
231752634850,INV-10188,TS09AB7622,822
632730510531,INV-10189,TS09AB7624,30
984572312240,INV-10190,TS09AB3083,739
655515029390,INV-10191,TS09AB9387,875
890002676290,INV-10192,TS09AB8981,502
310210268552,INV-10193,TS09AB9825,42
952127861906,INV-10197,TS09AB9082,315
819810993546,INV-10199,TS09AB3133,825
292842181896,INV-10201,TS09AB1321,841
985214222877,INV-10202,TS09AB8892,216
815073557041,INV-10203,TS09AB4114,142
959590962229,INV-10204,TS09AB3177,591
351606624385,INV-10205,TS09AB6964,427
618597027116,INV-10206,TS09AB1412,931
939634712509,INV-10207,TS09AB9748,932
819885515511,INV-10208,TS09AB9960,591
511832534384,INV-10209,TS09AB3805,516
159224133652,INV-10210,TS09AB9154,257
771290870826,INV-10212,TS09AB2515,802
121151195595,INV-10213,TS09AB7706,245
462159285445,INV-10214,TS09AB2896,630
930932950834,INV-10215,TS09AB2753,173
839367731019,INV-10216,TS09AB7975,809
124918479264,INV-10217,TS09AB4007,451
460072233482,INV-10218,TS09AB1318,146
435370988578,INV-10219,TS09AB2566,674
999602292249,INV-10220,TS09AB7940,329
419246549851,INV-10221,TS09AB6943,87
563039394744,INV-10222,TS09AB2326,39
272644462806,INV-10224,TS09AB2429,15
558515499601,INV-10225,TS09AB6797,471
492939174891,INV-10226,TS09AB9908,958
823065740648,INV-10227,TS09AB6055,192
507237790956,INV-10228,TS09AB4391,130
394429775156,INV-10229,TS09AB9656,60
707598231344,INV-10230,TS09AB8117,630
985575139689,INV-10232,TS09AB6180,545
377530142971,INV-10233,TS09AB1972,763
255940750405,INV-10235,TS09AB8775,174
782271776385,INV-10236,TS09AB1431,882
976847273407,INV-10237,TS09AB1836,799
358623121576,INV-10238,TS09AB4385,344
730085821154,INV-10239,TS09AB9928,921
939830099160,INV-10240,TS09AB5968,987
391349160131,INV-10241,TS09AB4796,996
291144751063,INV-10242,TS09AB4313,792
409560764949,INV-10243,TS09AB4872,605
516371914121,INV-10244,TS09AB5391,210
435541118428,INV-10245,TS09AB4128,427
273539662037,INV-10246,TS09AB7661,147
760972657452,INV-10247,TS09AB3104,427
722953250200,INV-10248,TS09AB8499,886
924856352720,INV-10249,TS09AB4936,307
386294338864,INV-10250,TS09AB1849,937
694570420199,INV-10251,TS09AB9612,733
205196333834,INV-10252,TS09AB3669,260
230221905657,INV-10253,TS09AB9786,309
814584367510,INV-10254,TS09AB3286,222
563798202449,INV-10255,TS09AB3877,242
548178884535,INV-10256,TS09AB3214,195
125566448608,INV-10257,TS09AB4842,43
583167670945,INV-10258,TS09AB4586,229
193824441436,INV-10259,TS09AB5367,621
660508225932,INV-10260,TS09AB1347,572
681271312530,INV-10261,TS09AB5312,266
993317278968,INV-10262,TS09AB2233,359
581101741400,INV-10266,TS09AB1589,357
887736771387,INV-10267,TS09AB4500,918
191354084511,INV-10268,TS09AB5999,459
907416537556,INV-10269,TS09AB3373,752
294740877008,INV-10270,TS09AB3523,554
150342485638,INV-10271,TS09AB2328,242
676590068129,INV-10272,TS09AB4081,556
816633081296,INV-10273,TS09AB7790,396
514974179798,INV-10274,TS09AB5749,186
215315557031,INV-10275,TS09AB4600,116
741270233702,INV-10276,TS09AB6841,841
636950995019,INV-10277,TS09AB8519,731
388969421987,INV-10278,TS09AB6574,929
843795984875,INV-10279,TS09AB3822,928
835579144936,INV-10280,TS09AB3601,635
187907745589,INV-10282,TS09AB6864,825
437376231531,INV-10283,TS09AB3145,360
857806701437,INV-10284,TS09AB9785,184
756680416401,INV-10285,TS09AB1613,467
825216950263,INV-10286,TS09AB3480,280
250426071176,INV-10287,TS09AB6297,473
194155949614,INV-10288,TS09AB5213,169
212984565985,INV-10289,TS09AB8597,787
380152217023,INV-10290,TS09AB9259,686
913677170620,INV-10291,TS09AB1122,604
632834612020,INV-10292,TS09AB8037,357
212656782030,INV-10294,TS09AB4707,781
338519113591,INV-10295,TS09AB4716,533
811478417741,INV-10297,TS09AB1804,905
978704262284,INV-10299,TS09AB3879,392
650226106624,INV-10300,TS09AB8455,36
269202343589,INV-10301,TS09AB9602,443
764105952472,INV-10302,TS09AB1283,435
883528530402,INV-10303,TS09AB4250,559
572703082952,INV-10304,TS09AB3593,954
894502292732,INV-10305,TS09AB7330,315
478697816940,INV-10307,TS09AB2098,546
109085779903,INV-10308,TS09AB6538,509
275155204112,INV-10309,TS09AB5014,843
773330645051,INV-10310,TS09AB1010,302
588277142402,INV-10311,TS09AB2823,404
959683243196,INV-10312,TS09AB7239,859
479038408649,INV-10313,TS09AB4325,656
184277066277,INV-10315,TS09AB2216,247
578404549740,INV-10316,TS09AB2656,916
451371272471,INV-10317,TS09AB1584,777
379958594487,INV-10318,TS09AB1488,911
818661410817,INV-10319,TS09AB1371,861
950266615949,INV-10320,TS09AB5226,293
921734060591,INV-10321,TS09AB6817,982
366987820086,INV-10322,TS09AB4066,890
286892393309,INV-10323,TS09AB1228,674
440359716616,INV-10324,TS09AB1281,80
532171993949,INV-10325,TS09AB1347,215
572953971680,INV-10326,TS09AB5723,410
114737465572,INV-10328,TS09AB3490,185
923921305483,INV-10329,TS09AB2715,25
528566465508,INV-10330,TS09AB7737,850
698101937328,INV-10331,TS09AB6933,45
655005976310,INV-10332,TS09AB3131,492
101129952662,INV-10333,TS09AB5517,951
886070151522,INV-10334,TS09AB7964,600
780185400449,INV-10335,TS09AB3161,387
908108571038,INV-10336,TS09AB6745,852
113297067705,INV-10337,TS09AB3662,32
727082512702,INV-10338,TS09AB7613,354
110384715820,INV-10339,TS09AB9036,17
319044792151,INV-10343,TS09AB8454,260
875351152929,INV-10344,TS09AB1490,110
646628566335,INV-10345,TS09AB2270,776
506827818714,INV-10346,TS09AB5416,677
831271293593,INV-10347,TS09AB1092,950
150706819769,INV-10348,TS09AB2358,863
882205109529,INV-10349,TS09AB3761,326
323238077905,INV-10350,TS09AB3039,251
540870512899,INV-10351,TS09AB6302,414
878985895112,INV-10352,TS09AB3329,430
421854596142,INV-10353,TS09AB4606,797
952223035615,INV-10354,TS09AB2394,940
554039911594,INV-10355,TS09AB1785,440
421554991345,INV-10356,TS09AB1645,173
423224276422,INV-10358,TS09AB4083,583
132950589726,INV-10359,TS09AB3442,266
808460657553,INV-10360,TS09AB7946,936
833380834719,INV-10361,TS09AB9174,734
243947754650,INV-10363,TS09AB5875,148
715387071427,INV-10364,TS09AB7887,807
160963271585,INV-10365,TS09AB1400,156
661999354156,INV-10366,TS09AB2989,467
650373975638,INV-10367,TS09AB6804,886
629578694580,INV-10368,TS09AB3840,940
530026654333,INV-10369,TS09AB1417,454
845041564503,INV-10371,TS09AB9462,32
570893980840,INV-10372,TS09AB5441,163
105075068539,INV-10373,TS09AB7669,272
577514530747,INV-10374,TS09AB2373,222
372388262286,INV-10375,TS09AB9882,877
685539472658,INV-10376,TS09AB4864,738
321646964378,INV-10377,TS09AB4975,349
973858798786,INV-10379,TS09AB4154,168
524510401084,INV-10380,TS09AB8496,172
973442953019,INV-10382,TS09AB3004,656
427904315789,INV-10383,TS09AB4948,392
527642273502,INV-10384,TS09AB2464,383
745622951665,INV-10385,TS09AB1178,214
921381605375,INV-10386,TS09AB6426,193
524667385055,INV-10387,TS09AB2823,563
174431278721,INV-10388,TS09AB5095,856
662856737680,INV-10389,TS09AB9627,858
142777138648,INV-10390,TS09AB3990,251
771765579456,INV-10392,TS09AB2662,524
764524729083,INV-10393,TS09AB9418,602
396672459792,INV-10394,TS09AB8615,778
556746184210,INV-10395,TS09AB7958,880
448245925746,INV-10396,TS09AB2399,232
434801002696,INV-10397,TS09AB7571,839
448431771262,INV-10398,TS09AB1047,127
607905244266,INV-10399,TS09AB2969,673
132316372393,INV-10400,TS09AB6018,31
348990738131,INV-10401,TS09AB4847,895
285018487951,INV-10402,TS09AB8016,997
254315857447,INV-10403,TS09AB2129,10
556245635284,INV-10404,TS09AB2191,178
986633887023,INV-10405,TS09AB2445,965
901314752328,INV-10406,TS09AB8962,738
234349622406,INV-10408,TS09AB9288,74
901912740289,INV-10410,TS09AB5739,675
624117745035,INV-10412,TS09AB4815,647
533251500215,INV-10414,TS09AB1332,652
363662149146,INV-10415,TS09AB1405,648
273854142422,INV-10416,TS09AB9362,768
847883863395,INV-10417,TS09AB4109,523
547035270464,INV-10419,TS09AB5119,984
524257812261,INV-10420,TS09AB7270,741
222666823491,INV-10421,TS09AB2264,820
783381202312,INV-10422,TS09AB3316,347
879679016670,INV-10424,TS09AB8528,964
338118745978,INV-10426,TS09AB9735,986
456208402825,INV-10427,TS09AB6316,280
834224374746,INV-10428,TS09AB7320,580
652537470074,INV-10430,TS09AB4177,897
233362112045,INV-10431,TS09AB8444,830
809313552885,INV-10432,TS09AB1679,367
847490916674,INV-10434,TS09AB6579,64
430011007700,INV-10435,TS09AB7708,464
157399703719,INV-10436,TS09AB7732,498
723949482750,INV-10437,TS09AB2212,663
469644272448,INV-10438,TS09AB5893,377
774463948213,INV-10439,TS09AB9437,928
532185967945,INV-10440,TS09AB1249,490
756028900269,INV-10441,TS09AB3456,498
207717785541,INV-10442,TS09AB4036,558
266732331680,INV-10443,TS09AB7409,289
572121077931,INV-10444,TS09AB8524,235
841046844545,INV-10445,TS09AB2968,716
469304418255,INV-10446,TS09AB2706,850
773133312340,INV-10447,TS09AB6965,658
771882974407,INV-10448,TS09AB6138,412
957383313214,INV-10449,TS09AB4809,308
301067738105,INV-10450,TS09AB7130,660
354997312448,INV-10451,TS09AB8248,323
951521674976,INV-10452,TS09AB2030,899
799826124386,INV-10453,TS09AB8005,587
237001252335,INV-10454,TS09AB5980,103
873313260883,INV-10455,TS09AB8128,911
630904707127,INV-10456,TS09AB6134,197
893654722147,INV-10457,TS09AB7678,825
239771266082,INV-10458,TS09AB4695,702
699382006765,INV-10459,TS09AB8930,38
459187928770,INV-10460,TS09AB1327,162
797850583282,INV-10461,TS09AB2627,183
979016857971,INV-10462,TS09AB8073,465
661716575853,INV-10463,TS09AB4858,130
529116010383,INV-10465,TS09AB6204,447
338839655086,INV-10466,TS09AB9084,122
754107214983,INV-10467,TS09AB1974,188
995013681724,INV-10468,TS09AB2137,37
674178990575,INV-10469,TS09AB4266,626
625603905441,INV-10470,TS09AB8423,766
752178903685,INV-10471,TS09AB8775,186
614169681980,INV-10473,TS09AB2875,732
704389842335,INV-10474,TS09AB2632,236
591816274144,INV-10475,TS09AB9555,559
523643205853,INV-10477,TS09AB8314,949
479425831183,INV-10478,TS09AB8963,96
144056514490,INV-10479,TS09AB7179,294
153331568395,INV-10480,TS09AB9023,418
523817432998,INV-10481,TS09AB2682,326
336446134690,INV-10482,TS09AB4702,579
761300481243,INV-10483,TS09AB8839,775
451352420394,INV-10485,TS09AB5107,620
855328673412,INV-10486,TS09AB6454,670
775787629237,INV-10487,TS09AB2163,303
205732501070,INV-10488,TS09AB5737,627
425082921290,INV-10489,TS09AB2260,723
954903539173,INV-10490,TS09AB4657,87
219835214901,INV-10491,TS09AB6118,311
991524270112,INV-10492,TS09AB4068,311
986099252878,INV-10493,TS09AB1988,357
734661892195,INV-10494,TS09AB7988,962
519187084176,INV-10495,TS09AB6898,644
566130183297,INV-10496,TS09AB4384,779
772763590807,INV-10498,TS09AB2286,709
175233085146,INV-10499,TS09AB4656,593
432376647869,INV-10500,TS09AB4947,756
744967903803,INV-10501,TS09AB1706,960
277371936791,INV-10502,TS09AB6114,58
162313606348,INV-10504,TS09AB5504,328
126796919237,INV-10505,TS09AB2556,582
128629950141,INV-10506,TS09AB9564,530
616441862347,INV-10507,TS09AB6552,638
429215011876,INV-10508,TS09AB9482,662
181388833971,INV-10511,TS09AB5729,900
770746995467,INV-10512,TS09AB3909,375
640624342376,INV-10513,TS09AB3872,915
807183319350,INV-10514,TS09AB7876,881
516978549924,INV-10515,TS09AB5336,506
749816988815,INV-10516,TS09AB9570,152
370507511125,INV-10517,TS09AB9857,352
203321152322,INV-10519,TS09AB8911,705
759221241804,INV-10521,TS09AB1394,295
333745265934,INV-10522,TS09AB8668,30
242597007815,INV-10523,TS09AB1205,583
929682859413,INV-10524,TS09AB9526,239
716306241389,INV-10525,TS09AB8307,991
670949949110,INV-10526,TS09AB5819,283
220573738331,INV-10527,TS09AB6715,485
206299712337,INV-10528,TS09AB2332,191
780113224051,INV-10529,TS09AB6059,739
436861575934,INV-10530,TS09AB8887,199
307742797948,INV-10531,TS09AB6867,225
148476899283,INV-10532,TS09AB6540,922
237082934449,INV-10533,TS09AB6896,343
874723829898,INV-10534,TS09AB9203,869
937478801705,INV-10535,TS09AB5383,317
127366452865,INV-10536,TS09AB9531,493
991619403466,INV-10537,TS09AB2787,399
985097650979,INV-10539,TS09AB8195,321
860873622413,INV-10540,TS09AB1015,259
851482059959,INV-10541,TS09AB8365,880
834321617887,INV-10542,TS09AB4165,810
616028206727,INV-10543,TS09AB4863,424
855640144365,INV-10544,TS09AB7057,388
470795744204,INV-10545,TS09AB4783,645
954406175945,INV-10546,TS09AB5710,200
755492736482,INV-10547,TS09AB2659,115
123237482822,INV-10548,TS09AB5807,354
594814353100,INV-10549,TS09AB8231,956
204733320211,INV-10550,TS09AB6940,893
638292779585,INV-10551,TS09AB3059,302
330966988610,INV-10552,TS09AB6915,584
774617087037,INV-10553,TS09AB1452,227
178429059007,INV-10555,TS09AB7203,638
964583489076,INV-10557,TS09AB9101,291
104611457783,INV-10558,TS09AB3054,552
454681384643,INV-10560,TS09AB2872,433
656677581811,INV-10561,TS09AB4762,187
126767079397,INV-10562,TS09AB4646,68
841705437965,INV-10563,TS09AB8687,941
126719487002,INV-10564,TS09AB8926,675
171023483889,INV-10565,TS09AB6462,659
839550648285,INV-10566,TS09AB9835,598
315095838055,INV-10567,TS09AB5856,408
759220793783,INV-10568,TS09AB5798,77
187523317241,INV-10569,TS09AB7999,591
934507784073,INV-10570,TS09AB4893,728
423063330583,INV-10571,TS09AB9795,849
650436866484,INV-10572,TS09AB2042,332
911742166272,INV-10573,TS09AB4213,688
324637378158,INV-10574,TS09AB1878,737
392065693689,INV-10575,TS09AB3619,841
712864805994,INV-10576,TS09AB7398,500
140575162096,INV-10577,TS09AB5789,130
144215125564,INV-10578,TS09AB9443,492
714492761514,INV-10579,TS09AB1460,148
276086915735,INV-10580,TS09AB4738,313
210938784354,INV-10581,TS09AB8149,479
804648430094,INV-10582,TS09AB9238,768
363735079681,INV-10583,TS09AB3946,34
824445107643,INV-10584,TS09AB6557,942
377029476660,INV-10586,TS09AB2059,592
935120627012,INV-10587,TS09AB2450,812
741436935945,INV-10589,TS09AB2893,205
493303548608,INV-10591,TS09AB1326,421
300827234731,INV-10594,TS09AB9416,764
373716215420,INV-10595,TS09AB9923,846
866341573984,INV-10596,TS09AB1426,855
333667564005,INV-10599,TS09AB2179,592
416352451190,INV-10600,TS09AB8079,25
468598651575,INV-10601,TS09AB4143,336
232661823016,INV-10602,TS09AB1347,49
252209067403,INV-10603,TS09AB2098,81
586117907695,INV-10604,TS09AB2687,693
632898134092,INV-10605,TS09AB2680,418
217349184434,INV-10606,TS09AB3353,969
529350253590,INV-10607,TS09AB5193,85
735720464278,INV-10608,TS09AB2473,957
897573153032,INV-10609,TS09AB6034,536
798237633489,INV-10610,TS09AB8292,774
299851715921,INV-10611,TS09AB8695,522
431871236077,INV-10612,TS09AB1780,560
595575202511,INV-10614,TS09AB5849,825
562380718112,INV-10616,TS09AB2071,463
512700711952,INV-10617,TS09AB5707,227
866494917360,INV-10618,TS09AB4299,816
726575779096,INV-10619,TS09AB6551,718
656104669212,INV-10620,TS09AB9095,369
148538483297,INV-10621,TS09AB8329,856
248535937353,INV-10622,TS09AB4416,290
623479823617,INV-10623,TS09AB5011,832
170561227843,INV-10624,TS09AB6144,844
366740183792,INV-10625,TS09AB5065,601
379582933561,INV-10626,TS09AB1803,724
269730694605,INV-10627,TS09AB8113,577
282081910045,INV-10628,TS09AB9651,557
823141104444,INV-10629,TS09AB6135,606
781035162932,INV-10630,TS09AB7429,235
461078241978,INV-10631,TS09AB4123,249
706976729100,INV-10632,TS09AB5762,855
423465224380,INV-10634,TS09AB1344,298
145565335986,INV-10635,TS09AB7689,502
521075442441,INV-10636,TS09AB8697,930
633859547125,INV-10637,TS09AB6534,654
179485990536,INV-10638,TS09AB3212,632
422775893747,INV-10639,TS09AB2512,802
953382035160,INV-10641,TS09AB3925,472
989214508088,INV-10643,TS09AB8072,734
720305815404,INV-10645,TS09AB8946,617
295891268061,INV-10647,TS09AB1149,593
362664514822,INV-10649,TS09AB8078,353
256272393176,INV-10650,TS09AB5782,877
944825229261,INV-10651,TS09AB9397,685
868079050104,INV-10652,TS09AB7699,284
297241038087,INV-10654,TS09AB1682,397
225028903585,INV-10655,TS09AB1570,977
416216204156,INV-10657,TS09AB9645,663
224194498402,INV-10658,TS09AB8606,924
617610127072,INV-10659,TS09AB8827,387
308296822807,INV-10660,TS09AB2007,950
109963388062,INV-10661,TS09AB5102,778
689955389581,INV-10662,TS09AB5016,905
493442551338,INV-10663,TS09AB7820,722
360885530014,INV-10664,TS09AB2134,90
373234618920,INV-10667,TS09AB2834,827
763949406734,INV-10669,TS09AB1496,316
967469145495,INV-10670,TS09AB2843,563
341445638748,INV-10671,TS09AB5535,124
813810763846,INV-10672,TS09AB5354,654
619108462483,INV-10673,TS09AB8249,858
931455963496,INV-10675,TS09AB3204,699
442446787099,INV-10676,TS09AB6516,272
491050903024,INV-10677,TS09AB8345,162
734297380507,INV-10678,TS09AB7853,334
722772554838,INV-10679,TS09AB9131,428
262786009141,INV-10680,TS09AB4007,964
959902341487,INV-10681,TS09AB6490,676
110402207168,INV-10682,TS09AB6465,534
266244607006,INV-10683,TS09AB1340,893
147768287970,INV-10685,TS09AB3214,157
505352936053,INV-10686,TS09AB5640,197
649239826920,INV-10688,TS09AB9954,950
343737303735,INV-10689,TS09AB2455,450
212951224157,INV-10691,TS09AB9531,70
466569059203,INV-10692,TS09AB6478,981
486133484045,INV-10693,TS09AB4030,92
824438170516,INV-10694,TS09AB3559,688
734428108420,INV-10695,TS09AB6552,941
296014130354,INV-10696,TS09AB1898,117
782890847050,INV-10697,TS09AB2373,51
920393769235,INV-10698,TS09AB3361,650
617866777873,INV-10699,TS09AB5514,295
426056270662,INV-10700,TS09AB2051,540
907653447943,INV-10701,TS09AB2090,567
196499985078,INV-10702,TS09AB6401,196
229438427112,INV-10703,TS09AB7298,142
833971497745,INV-10704,TS09AB5438,793
465939530433,INV-10705,TS09AB7801,10
689009141185,INV-10706,TS09AB3678,346
534746929256,INV-10707,TS09AB6370,899
545951216920,INV-10708,TS09AB1058,411
805793467472,INV-10709,TS09AB1479,650
335143187026,INV-10710,TS09AB4106,290
171728641173,INV-10711,TS09AB4668,235
725793468915,INV-10712,TS09AB5101,503
381383608801,INV-10714,TS09AB4466,875
263568430722,INV-10715,TS09AB9956,615
428418646146,INV-10716,TS09AB5233,581
322724339124,INV-10717,TS09AB8600,671
158373602523,INV-10718,TS09AB9871,114
736357721006,INV-10720,TS09AB9115,610
105638116201,INV-10721,TS09AB3704,80
390523547426,INV-10722,TS09AB3630,681
870103259102,INV-10723,TS09AB8995,167
404471551865,INV-10724,TS09AB1844,519
408673867575,INV-10725,TS09AB6466,20
938973664384,INV-10726,TS09AB8408,479
576679981958,INV-10727,TS09AB5294,359
809240554971,INV-10728,TS09AB4771,32
949967329502,INV-10729,TS09AB8080,756
263312990302,INV-10730,TS09AB9999,114
558367165662,INV-10731,TS09AB3662,879
358883874786,INV-10732,TS09AB9147,865
444912172949,INV-10733,TS09AB3286,786
758660596289,INV-10734,TS09AB7212,671
349145825268,INV-10735,TS09AB4489,552
284613832394,INV-10736,TS09AB8661,420
164753847174,INV-10737,TS09AB2969,118
493908380383,INV-10738,TS09AB3178,80
407391453309,INV-10739,TS09AB5816,494
415987848227,INV-10740,TS09AB9483,361
107493050141,INV-10741,TS09AB2702,450
191543566978,INV-10742,TS09AB1224,217
406807977596,INV-10743,TS09AB7024,362
160358510832,INV-10744,TS09AB3596,755
659462774218,INV-10745,TS09AB1438,443
987708492187,INV-10748,TS09AB2558,727
653169111123,INV-10749,TS09AB9960,315
466178295966,INV-10750,TS09AB7122,161
450671654751,INV-10751,TS09AB3661,306
655594398003,INV-10752,TS09AB1589,338
759382782670,INV-10753,TS09AB8485,874
192471977118,INV-10754,TS09AB4632,566
538149120094,INV-10755,TS09AB8526,976
177378025981,INV-10757,TS09AB3577,410
737965009711,INV-10758,TS09AB7496,72
627533943344,INV-10759,TS09AB7298,607
610407373654,INV-10760,TS09AB3689,591
889453189617,INV-10761,TS09AB1873,938
236020809088,INV-10762,TS09AB1009,963
930960665948,INV-10763,TS09AB2110,997
860980327747,INV-10764,TS09AB7293,663
310446646776,INV-10765,TS09AB1911,537
906831904940,INV-10766,TS09AB1203,836
186675755552,INV-10768,TS09AB8139,270
849283880329,INV-10769,TS09AB3394,766
419972045696,INV-10770,TS09AB5821,257
955986694208,INV-10771,TS09AB5342,723
633481769978,INV-10772,TS09AB4155,933
176224268713,INV-10773,TS09AB3660,343
852900780025,INV-10774,TS09AB2261,156
485853146925,INV-10776,TS09AB3262,133
598540170139,INV-10777,TS09AB2741,401
451393585669,INV-10778,TS09AB7197,788
241642466299,INV-10779,TS09AB2190,722
791387139102,INV-10780,TS09AB4980,281
756442825163,INV-10781,TS09AB6364,301
840488242935,INV-10782,TS09AB6332,995
654488881122,INV-10783,TS09AB7936,499
825564812959,INV-10784,TS09AB5474,36
115460700918,INV-10785,TS09AB3533,409
527049977269,INV-10786,TS09AB8175,14
866841304973,INV-10787,TS09AB1021,927
266723226501,INV-10788,TS09AB2196,83
850317701965,INV-10789,TS09AB9340,493
593988715087,INV-10790,TS09AB6280,58
227202576512,INV-10792,TS09AB2277,469
109278313454,INV-10793,TS09AB6089,461
774830087882,INV-10794,TS09AB9322,260
776292933423,INV-10795,TS09AB1434,257
421366875047,INV-10797,TS09AB2350,956
261547713043,INV-10798,TS09AB1745,682
294348351130,INV-10799,TS09AB2437,601
169875535338,INV-10800,TS09AB2123,662
535792402148,INV-10801,TS09AB2539,227
168265725141,INV-10802,TS09AB3505,334
879056422554,INV-10804,TS09AB4218,372
894750583881,INV-10806,TS09AB8518,591
163766171216,INV-10807,TS09AB8187,314
340834586609,INV-10808,TS09AB3983,519
277537578563,INV-10809,TS09AB4722,567
825688936263,INV-10810,TS09AB3127,786
899274086841,INV-10811,TS09AB8114,539
731839187812,INV-10812,TS09AB3298,71
189742197088,INV-10813,TS09AB5469,465
256105862566,INV-10814,TS09AB2660,309
928227442757,INV-10815,TS09AB3881,268
951776569126,INV-10816,TS09AB2042,748
432279538887,INV-10817,TS09AB4913,329
424574839018,INV-10818,TS09AB5405,749
757359490967,INV-10820,TS09AB7308,440
855479751637,INV-10821,TS09AB9952,341
805472720112,INV-10822,TS09AB7759,925
719278980746,INV-10823,TS09AB1310,678
230343375238,INV-10824,TS09AB2660,807
107772517202,INV-10825,TS09AB8213,123
474880151764,INV-10826,TS09AB1582,181
467657193914,INV-10828,TS09AB3706,852
389442360279,INV-10829,TS09AB4996,945
953541321834,INV-10830,TS09AB4053,989
490652292841,INV-10831,TS09AB1898,129
833916284141,INV-10832,TS09AB8562,626
539085386565,INV-10833,TS09AB7971,418
613950985083,INV-10834,TS09AB2355,394
491512351769,INV-10835,TS09AB1888,646
923958368699,INV-10836,TS09AB8524,495
421318504734,INV-10837,TS09AB4070,697
577777342101,INV-10838,TS09AB6618,884
284611183698,INV-10839,TS09AB6529,839
392768394577,INV-10840,TS09AB9816,726
867461861202,INV-10841,TS09AB7656,588
814245909741,INV-10842,TS09AB2595,893
996141017000,INV-10843,TS09AB7424,735
495530295641,INV-10844,TS09AB9023,776
491262829644,INV-10845,TS09AB3845,364
246934042666,INV-10847,TS09AB5427,307
729322164757,INV-10848,TS09AB4183,20
532003984460,INV-10849,TS09AB9688,918
985667369606,INV-10850,TS09AB9123,346
716227501374,INV-10851,TS09AB6075,522
615462989947,INV-10852,TS09AB8020,886
418498533976,INV-10853,TS09AB7234,339
953763745658,INV-10854,TS09AB8040,378
132223498350,INV-10855,TS09AB7374,921
390977118879,INV-10858,TS09AB5171,854
178275666670,INV-10859,TS09AB9849,417
626193716841,INV-10860,TS09AB5631,497
279147261308,INV-10861,TS09AB4877,826
262237436404,INV-10863,TS09AB9439,44
169330945997,INV-10865,TS09AB4541,945
887270957573,INV-10868,TS09AB6061,546
730851696432,INV-10870,TS09AB2434,490
860654937762,INV-10873,TS09AB3083,536
652741171954,INV-10874,TS09AB7833,754
707864237332,INV-10875,TS09AB4231,220
728994943216,INV-10876,TS09AB4209,674
146778731119,INV-10877,TS09AB8214,341
735327594605,INV-10878,TS09AB2678,673
504788344916,INV-10879,TS09AB4914,433
787855715079,INV-10880,TS09AB2069,283
662572311951,INV-10882,TS09AB3933,488
732179306677,INV-10883,TS09AB9610,787
930964979970,INV-10884,TS09AB9910,893
837524404271,INV-10885,TS09AB4440,566
110454808100,INV-10886,TS09AB9085,925
842999568247,INV-10888,TS09AB5594,229
629481219082,INV-10890,TS09AB8799,933
923172080224,INV-10892,TS09AB5513,763
450578619359,INV-10893,TS09AB1715,795
818406041194,INV-10894,TS09AB7840,265
910694074756,INV-10895,TS09AB1906,217
211283841090,INV-10897,TS09AB2485,99
192690634193,INV-10899,TS09AB5186,990
403430211845,INV-10900,TS09AB5795,681
986392184787,INV-10901,TS09AB6334,173
979435580484,INV-10902,TS09AB7829,720
409238491101,INV-10903,TS09AB7810,293
628322965165,INV-10904,TS09AB8317,652
983239774685,INV-10906,TS09AB2102,143
919284755116,INV-10907,TS09AB7395,134
592859079079,INV-10909,TS09AB5392,11
416785271100,INV-10910,TS09AB1929,207
766365659340,INV-10911,TS09AB5560,569
254553132209,INV-10912,TS09AB5495,552
744660086293,INV-10913,TS09AB3259,402
531899399010,INV-10914,TS09AB3658,783
138088806658,INV-10915,TS09AB7968,670
492849969307,INV-10916,TS09AB2851,393
629545506943,INV-10917,TS09AB9386,785
399324305004,INV-10918,TS09AB9562,611
123470492456,INV-10919,TS09AB9925,207
394269692398,INV-10920,TS09AB3310,586
502118008624,INV-10921,TS09AB2365,25
367395525689,INV-10922,TS09AB2297,487
708037148281,INV-10923,TS09AB3537,322
669120522415,INV-10924,TS09AB1081,695
926719860213,INV-10925,TS09AB5948,175
324221080622,INV-10926,TS09AB7424,91
880523191708,INV-10927,TS09AB8943,303
937476541837,INV-10930,TS09AB2519,579
141658226785,INV-10931,TS09AB9964,782
146797448252,INV-10932,TS09AB6205,962
286305078401,INV-10933,TS09AB2204,676
803382460738,INV-10934,TS09AB9082,54
976602762162,INV-10935,TS09AB4769,791
116125972384,INV-10936,TS09AB5032,161
558454088843,INV-10937,TS09AB9460,218
670654819536,INV-10938,TS09AB6054,977
646350164467,INV-10939,TS09AB5587,485
953436964818,INV-10941,TS09AB8160,438
884489868860,INV-10943,TS09AB6658,86
963868264845,INV-10944,TS09AB4934,638
384975975616,INV-10945,TS09AB5602,115
951213069300,INV-10946,TS09AB1084,412
570020021310,INV-10947,TS09AB4743,122
913915835277,INV-10948,TS09AB5938,435
272684447003,INV-10949,TS09AB3475,398
473187353069,INV-10950,TS09AB5195,904
294911589118,INV-10951,TS09AB3727,442
342821036416,INV-10952,TS09AB1986,28
745328240656,INV-10954,TS09AB9768,67
370009128461,INV-10955,TS09AB8624,915
769974833185,INV-10956,TS09AB5280,28
361931906568,INV-10957,TS09AB2600,129
653501166502,INV-10959,TS09AB5335,998
846394706649,INV-10960,TS09AB5855,47
653029926429,INV-10961,TS09AB7733,627
461333456787,INV-10962,TS09AB2641,356
221960313787,INV-10963,TS09AB7390,207
318287107760,INV-10964,TS09AB1754,482
615640054802,INV-10965,TS09AB5710,709
143802656173,INV-10968,TS09AB7098,673
307098927907,INV-10969,TS09AB9701,185
580989166013,INV-10970,TS09AB6179,331
766869098040,INV-10971,TS09AB3970,10
298254404218,INV-10972,TS09AB3348,115
985930925683,INV-10974,TS09AB4782,332
735857053201,INV-10975,TS09AB9335,333
211522129352,INV-10976,TS09AB3710,558
199028596659,INV-10977,TS09AB3631,762
848147844239,INV-10978,TS09AB8183,691
861832089481,INV-10979,TS09AB3444,429
576667624124,INV-10981,TS09AB2172,148
973368726789,INV-10982,TS09AB6360,211
829692063747,INV-10983,TS09AB8239,781
291681801627,INV-10984,TS09AB9202,39
399384638479,INV-10985,TS09AB2393,663
420057949933,INV-10986,TS09AB4791,965
955717738207,INV-10987,TS09AB8100,541
559099380616,INV-10988,TS09AB5135,922
380666672523,INV-10989,TS09AB1491,922
850079379430,INV-10990,TS09AB4500,963
740002140791,INV-10991,TS09AB5082,480
636288595346,INV-10992,TS09AB7404,713
979065868967,INV-10993,TS09AB4941,193
493140350411,INV-10994,TS09AB8924,65
870811862217,INV-10996,TS09AB9023,148
842471644876,INV-10997,TS09AB9642,938
419778147493,INV-10998,TS09AB4448,673
231411341734,INV-10999,TS09AB1729,274
544966741253,INV-11000,TS09AB9343,759
628534818908,INV-11001,TS09AB9456,510
674616779904,INV-11002,TS09AB4218,268
174176606951,INV-11003,TS09AB4434,14
825050849855,INV-11004,TS09AB3960,128
461098972056,INV-11005,TS09AB7828,856
656571713225,INV-11006,TS09AB1318,907
877968146905,INV-11007,TS09AB6659,905
893386652976,INV-11008,TS09AB1261,702
980701335603,INV-11009,TS09AB6459,31
868652280911,INV-11010,TS09AB2846,178
957320812757,INV-11011,TS09AB9105,847
112273448563,INV-11012,TS09AB1162,342
551794424091,INV-11013,TS09AB6314,230
465659136582,INV-11014,TS09AB6634,433
370491727087,INV-11015,TS09AB7323,758
940950206399,INV-11016,TS09AB5838,490
827767746431,INV-11017,TS09AB2173,305
320535577516,INV-11018,TS09AB4896,70
657443261120,INV-11020,TS09AB1423,375
634985475749,INV-11021,TS09AB7164,400
884993015863,INV-11022,TS09AB9328,507
274102507732,INV-11023,TS09AB2532,445
541333107572,INV-11024,TS09AB9257,617
530591282817,INV-11025,TS09AB9594,75
508627602834,INV-11026,TS09AB7120,49
255207274236,INV-11027,TS09AB4942,793
979283888819,INV-11028,TS09AB5327,889
171726170175,INV-11029,TS09AB4091,564
434168848609,INV-11030,TS09AB5556,915
644492772325,INV-11033,TS09AB1551,894
429652974875,INV-11034,TS09AB6938,480
458876284501,INV-11036,TS09AB9950,717
405684010083,INV-11037,TS09AB4858,887
392177453370,INV-11039,TS09AB1305,577
297572891477,INV-11040,TS09AB9129,76
955266873766,INV-11041,TS09AB5111,241
443672379083,INV-11042,TS09AB4358,464
332775432328,INV-11043,TS09AB1979,994
146378464420,INV-11044,TS09AB7207,824
984204995377,INV-11045,TS09AB6793,547
493908060380,INV-11047,TS09AB5455,702
737924708520,INV-11049,TS09AB3699,383
431136948371,INV-11050,TS09AB5283,362
591543863019,INV-11052,TS09AB7865,101
582270595836,INV-11053,TS09AB2320,53
705532460279,INV-11054,TS09AB6642,407
526701698441,INV-11055,TS09AB6199,408
668605822730,INV-11056,TS09AB3978,29
496479952062,INV-11057,TS09AB9603,657
429026223832,INV-11058,TS09AB1535,801
728692706228,INV-11059,TS09AB9736,553
243272635819,INV-11060,TS09AB2603,736
627659348732,INV-11061,TS09AB2361,616
656176952581,INV-11063,TS09AB6462,117
856684035234,INV-11065,TS09AB3968,762
104698371724,INV-11066,TS09AB4665,332
143862185331,INV-11067,TS09AB5943,947
317035183788,INV-11068,TS09AB4881,493
274197731489,INV-11069,TS09AB3314,987
888699534420,INV-11070,TS09AB3629,993
254707676013,INV-11071,TS09AB9793,406
145175192365,INV-11072,TS09AB2668,218
770054966052,INV-11073,TS09AB1358,350
274519101766,INV-11074,TS09AB8913,705
205257162066,INV-11076,TS09AB8394,649
813859965303,INV-11077,TS09AB5471,846
628518107044,INV-11078,TS09AB9514,436
969158959182,INV-11079,TS09AB2194,56
897008589198,INV-11080,TS09AB9524,481
595849077632,INV-11081,TS09AB7314,280
885984390459,INV-11082,TS09AB5602,665
903310417675,INV-11083,TS09AB7851,38
127200890215,INV-11086,TS09AB6344,574
355621264589,INV-11087,TS09AB2908,101
824433473457,INV-11088,TS09AB1940,928
964861235425,INV-11089,TS09AB4494,303
586994364768,INV-11090,TS09AB3200,663
459785626845,INV-11091,TS09AB4281,460
172150356592,INV-11092,TS09AB5906,57
169340293159,INV-11093,TS09AB7625,990
777186337482,INV-11094,TS09AB8367,385
833620028924,INV-11095,TS09AB4945,851
253872068730,INV-11096,TS09AB4426,262
666261758240,INV-11097,TS09AB4374,446
803711315358,INV-11100,TS09AB5265,837
430796787957,INV-11102,TS09AB5187,913
213399717289,INV-11103,TS09AB7569,504
201372466835,INV-11104,TS09AB3575,664
406439276115,INV-11106,TS09AB9113,435
678209723441,INV-11107,TS09AB1021,768
520837738756,INV-11108,TS09AB5233,36
797512919715,INV-11109,TS09AB3446,413
383888879169,INV-11110,TS09AB2234,937
805296003778,INV-11112,TS09AB9428,751
390074680571,INV-11113,TS09AB5535,66
839834371879,INV-11114,TS09AB4948,937
603378420298,INV-11115,TS09AB1165,182
682827228054,INV-11116,TS09AB6595,685
702386221860,INV-11117,TS09AB4821,132
919755420411,INV-11118,TS09AB4728,532
485328737778,INV-11119,TS09AB3096,957
287816627548,INV-11120,TS09AB9663,746
583962873177,INV-11121,TS09AB1086,783
643626993890,INV-11122,TS09AB9481,152
175592948935,INV-11123,TS09AB6700,745
975929841660,INV-11124,TS09AB6802,714
430697787715,INV-11125,TS09AB2433,882
939053651071,INV-11126,TS09AB6663,141
295018575113,INV-11127,TS09AB3083,134
400536138688,INV-11128,TS09AB6046,284
151752999591,INV-11129,TS09AB1938,213
942903632300,INV-11130,TS09AB7809,583
192072934390,INV-11131,TS09AB1980,208
247378363253,INV-11132,TS09AB9893,804
982697105658,INV-11133,TS09AB9658,282
307223720372,INV-11134,TS09AB8894,235
460099004403,INV-11135,TS09AB9168,390
982137027247,INV-11136,TS09AB5065,871
342335141631,INV-11137,TS09AB2519,451
251728918755,INV-11138,TS09AB5486,283
601846609825,INV-11139,TS09AB6413,579
930918836703,INV-11140,TS09AB9729,606
750519309658,INV-11142,TS09AB7819,988
451246083147,INV-11143,TS09AB1512,589
745556226667,INV-11146,TS09AB3455,857
803905559933,INV-11147,TS09AB7434,556
209840734697,INV-11148,TS09AB2345,666
500611026041,INV-11149,TS09AB2437,961
755636901699,INV-11150,TS09AB4644,211
601966317878,INV-11152,TS09AB3345,751
156822952325,INV-11153,TS09AB9250,261
759512073777,INV-11154,TS09AB4277,685
724176032364,INV-11155,TS09AB5632,246
160215938668,INV-11156,TS09AB4373,185
669252626432,INV-11157,TS09AB9018,814
484614383840,INV-11158,TS09AB4092,992
440330179031,INV-11159,TS09AB1978,236
865805406788,INV-11160,TS09AB9772,346
405267333883,INV-11161,TS09AB8906,640
245079538522,INV-11162,TS09AB6874,719
343568882730,INV-11164,TS09AB2293,709
867881960190,INV-11165,TS09AB9863,913
349878554954,INV-11166,TS09AB5278,753
382197535841,INV-11167,TS09AB6960,345
287639827482,INV-11168,TS09AB6960,841
812449993330,INV-11169,TS09AB5565,706
314281826996,INV-11170,TS09AB7372,110
617390042291,INV-11171,TS09AB5888,264
829335264439,INV-11172,TS09AB5272,265
908898901755,INV-11173,TS09AB8738,484
892024846840,INV-11174,TS09AB1921,743
870787047874,INV-11175,TS09AB2442,203
268592682572,INV-11176,TS09AB6556,495
243675119795,INV-11177,TS09AB2558,820
921508676188,INV-11179,TS09AB8147,203
889187923128,INV-11180,TS09AB9531,735
270331323812,INV-11181,TS09AB5767,823
426683088366,INV-11182,TS09AB1004,145
679889861476,INV-11183,TS09AB2807,682
705381227522,INV-11184,TS09AB9781,648
290289651284,INV-11185,TS09AB2824,172
414438659714,INV-11186,TS09AB5024,281
404006640523,INV-11187,TS09AB5497,983
472209608384,INV-11188,TS09AB3600,893
889894959887,INV-11189,TS09AB5182,982
494701163188,INV-11190,TS09AB5399,822
836672123707,INV-11191,TS09AB6418,959
353441578815,INV-11192,TS09AB9792,358
385439075734,INV-11193,TS09AB3101,232
489452203765,INV-11194,TS09AB8233,478
756065906055,INV-11195,TS09AB7356,236
449572533182,INV-11196,TS09AB4386,485
665639184134,INV-11197,TS09AB5150,247
143078151662,INV-11198,TS09AB6480,327
142672233951,INV-11199,TS09AB9918,650
349542005352,INV-11200,TS09AB9867,811
709579810669,INV-11201,TS09AB3106,924
304102266703,INV-11204,TS09AB5548,662
223448758925,INV-11206,TS09AB3174,96
700620844844,INV-11209,TS09AB8203,437
783638820592,INV-11210,TS09AB6627,462
214936828907,INV-11211,TS09AB2368,154
304345238537,INV-11212,TS09AB8638,741
609968570767,INV-11213,TS09AB2226,897
819924085261,INV-11214,TS09AB5851,789
941625803649,INV-11215,TS09AB8927,85
687075784415,INV-11216,TS09AB2957,996
382881114470,INV-11218,TS09AB5525,224
651520491404,INV-11219,TS09AB6548,672
618758659873,INV-11220,TS09AB7320,198
320841447021,INV-11221,TS09AB1029,907
199470112403,INV-11224,TS09AB5665,286
176274111326,INV-11225,TS09AB4123,520
601687587057,INV-11226,TS09AB7897,735
560773907432,INV-11227,TS09AB8443,637
914897551702,INV-11228,TS09AB6203,555
784135836015,INV-11229,TS09AB1151,685
347488191568,INV-11231,TS09AB1862,134
994582338664,INV-11232,TS09AB5113,449
479126291720,INV-11233,TS09AB2998,440
602921755850,INV-11234,TS09AB1742,577
776148323825,INV-11235,TS09AB7223,940
351825487871,INV-11236,TS09AB1635,993
480865286258,INV-11237,TS09AB1700,277
378329608468,INV-11238,TS09AB2817,822
661043156609,INV-11240,TS09AB3193,420
431493902315,INV-11242,TS09AB7815,529
950109499981,INV-11244,TS09AB1316,645
655276343237,INV-11246,TS09AB2931,918
945640867993,INV-11247,TS09AB9226,714
136830169199,INV-11248,TS09AB8926,272
793713036103,INV-11249,TS09AB2851,896
680491446239,INV-11250,TS09AB6836,301
978396984859,INV-11251,TS09AB1909,368
264676534278,INV-11252,TS09AB3108,197
142680578322,INV-11253,TS09AB5550,826
526168229321,INV-11254,TS09AB1663,27
644601944835,INV-11255,TS09AB5134,401
348179829825,INV-11256,TS09AB2506,429
120391378498,INV-11257,TS09AB4538,184
343783443371,INV-11258,TS09AB7740,710
572976394309,INV-11259,TS09AB1852,53
175801896909,INV-11260,TS09AB9702,527
876084489236,INV-11261,TS09AB1420,312
570571698741,INV-11262,TS09AB7363,510
246937657823,INV-11263,TS09AB9097,446
835515419644,INV-11264,TS09AB5024,384
317979656912,INV-11265,TS09AB8391,679
227705225627,INV-11266,TS09AB9034,786
697914683251,INV-11267,TS09AB8010,470
973135900260,INV-11268,TS09AB7769,551
169108101393,INV-11270,TS09AB5567,759
925703518547,INV-11271,TS09AB3824,801
826786540917,INV-11272,TS09AB8293,568
562365743080,INV-11273,TS09AB4082,943
868244736313,INV-11274,TS09AB1892,806
349391917542,INV-11275,TS09AB2666,637
435633858238,INV-11276,TS09AB7663,186
185403115472,INV-11277,TS09AB8049,747
531933485551,INV-11278,TS09AB8883,422
584932807004,INV-11279,TS09AB2236,701
918654795930,INV-11280,TS09AB1634,135
608891276768,INV-11281,TS09AB6474,595
601239028497,INV-11282,TS09AB9229,29
541497669548,INV-11283,TS09AB9392,114
417997341807,INV-11284,TS09AB3492,786
954472190205,INV-11285,TS09AB9574,820
271418094097,INV-11286,TS09AB3961,379
974134603510,INV-11287,TS09AB2740,651
460310720845,INV-11288,TS09AB6217,582
582765291403,INV-11289,TS09AB9738,441
232378957060,INV-11290,TS09AB9940,998
335219406423,INV-11291,TS09AB6852,262
901310163708,INV-11292,TS09AB9721,246
327631949442,INV-11293,TS09AB2209,193
436184653845,INV-11294,TS09AB4691,299
774320827896,INV-11295,TS09AB2163,576
221683976199,INV-11296,TS09AB3320,872
377081271191,INV-11297,TS09AB2905,187
620072447401,INV-11298,TS09AB9697,813
265375849357,INV-11300,TS09AB2466,166
734825527149,INV-11301,TS09AB6719,899
586537402252,INV-11302,TS09AB6669,26
183436737084,INV-11303,TS09AB3890,509
629031160509,INV-11304,TS09AB1015,365
100744958910,INV-11305,TS09AB9660,526
881196664596,INV-11307,TS09AB8404,925
477145482605,INV-11308,TS09AB2591,719
681887843159,INV-11309,TS09AB7498,165
170751398205,INV-11310,TS09AB6460,990
199797149442,INV-11311,TS09AB7566,394
304018177273,INV-11312,TS09AB5352,332
184988276297,INV-11314,TS09AB4936,460
542764200929,INV-11315,TS09AB2523,511
179891954226,INV-11316,TS09AB7291,460
307957941066,INV-11317,TS09AB5862,776
203493822190,INV-11318,TS09AB7320,302
867176566143,INV-11320,TS09AB2496,51
867971842656,INV-11321,TS09AB9800,822
626769972559,INV-11322,TS09AB9974,564
549997062443,INV-11323,TS09AB8943,880
424351416729,INV-11324,TS09AB6615,502
428074162373,INV-11325,TS09AB2985,284
165063959157,INV-11326,TS09AB6932,320
566603974234,INV-11327,TS09AB1687,628
349850650043,INV-11329,TS09AB5347,27
958397628808,INV-11330,TS09AB5911,358
706845416445,INV-11331,TS09AB8739,796
844776522102,INV-11332,TS09AB9594,749
290511502421,INV-11333,TS09AB7247,267
770914614790,INV-11334,TS09AB1760,519
203433255233,INV-11335,TS09AB4844,442
542716134878,INV-11336,TS09AB5938,830
411534604117,INV-11337,TS09AB1775,712
795127974374,INV-11338,TS09AB6827,948
182280526200,INV-11339,TS09AB7821,277
503721495131,INV-11340,TS09AB5423,881
662163255539,INV-11341,TS09AB6899,138
795206219085,INV-11342,TS09AB9789,524
112182208927,INV-11343,TS09AB2067,976
193223215094,INV-11344,TS09AB1391,242
671273380065,INV-11345,TS09AB4790,68
803850743896,INV-11346,TS09AB1180,708
717115939777,INV-11347,TS09AB9973,437
145711743001,INV-11348,TS09AB6210,277
359134769855,INV-11349,TS09AB3835,361
102888292508,INV-11350,TS09AB4226,966
897646447567,INV-11351,TS09AB5990,443
546590070127,INV-11352,TS09AB1077,21
657373676724,INV-11354,TS09AB9428,979
571684370086,INV-11355,TS09AB8038,757
894910383280,INV-11356,TS09AB4364,44
195104391472,INV-11357,TS09AB7590,416
598738877658,INV-11358,TS09AB1892,962
374025363524,INV-11359,TS09AB4187,151
317075040190,INV-11360,TS09AB5718,813
162873743710,INV-11361,TS09AB7180,351
791047088812,INV-11362,TS09AB1141,193
526892233009,INV-11363,TS09AB2233,614
434968444083,INV-11364,TS09AB5695,217
563901008363,INV-11365,TS09AB9846,226
765205411079,INV-11366,TS09AB1015,889
753400450082,INV-11367,TS09AB5389,50
947205024894,INV-11368,TS09AB3505,574
418994616143,INV-11369,TS09AB7106,232
262455043318,INV-11371,TS09AB4098,739
812049294214,INV-11372,TS09AB2071,442
501728053708,INV-11373,TS09AB7144,65
431364724462,INV-11374,TS09AB9161,820
663274951147,INV-11375,TS09AB5346,864
542437472985,INV-11376,TS09AB5795,174
169596936181,INV-11377,TS09AB8173,372
167598166947,INV-11378,TS09AB8811,904
820950137509,INV-11379,TS09AB8453,259
639788318384,INV-11380,TS09AB4806,831
655912080650,INV-11381,TS09AB5452,315
343250021973,INV-11382,TS09AB1600,291
861888820390,INV-11383,TS09AB4223,269
926632885788,INV-11384,TS09AB9752,227
834770871841,INV-11385,TS09AB2811,574
864224311803,INV-11387,TS09AB9411,939
486072984511,INV-11388,TS09AB6118,779
849711541851,INV-11389,TS09AB6672,1000
231755940182,INV-11390,TS09AB7500,740
311817451403,INV-11391,TS09AB8150,980
861406979892,INV-11392,TS09AB4531,77
620971364483,INV-11393,TS09AB6958,125
788400441527,INV-11394,TS09AB1932,81
696434289131,INV-11395,TS09AB4274,529
163775788041,INV-11396,TS09AB7686,176
446010376542,INV-11397,TS09AB5879,478
385389383917,INV-11398,TS09AB4353,160
785414458130,INV-11399,TS09AB4615,630
721566173290,INV-11400,TS09AB3603,370
981996840010,INV-11401,TS09AB8753,114
950515148299,INV-11402,TS09AB7005,763
907649330196,INV-11403,TS09AB9195,944
131625908144,INV-11404,TS09AB9873,794
958092535230,INV-11406,TS09AB7960,402
190774628467,INV-11408,TS09AB5500,699
897293570229,INV-11409,TS09AB7076,406
311305292191,INV-11410,TS09AB5967,655
761713987182,INV-11411,TS09AB8653,985
188075143683,INV-11412,TS09AB2622,525
839885292910,INV-11413,TS09AB5595,46
516222943916,INV-11414,TS09AB8423,511
794061170862,INV-11415,TS09AB3976,119
739197335909,INV-11416,TS09AB6713,846
408238577052,INV-11417,TS09AB9444,213
101719254992,INV-11418,TS09AB7464,214
873113235926,INV-11419,TS09AB9597,57
109837787890,INV-11420,TS09AB4069,967
688373687818,INV-11421,TS09AB9997,483
784325844110,INV-11422,TS09AB1696,318
934469761192,INV-11424,TS09AB9072,858
937239277759,INV-11425,TS09AB5234,825
775629615004,INV-11426,TS09AB2140,814
223201019183,INV-11427,TS09AB1199,848
565410403981,INV-11428,TS09AB8624,813
590327206991,INV-11429,TS09AB6726,402
381010971416,INV-11430,TS09AB6976,873
673038888399,INV-11431,TS09AB6409,217
370924208142,INV-11432,TS09AB9632,202
607937834016,INV-11433,TS09AB4027,203
956648317108,INV-11434,TS09AB6575,843
330806629450,INV-11435,TS09AB4846,755
360629332816,INV-11436,TS09AB6581,264
705025652084,INV-11437,TS09AB5661,163
791609635198,INV-11438,TS09AB3017,459
507173157657,INV-11439,TS09AB8045,886
722853335294,INV-11440,TS09AB7006,694
845100474654,INV-11442,TS09AB1001,477
723738385862,INV-11444,TS09AB4965,874
575003934504,INV-11445,TS09AB8602,649
688326746619,INV-11447,TS09AB9609,137
448123749738,INV-11448,TS09AB4616,900
989011879016,INV-11449,TS09AB2128,519
824402264719,INV-11450,TS09AB6276,292
701297430316,INV-11451,TS09AB1235,564
287039216555,INV-11452,TS09AB9429,21
689188135228,INV-11453,TS09AB2997,961
447115156598,INV-11454,TS09AB9873,217
306283465165,INV-11455,TS09AB9584,117
416183096150,INV-11456,TS09AB5806,767
853480866213,INV-11457,TS09AB4303,328
989316493645,INV-11458,TS09AB3735,769
568682594277,INV-11459,TS09AB3936,329
513084343455,INV-11460,TS09AB8886,817
504852477975,INV-11461,TS09AB1362,364
572735924482,INV-11464,TS09AB1047,356
616385948315,INV-11466,TS09AB9728,358
712257920749,INV-11467,TS09AB3346,656
143600509340,INV-11468,TS09AB6103,227
577225726699,INV-11470,TS09AB1691,639
510717695754,INV-11471,TS09AB5391,463
666601195803,INV-11472,TS09AB9735,246
294793856875,INV-11473,TS09AB1304,269
402715617755,INV-11474,TS09AB5330,156
242842495967,INV-11475,TS09AB4418,719
655857051756,INV-11476,TS09AB4691,679
384111257135,INV-11477,TS09AB5137,618
620730458239,INV-11478,TS09AB4109,128
520179990890,INV-11479,TS09AB4212,867
726763386833,INV-11480,TS09AB6857,528
319032462741,INV-11482,TS09AB6029,576
421234755145,INV-11483,TS09AB3621,343
994650015775,INV-11484,TS09AB9285,373
272334413179,INV-11485,TS09AB6870,533
972657192427,INV-11486,TS09AB5525,862
848575213866,INV-11488,TS09AB2658,872
851308097195,INV-11490,TS09AB3789,149
363194876038,INV-11491,TS09AB3067,73
356558682959,INV-11492,TS09AB2140,991
836844494265,INV-11493,TS09AB2695,481
848434833564,INV-11494,TS09AB6401,360
496765338731,INV-11495,TS09AB9360,899
674700231966,INV-11496,TS09AB9600,74
791476956036,INV-11498,TS09AB3689,45
132541284824,INV-11499,TS09AB8154,208
718390016780,INV-11500,TS09AB3916,337
939567678514,INV-11501,TS09AB2038,843
693730928565,INV-11502,TS09AB4213,921
233066753921,INV-11504,TS09AB3285,200
409946500978,INV-11505,TS09AB1566,49
576476636136,INV-11506,TS09AB3337,677
715683309142,INV-11507,TS09AB8167,882
408712406967,INV-11508,TS09AB9176,910
788148790323,INV-11509,TS09AB5216,425
907406292403,INV-11510,TS09AB5143,469
475135481992,INV-11511,TS09AB8947,171
718418866805,INV-11512,TS09AB9581,556
373099304409,INV-11514,TS09AB8182,575
224173801189,INV-11515,TS09AB7702,985
270797383045,INV-11516,TS09AB9544,67
644170262682,INV-11517,TS09AB5340,982
301400175330,INV-11518,TS09AB9312,75
226054641947,INV-11519,TS09AB6531,972
982286337527,INV-11520,TS09AB3828,61
555622411698,INV-11522,TS09AB2501,772
411487909220,INV-11523,TS09AB9132,448
466187071465,INV-11524,TS09AB3940,325
941070031795,INV-11525,TS09AB4620,593
927014820616,INV-11526,TS09AB3263,21
286795684561,INV-11527,TS09AB2144,258
982918735787,INV-11528,TS09AB6921,369
355252890492,INV-11529,TS09AB1667,262
125975676260,INV-11530,TS09AB6581,642
285711935604,INV-11531,TS09AB8722,913
475959049146,INV-11532,TS09AB8284,691
950006287911,INV-11533,TS09AB8894,465
599568930644,INV-11534,TS09AB7058,150
664445864234,INV-11537,TS09AB8806,574
699164882136,INV-11538,TS09AB8677,447
645765433603,INV-11539,TS09AB7407,118
749793429422,INV-11540,TS09AB5320,1000
618904512612,INV-11541,TS09AB2944,349
951896260206,INV-11542,TS09AB4716,889
218933055280,INV-11543,TS09AB6726,139
207310700613,INV-11544,TS09AB3849,666
840090150206,INV-11545,TS09AB3562,427
313577297470,INV-11546,TS09AB4188,381
635928209851,INV-11548,TS09AB2672,44
368790350588,INV-11549,TS09AB5973,628
697054483296,INV-11550,TS09AB4330,325
512283283682,INV-11551,TS09AB2875,854
648219218778,INV-11552,TS09AB6407,830
554151308207,INV-11553,TS09AB2155,56
209562658834,INV-11556,TS09AB4428,513
392943477871,INV-11558,TS09AB2262,960
544989939064,INV-11559,TS09AB8928,111
293136904686,INV-11560,TS09AB6131,523
283195979139,INV-11562,TS09AB3652,302
955324704272,INV-11563,TS09AB1745,402
319195188631,INV-11564,TS09AB7050,388
709473571755,INV-11565,TS09AB6887,914
499939999995,INV-11566,TS09AB7969,916
328068553664,INV-11567,TS09AB7765,518
315380070040,INV-11568,TS09AB8633,841
268698836756,INV-11569,TS09AB1664,389
484336299580,INV-11570,TS09AB2351,685
462700176907,INV-11571,TS09AB7229,57
215137552740,INV-11572,TS09AB8976,535
647918031651,INV-11573,TS09AB3748,966
639927936253,INV-11574,TS09AB9164,552
415988958571,INV-11576,TS09AB8053,160
968161879063,INV-11577,TS09AB2862,102
406583024338,INV-11578,TS09AB3282,970
170816441980,INV-11579,TS09AB5135,450
545312111677,INV-11580,TS09AB4639,780
444120874327,INV-11581,TS09AB4483,201
339923168369,INV-11582,TS09AB3312,229
195213011237,INV-11583,TS09AB1287,101
431905840515,INV-11584,TS09AB6855,618
645625722628,INV-11586,TS09AB6320,966
714799546751,INV-11587,TS09AB4470,845
273756202122,INV-11588,TS09AB3965,963
581620568954,INV-11589,TS09AB7039,731
419333827399,INV-11590,TS09AB7278,70
620551722695,INV-11591,TS09AB6934,847
252570474867,INV-11594,TS09AB8441,114
476023778556,INV-11595,TS09AB9089,246
641504720921,INV-11596,TS09AB5195,488
586595371213,INV-11597,TS09AB9958,336
495662944634,INV-11598,TS09AB3191,366
912092621071,INV-11599,TS09AB2511,160
518393424265,INV-11601,TS09AB6534,253
830686511136,INV-11602,TS09AB3082,130
400331493123,INV-11604,TS09AB8191,404
346023337010,INV-11605,TS09AB7760,585
475626545960,INV-11606,TS09AB4743,830
284684186518,INV-11607,TS09AB5378,482
851334809827,INV-11608,TS09AB7892,531
408099755610,INV-11610,TS09AB6315,365
904081488394,INV-11611,TS09AB2299,475
360597833896,INV-11612,TS09AB4520,984
859159317694,INV-11613,TS09AB5020,375
380237230270,INV-11614,TS09AB9567,637
597792028701,INV-11615,TS09AB6166,466
213032876228,INV-11616,TS09AB2938,96
478461498509,INV-11618,TS09AB5331,63
704694281698,INV-11619,TS09AB3160,656
147791112326,INV-11620,TS09AB9733,621
423131506818,INV-11621,TS09AB9638,730
921624737287,INV-11622,TS09AB3085,22
686704243792,INV-11623,TS09AB4068,940
749927839773,INV-11624,TS09AB1153,850
418597998868,INV-11625,TS09AB8123,233
805840433356,INV-11626,TS09AB3915,454
322347696053,INV-11627,TS09AB4377,75
490535442673,INV-11628,TS09AB2733,458
906031532826,INV-11630,TS09AB1941,926
826810376691,INV-11631,TS09AB7205,795
893165591497,INV-11632,TS09AB2367,866
800432612652,INV-11633,TS09AB3361,601
562034841807,INV-11634,TS09AB6492,478
286172342174,INV-11636,TS09AB1046,649
830869724833,INV-11637,TS09AB3235,543
470197151822,INV-11638,TS09AB9977,682
786980346176,INV-11639,TS09AB2823,479
322580468493,INV-11640,TS09AB1891,78
884544197415,INV-11641,TS09AB5108,816
485233605757,INV-11642,TS09AB1998,387
196989053000,INV-11643,TS09AB1057,827
326161674866,INV-11644,TS09AB3722,236
580607535642,INV-11645,TS09AB6849,740
995143322332,INV-11646,TS09AB9359,92
216077990652,INV-11647,TS09AB4965,930
531642898329,INV-11648,TS09AB5314,923
143769572003,INV-11649,TS09AB2532,991
810998172565,INV-11650,TS09AB3242,949
392973630026,INV-11651,TS09AB6944,296
277977582175,INV-11652,TS09AB1791,477
233863035381,INV-11653,TS09AB5476,901
409050135268,INV-11654,TS09AB7502,457
925736317318,INV-11655,TS09AB2568,985
479604274311,INV-11656,TS09AB9854,477
569869854207,INV-11657,TS09AB1825,427
286249575684,INV-11658,TS09AB9576,72
359961401908,INV-11659,TS09AB5679,456
583230873752,INV-11660,TS09AB7370,265
435539053892,INV-11661,TS09AB6193,478
171702680827,INV-11662,TS09AB3546,993
619069701340,INV-11664,TS09AB4237,867
792496282625,INV-11666,TS09AB2279,74
951607924275,INV-11667,TS09AB5901,198
664571003725,INV-11668,TS09AB2013,925
605387262935,INV-11669,TS09AB4641,228
517276034141,INV-11670,TS09AB9795,661
258346085508,INV-11671,TS09AB5203,427
603927882644,INV-11672,TS09AB9868,532
146250193087,INV-11674,TS09AB7775,702
295673566099,INV-11675,TS09AB8119,831
518825830990,INV-11676,TS09AB2399,275
299752749704,INV-11677,TS09AB9138,543
355694206329,INV-11678,TS09AB9529,151
430049594966,INV-11679,TS09AB3539,181
227878439722,INV-11680,TS09AB8896,61
643217197358,INV-11681,TS09AB6614,208
881449612189,INV-11682,TS09AB2266,891
650638807155,INV-11683,TS09AB4560,626
431532834353,INV-11684,TS09AB6483,291
690334853244,INV-11685,TS09AB7923,799
372335664965,INV-11686,TS09AB4097,719
989864115304,INV-11687,TS09AB9634,302
828998133664,INV-11688,TS09AB2622,674
535576573242,INV-11689,TS09AB5458,700
629320748859,INV-11690,TS09AB3272,198
483820303395,INV-11691,TS09AB6122,584
984046768828,INV-11692,TS09AB1259,347
788237181696,INV-11695,TS09AB5745,422
384913349430,INV-11696,TS09AB7173,319
449031355476,INV-11698,TS09AB6883,90
982013065551,INV-11700,TS09AB5722,574
887852346957,INV-11702,TS09AB7645,38
653792555357,INV-11703,TS09AB9497,270
221476922036,INV-11704,TS09AB3555,509
274057758127,INV-11705,TS09AB2343,765
769046116738,INV-11706,TS09AB2397,345
412251791197,INV-11708,TS09AB2965,219
729193665216,INV-11709,TS09AB4968,959
612274961235,INV-11710,TS09AB6939,851
313898605752,INV-11711,TS09AB5620,755
812474045051,INV-11712,TS09AB3877,507
587941952794,INV-11713,TS09AB2530,188
842300799637,INV-11714,TS09AB2634,223
972359834451,INV-11715,TS09AB3490,281
289618120488,INV-11716,TS09AB6217,18
426913822052,INV-11717,TS09AB4141,848
462446400255,INV-11718,TS09AB1405,432
667282043746,INV-11719,TS09AB1442,603
401131761523,INV-11720,TS09AB8873,672
465701786820,INV-11721,TS09AB2623,174
336677275375,INV-11722,TS09AB7907,115
714593150107,INV-11723,TS09AB2795,210
363420595331,INV-11726,TS09AB7394,654
203513158769,INV-11728,TS09AB4941,974
327536146442,INV-11729,TS09AB5435,403
757763754657,INV-11730,TS09AB5445,221
802565684474,INV-11731,TS09AB8267,185
583378311714,INV-11732,TS09AB4327,219
410388952921,INV-11733,TS09AB9801,784
675235559765,INV-11735,TS09AB2603,40
835618980445,INV-11736,TS09AB8219,445
506326074872,INV-11737,TS09AB8622,479
449459424212,INV-11738,TS09AB9018,76
726418593934,INV-11740,TS09AB9858,374
365469284854,INV-11741,TS09AB3625,531
608437119992,INV-11742,TS09AB2185,277
758015829701,INV-11745,TS09AB8241,965
343073655564,INV-11746,TS09AB6170,289
804511696603,INV-11747,TS09AB3746,370
889876527250,INV-11748,TS09AB7661,491
743638756426,INV-11749,TS09AB3317,692
547389311514,INV-11750,TS09AB3866,93
737416096610,INV-11751,TS09AB4420,414
872635960464,INV-11752,TS09AB4919,683
862707528064,INV-11753,TS09AB2663,190
111608032249,INV-11754,TS09AB9861,867
899788379523,INV-11755,TS09AB6938,342
562770727277,INV-11757,TS09AB8173,664
229783759490,INV-11758,TS09AB3050,963
212991999938,INV-11759,TS09AB1015,719
331691224877,INV-11760,TS09AB7997,355
829991456432,INV-11761,TS09AB5670,177
955451331845,INV-11762,TS09AB6996,106
102345476684,INV-11763,TS09AB3360,526
926443197762,INV-11764,TS09AB8537,107
458331564055,INV-11765,TS09AB1791,667
300139527403,INV-11766,TS09AB2664,595
962389968841,INV-11767,TS09AB8626,650
895138717824,INV-11768,TS09AB2553,987
161142236755,INV-11769,TS09AB4607,55
899112499779,INV-11770,TS09AB7333,142
561749608277,INV-11771,TS09AB4110,448
697240848434,INV-11773,TS09AB3017,192
472948360962,INV-11774,TS09AB6215,792
263170498316,INV-11775,TS09AB7050,57
199294400957,INV-11776,TS09AB5482,214
696257810024,INV-11778,TS09AB3265,581
918919330643,INV-11779,TS09AB2746,837
717799360012,INV-11780,TS09AB7541,330
655339354508,INV-11781,TS09AB3492,149
603524882187,INV-11782,TS09AB5087,756
264206590506,INV-11784,TS09AB4830,311
682299515066,INV-11785,TS09AB3166,676
664260809817,INV-11787,TS09AB5529,555
579027144153,INV-11788,TS09AB3065,245
975467543195,INV-11789,TS09AB9883,777
179134739510,INV-11790,TS09AB7043,962
554831888893,INV-11791,TS09AB2292,64
496274139002,INV-11792,TS09AB9966,572
374655157869,INV-11793,TS09AB4911,801
744674418326,INV-11794,TS09AB3737,647
100123558211,INV-11797,TS09AB8146,666
706421497649,INV-11798,TS09AB4911,862
284011862519,INV-11799,TS09AB5952,146
298235771240,INV-11802,TS09AB1636,372
797371428187,INV-11803,TS09AB7189,344
730538754496,INV-11804,TS09AB6411,134
390361342491,INV-11805,TS09AB2477,770
493833735103,INV-11806,TS09AB4831,437
908767789193,INV-11807,TS09AB1729,861
281213348058,INV-11808,TS09AB7354,140
199589502102,INV-11809,TS09AB3911,453
863815803737,INV-11810,TS09AB1975,639
430982057405,INV-11811,TS09AB4729,120
997239205814,INV-11812,TS09AB9763,552
272897331817,INV-11813,TS09AB8020,924
158634478339,INV-11814,TS09AB2998,249
984542053795,INV-11815,TS09AB9610,853
287073329185,INV-11816,TS09AB3693,910
557373879198,INV-11817,TS09AB6976,902
919633963229,INV-11818,TS09AB2710,573
213815460863,INV-11819,TS09AB8520,477
950392814491,INV-11821,TS09AB7330,448
560562947467,INV-11823,TS09AB1684,42
852776060635,INV-11824,TS09AB4039,652
214146979868,INV-11825,TS09AB6566,648
550073214704,INV-11827,TS09AB7349,694
856305276300,INV-11828,TS09AB1764,984
244767770412,INV-11829,TS09AB5270,934
219057512197,INV-11830,TS09AB9472,347
382711437784,INV-11831,TS09AB3713,742
388966347060,INV-11832,TS09AB2436,488
771415894164,INV-11833,TS09AB4615,673
973284434104,INV-11835,TS09AB6094,552
112001271989,INV-11836,TS09AB7728,342
875895201163,INV-11837,TS09AB8966,119
663637433715,INV-11838,TS09AB6029,501
524928136263,INV-11839,TS09AB8702,515
771686053004,INV-11840,TS09AB4862,830
693586767218,INV-11841,TS09AB8988,390
127280853489,INV-11842,TS09AB1803,27
234279315718,INV-11843,TS09AB1626,655
290919239595,INV-11845,TS09AB1460,962
642264674515,INV-11846,TS09AB4437,27
884867311263,INV-11847,TS09AB2348,596
396568383037,INV-11848,TS09AB8626,710
578532847577,INV-11849,TS09AB3633,709
656919936597,INV-11850,TS09AB2780,208
150367015748,INV-11851,TS09AB3969,73
616987416342,INV-11853,TS09AB7274,395
326507195552,INV-11855,TS09AB9915,593
981336496817,INV-11856,TS09AB6311,575
131715720332,INV-11858,TS09AB8640,604
231926321582,INV-11859,TS09AB6102,983
724408715455,INV-11860,TS09AB7792,616
115442337187,INV-11861,TS09AB9380,22
962955080882,INV-11862,TS09AB9252,733
638389973535,INV-11864,TS09AB4499,18
915777013679,INV-11865,TS09AB6713,264
835974036401,INV-11867,TS09AB7419,209
891429767323,INV-11868,TS09AB2417,47
232063782516,INV-11869,TS09AB4733,197
454808111307,INV-11870,TS09AB5313,110
949726820665,INV-11871,TS09AB6172,246
335151394226,INV-11872,TS09AB9442,222
748320523149,INV-11873,TS09AB8773,112
559012522070,INV-11874,TS09AB8963,379
509523319150,INV-11875,TS09AB6400,231
542138849781,INV-11876,TS09AB7202,334
351256448672,INV-11877,TS09AB3418,587
101581816408,INV-11878,TS09AB1080,922
791006206578,INV-11880,TS09AB5491,624
662554473088,INV-11881,TS09AB6809,227
129134509664,INV-11882,TS09AB6490,537
611598075006,INV-11883,TS09AB9159,242
589455132670,INV-11885,TS09AB1411,681
294357324021,INV-11886,TS09AB1356,672
899929972371,INV-11887,TS09AB9633,299
759895767780,INV-11888,TS09AB8638,623
909204530589,INV-11889,TS09AB5707,399
735807671468,INV-11891,TS09AB8893,126
875045719748,INV-11892,TS09AB8038,848
501727297630,INV-11893,TS09AB8286,597
777323224023,INV-11894,TS09AB3816,871
416259152440,INV-11896,TS09AB5583,193
171620879345,INV-11898,TS09AB5016,288
914709850051,INV-11899,TS09AB2707,476
886818840698,INV-11900,TS09AB5263,356
892597489169,INV-11901,TS09AB5626,337
511727489099,INV-11902,TS09AB7022,828
215657433295,INV-11903,TS09AB6961,876
476739600436,INV-11905,TS09AB2706,865
804500651328,INV-11906,TS09AB5888,204
630293036686,INV-11908,TS09AB5692,21
185396407658,INV-11909,TS09AB4730,146
810647183916,INV-11910,TS09AB3069,355
963943406966,INV-11911,TS09AB8678,308
134800204656,INV-11913,TS09AB5647,50
733664264526,INV-11915,TS09AB1715,160
825402618183,INV-11917,TS09AB8961,213
547838075908,INV-11918,TS09AB8841,769
254381516388,INV-11919,TS09AB7299,360
429026484291,INV-11920,TS09AB8227,602
158732073668,INV-11921,TS09AB2760,602
123829305439,INV-11922,TS09AB6193,970
284963625685,INV-11924,TS09AB8540,251
493862146904,INV-11925,TS09AB7696,894
202891444866,INV-11926,TS09AB9725,465
206202525758,INV-11929,TS09AB6803,317
365638914164,INV-11930,TS09AB5333,307
440759652139,INV-11931,TS09AB4071,668
596431568181,INV-11932,TS09AB3037,611
458740982759,INV-11933,TS09AB7757,764
911375260902,INV-11934,TS09AB7679,166
362916328892,INV-11935,TS09AB1404,945
740069935559,INV-11936,TS09AB9449,648
673333202643,INV-11937,TS09AB8389,451
870600592642,INV-11938,TS09AB1732,592
340159274465,INV-11939,TS09AB4280,719
373018472245,INV-11940,TS09AB3480,376
628180365705,INV-11941,TS09AB4473,970
384559427286,INV-11942,TS09AB1767,624
166463993888,INV-11944,TS09AB8902,915
584550974283,INV-11946,TS09AB4217,599
245387727102,INV-11947,TS09AB1984,246
515952442850,INV-11948,TS09AB9637,666
745982623398,INV-11949,TS09AB1145,258
131333869373,INV-11950,TS09AB8408,369
439056055564,INV-11951,TS09AB5811,460
535341565756,INV-11952,TS09AB6415,114
280819001089,INV-11953,TS09AB6982,594
185991640083,INV-11956,TS09AB3387,18
214574769512,INV-11957,TS09AB9546,842
620956473690,INV-11958,TS09AB9928,720
301909471518,INV-11961,TS09AB7075,77
292943055423,INV-11962,TS09AB3343,606
807642394906,INV-11963,TS09AB1259,132
992728570915,INV-11964,TS09AB7645,605
466487225307,INV-11965,TS09AB1127,720
906997983642,INV-11966,TS09AB2439,953
582152332490,INV-11967,TS09AB2674,724
784352856060,INV-11968,TS09AB2002,245
895179440570,INV-11969,TS09AB7010,870
413291344660,INV-11970,TS09AB6723,38
941165876804,INV-11971,TS09AB4154,250
511981611261,INV-11972,TS09AB3774,388
112579446769,INV-11973,TS09AB1152,56
651800672928,INV-11975,TS09AB6528,155
367050383460,INV-11976,TS09AB5577,601
371876478345,INV-11977,TS09AB8326,35
956353587077,INV-11978,TS09AB3697,743
548135942687,INV-11979,TS09AB9350,374
840403183743,INV-11980,TS09AB2524,923
997534830032,INV-11981,TS09AB5579,434
675978284636,INV-11982,TS09AB4346,813
124132894300,INV-11983,TS09AB6450,686
808918329434,INV-11984,TS09AB7242,161
806795163483,INV-11985,TS09AB2453,449
347650438079,INV-11986,TS09AB1061,422
168605673947,INV-11989,TS09AB6938,990
180549894896,INV-11990,TS09AB1655,679
989998981857,INV-11991,TS09AB8648,160
487278343929,INV-11992,TS09AB7284,267
417306668700,INV-11993,TS09AB4491,677
859985218227,INV-11994,TS09AB9431,702
702403549785,INV-11995,TS09AB8234,21
108613846538,INV-11996,TS09AB7923,41
409530571187,INV-11997,TS09AB8709,347
814444266966,INV-11998,TS09AB8006,412
613978058295,INV-11999,TS09AB8407,390
524971409677,INV-12000,TS09AB8248,867
336214256965,INV-12001,TS09AB4306,548
401895964661,INV-12002,TS09AB2986,199
261754942609,INV-12003,TS09AB6725,529
690212596012,INV-12004,TS09AB1652,451
109853922901,INV-12006,TS09AB8016,286
108240292142,INV-12007,TS09AB5678,28
657449457983,INV-12008,TS09AB9262,251
869052759517,INV-12009,TS09AB1382,823
372563048579,INV-12010,TS09AB7825,931
554476291685,INV-12011,TS09AB9567,27
670813897804,INV-12013,TS09AB3600,376
897918085042,INV-12014,TS09AB7440,23
293687221321,INV-12017,TS09AB4986,124
369710056184,INV-12018,TS09AB4835,61
150086955911,INV-12019,TS09AB2101,700
467459791632,INV-12020,TS09AB9614,767
870094867566,INV-12021,TS09AB8563,324
548573358049,INV-12022,TS09AB3281,369
514663279510,INV-12023,TS09AB4438,711
736153895617,INV-12024,TS09AB9766,503
227674273269,INV-12025,TS09AB4731,337
355561342166,INV-12026,TS09AB9342,246
175087151035,INV-12027,TS09AB9197,164
969329988638,INV-12028,TS09AB5725,255
397920416191,INV-12029,TS09AB8353,468
336730604213,INV-12030,TS09AB5160,221
196481003953,INV-12031,TS09AB2728,360
650910287304,INV-12032,TS09AB7942,845
653823458471,INV-12033,TS09AB3291,688
349846169149,INV-12034,TS09AB9670,285
215930081012,INV-12035,TS09AB6040,930
325572955979,INV-12037,TS09AB5423,252
427803663473,INV-12038,TS09AB4417,467
436232578003,INV-12039,TS09AB7819,875
698645942817,INV-12040,TS09AB7501,601
414677955926,INV-12041,TS09AB3567,499
323877900148,INV-12042,TS09AB3987,735
886013733405,INV-12044,TS09AB1753,375
236301108370,INV-12045,TS09AB9909,768
421371393588,INV-12046,TS09AB1797,751
963652945245,INV-12047,TS09AB9218,184
712712782002,INV-12048,TS09AB7268,658
406284620373,INV-12049,TS09AB8369,295
713915438328,INV-12050,TS09AB6444,832
348204846257,INV-12051,TS09AB5020,435
212529448873,INV-12052,TS09AB2080,812
822118688355,INV-12053,TS09AB2170,878
242368553540,INV-12055,TS09AB4043,373
993750496730,INV-12057,TS09AB6272,373
102057639065,INV-12058,TS09AB5434,963
760675026277,INV-12059,TS09AB3344,179
239530010554,INV-12060,TS09AB1255,633
635189459926,INV-12061,TS09AB9260,610
465385586676,INV-12062,TS09AB2055,427
954837481005,INV-12064,TS09AB9316,243
573683178138,INV-12065,TS09AB1492,265
903748981349,INV-12066,TS09AB9804,502
185690471360,INV-12067,TS09AB3705,827
943398666525,INV-12069,TS09AB8907,595
908437645750,INV-12071,TS09AB3730,922
611662292379,INV-12073,TS09AB8544,70
124398832477,INV-12074,TS09AB3053,844
301820226660,INV-12075,TS09AB8723,797
919840147660,INV-12078,TS09AB1195,111
243916585792,INV-12079,TS09AB4303,745
293774345448,INV-12080,TS09AB9021,298
590042529434,INV-12081,TS09AB7879,787
401465906466,INV-12083,TS09AB1800,477
940264834306,INV-12084,TS09AB6599,832
486464811997,INV-12085,TS09AB8318,584
736053656657,INV-12086,TS09AB1298,453
288570854206,INV-12088,TS09AB9383,208
618546489019,INV-12089,TS09AB5368,19
703288693942,INV-12090,TS09AB7019,444
219830768874,INV-12091,TS09AB9989,262
362017376003,INV-12092,TS09AB2161,510
839925148009,INV-12093,TS09AB4441,916
716600730805,INV-12095,TS09AB7741,315
311848333224,INV-12096,TS09AB3666,238
352694406614,INV-12098,TS09AB5388,38
886991147194,INV-12099,TS09AB5834,652
673348552457,INV-12100,TS09AB3147,342
827850617428,INV-12101,TS09AB5043,176
297296089942,INV-12102,TS09AB7513,141
687358828488,INV-12103,TS09AB7462,697
322821097892,INV-12105,TS09AB8662,628
495628764424,INV-12106,TS09AB8419,859
519590999684,INV-12107,TS09AB2897,615
862096649834,INV-12108,TS09AB1834,165
829331175005,INV-12109,TS09AB1329,780
783949734414,INV-12110,TS09AB2527,65
792015826109,INV-12111,TS09AB9943,12
833083393020,INV-12112,TS09AB4721,362
679111972636,INV-12115,TS09AB2332,663
477610245414,INV-12118,TS09AB7310,232
810154934381,INV-12120,TS09AB1314,653
276229108260,INV-12121,TS09AB6434,281
959698179575,INV-12122,TS09AB6376,234
101649816017,INV-12124,TS09AB6880,425
932220333687,INV-12125,TS09AB8492,491
314803251983,INV-12127,TS09AB5902,692
555479791688,INV-12128,TS09AB5349,145
533684104300,INV-12129,TS09AB9413,67
197015769832,INV-12130,TS09AB3854,271
150652725412,INV-12132,TS09AB6273,578
566363694840,INV-12133,TS09AB5943,670
214115262964,INV-12134,TS09AB7582,691
886684731935,INV-12135,TS09AB6410,567
344509382172,INV-12136,TS09AB4818,47
306060597374,INV-12137,TS09AB5213,720
582113201094,INV-12138,TS09AB9647,563
677593280277,INV-12139,TS09AB1003,227
136396746304,INV-12140,TS09AB8688,691
182764373200,INV-12141,TS09AB8363,196
438144856301,INV-12142,TS09AB6153,642
970818826582,INV-12143,TS09AB3961,232
159104642714,INV-12144,TS09AB9540,788
863217201967,INV-12145,TS09AB8902,746
324673903513,INV-12146,TS09AB7237,779
178969751078,INV-12147,TS09AB2381,678
960675030326,INV-12148,TS09AB4793,623
562449571299,INV-12149,TS09AB4774,963
664979216496,INV-12150,TS09AB1600,189
909119906885,INV-12151,TS09AB9580,909
585278176715,INV-12152,TS09AB9768,335
294096199901,INV-12154,TS09AB2484,578
860814287341,INV-12155,TS09AB9524,822
896865454383,INV-12156,TS09AB7495,578
263572708334,INV-12157,TS09AB6187,256
370822879773,INV-12158,TS09AB1933,430
921893930263,INV-12160,TS09AB9130,652
330688896295,INV-12162,TS09AB7100,203
971056334227,INV-12163,TS09AB4931,513
292003520861,INV-12164,TS09AB9866,493
724445871646,INV-12165,TS09AB5556,882
558194884332,INV-12166,TS09AB8138,283
179588249817,INV-12167,TS09AB3955,140
379991081291,INV-12168,TS09AB2310,399
511717662848,INV-12169,TS09AB1646,284
550785593195,INV-12170,TS09AB7913,246
640327174342,INV-12171,TS09AB2495,443
905538370599,INV-12172,TS09AB7427,851
431614015214,INV-12173,TS09AB3705,948
255365685195,INV-12174,TS09AB2525,56
982369301210,INV-12175,TS09AB9654,938
929641008667,INV-12176,TS09AB8085,296
959992457434,INV-12177,TS09AB6994,867
775214356600,INV-12178,TS09AB9937,103
103267494970,INV-12179,TS09AB9248,430
565553740476,INV-12180,TS09AB9876,274
809451837861,INV-12181,TS09AB8507,714
633020621840,INV-12184,TS09AB1185,869
971196130601,INV-12185,TS09AB4794,613
231925864785,INV-12186,TS09AB4504,843
443690428999,INV-12187,TS09AB5522,43
746628604971,INV-12188,TS09AB9250,198
897616051100,INV-12189,TS09AB6308,156
781146999375,INV-12190,TS09AB4236,111
420012382242,INV-12191,TS09AB8742,187
161056007864,INV-12192,TS09AB9930,754
431001503835,INV-12193,TS09AB6438,669
731182565834,INV-12194,TS09AB5194,24
255720553138,INV-12195,TS09AB9558,126
443103660234,INV-12196,TS09AB8347,93
257039048827,INV-12198,TS09AB8496,928
611155683703,INV-12199,TS09AB8912,722
195172968197,INV-12201,TS09AB4405,631
191016866356,INV-12202,TS09AB2792,395
264795907559,INV-12203,TS09AB8035,412
668418239343,INV-12204,TS09AB3225,162
372011611629,INV-12205,TS09AB6908,913
978605149633,INV-12206,TS09AB7416,878
796377252903,INV-12207,TS09AB6441,107
624645269323,INV-12208,TS09AB6090,344
956790726029,INV-12210,TS09AB4969,501
316291462380,INV-12211,TS09AB7638,429
287751508202,INV-12212,TS09AB9632,707
716893139387,INV-12213,TS09AB5113,845
885665221180,INV-12214,TS09AB2585,930
820631774712,INV-12215,TS09AB7028,624
426603223801,INV-12216,TS09AB7384,664
449437688727,INV-12217,TS09AB3671,66
755737502668,INV-12218,TS09AB8261,991
381752697620,INV-12219,TS09AB4645,835
214284665869,INV-12221,TS09AB3486,725
352561213607,INV-12223,TS09AB4017,58
842226738087,INV-12224,TS09AB5286,534
499011678672,INV-12225,TS09AB9927,887
659008761651,INV-12226,TS09AB5607,933
791130885384,INV-12227,TS09AB5730,736
181639092824,INV-12228,TS09AB3264,356
329749484135,INV-12230,TS09AB9535,407
621560017438,INV-12231,TS09AB4664,88
300843922452,INV-12232,TS09AB8390,698
208038998482,INV-12234,TS09AB5876,685
146836032108,INV-12235,TS09AB8378,313
236700293916,INV-12237,TS09AB5929,405
412777909280,INV-12238,TS09AB1566,452
225840272775,INV-12239,TS09AB5631,103
841562260433,INV-12240,TS09AB3402,846
467487849359,INV-12241,TS09AB8593,54
791612147572,INV-12242,TS09AB9235,356
832206298893,INV-12243,TS09AB8058,29
952829823863,INV-12244,TS09AB3962,992
553372690331,INV-12245,TS09AB1980,434
274580612153,INV-12246,TS09AB9916,91
652564299900,INV-12247,TS09AB1237,741
265402721943,INV-12248,TS09AB2305,117
121756206534,INV-12249,TS09AB1455,887
484813452906,INV-12250,TS09AB8721,271
818651756968,INV-12251,TS09AB7700,353
142322475557,INV-12252,TS09AB6356,901
449060381658,INV-12253,TS09AB3433,544
429977956132,INV-12254,TS09AB5484,781
357987727215,INV-12255,TS09AB4021,468
286525119176,INV-12256,TS09AB4001,587
167135416249,INV-12257,TS09AB9920,216
225405703910,INV-12258,TS09AB6847,829
139707175761,INV-12259,TS09AB9759,15
919783937694,INV-12261,TS09AB3988,784
638993566562,INV-12262,TS09AB7824,29
524692014171,INV-12263,TS09AB5016,759
399335037759,INV-12264,TS09AB8164,695
669846900202,INV-12265,TS09AB3063,329
300801920020,INV-12266,TS09AB9562,237
960297102677,INV-12267,TS09AB9101,229
180364289618,INV-12268,TS09AB6921,919
168526060997,INV-12269,TS09AB8620,787
431775696778,INV-12270,TS09AB4612,959
207067099971,INV-12271,TS09AB1853,523
613080685769,INV-12272,TS09AB6289,990
925034795991,INV-12273,TS09AB3096,229
549519041354,INV-12275,TS09AB7836,470
103564148804,INV-12276,TS09AB4568,223
783923790198,INV-12277,TS09AB6739,857
418946572027,INV-12278,TS09AB9743,638
394320563900,INV-12279,TS09AB5174,286
542150028911,INV-12281,TS09AB8187,501
598648893694,INV-12282,TS09AB9870,933
299504123607,INV-12283,TS09AB9953,457
635750458497,INV-12284,TS09AB3128,121
146954840320,INV-12285,TS09AB3021,296
880206842986,INV-12286,TS09AB1596,622
637361197381,INV-12287,TS09AB7704,233
688330389329,INV-12288,TS09AB1938,770
880322966038,INV-12289,TS09AB1708,806
902420946777,INV-12291,TS09AB6609,166
955656625247,INV-12292,TS09AB9662,536
888592184140,INV-12293,TS09AB6554,891
636137728689,INV-12294,TS09AB7968,630
837780639294,INV-12295,TS09AB9344,228
774769257523,INV-12296,TS09AB9408,628
501253357205,INV-12297,TS09AB7620,577
632911109321,INV-12298,TS09AB5535,358
385933969668,INV-12299,TS09AB8098,460
179428353257,INV-12301,TS09AB7527,18
383176364952,INV-12302,TS09AB6545,888
527943450230,INV-12303,TS09AB9536,273
203172982600,INV-12306,TS09AB6174,674
673424294870,INV-12307,TS09AB5616,616
381137685531,INV-12308,TS09AB4902,63
435174329703,INV-12309,TS09AB5319,860
647313466474,INV-12311,TS09AB7705,665
405215477954,INV-12312,TS09AB9280,990
851435141676,INV-12313,TS09AB3001,606
373072306857,INV-12314,TS09AB4245,114
472278978722,INV-12316,TS09AB2788,933
246085846750,INV-12317,TS09AB2469,188
556257282917,INV-12318,TS09AB2387,287
564496814504,INV-12319,TS09AB5318,391
828680124817,INV-12320,TS09AB3682,245
511212774682,INV-12321,TS09AB2852,284
307531111510,INV-12322,TS09AB4798,659
644465515638,INV-12323,TS09AB9680,61
670816542860,INV-12324,TS09AB5376,976
451750279247,INV-12325,TS09AB8949,605
543752340692,INV-12326,TS09AB6818,848
721410792774,INV-12327,TS09AB8326,426
367077921752,INV-12328,TS09AB7714,823
956697593321,INV-12329,TS09AB2770,640
122813823123,INV-12330,TS09AB9356,685
393390461443,INV-12331,TS09AB7416,490
234026232710,INV-12332,TS09AB6431,170
393235373517,INV-12333,TS09AB7063,567
990394435659,INV-12334,TS09AB3039,323
215547740756,INV-12335,TS09AB8299,55
253147994806,INV-12336,TS09AB2389,320
539397984453,INV-12337,TS09AB6527,686
664647918350,INV-12340,TS09AB4293,97
200366684383,INV-12341,TS09AB3030,806
732998611267,INV-12344,TS09AB1387,16
421782799734,INV-12345,TS09AB7105,621
453662803177,INV-12346,TS09AB8231,706
135355680429,INV-12348,TS09AB3958,226
217995741611,INV-12349,TS09AB1538,970
712615722727,INV-12350,TS09AB5957,398
918741597364,INV-12351,TS09AB6656,321
127368922208,INV-12353,TS09AB6634,820
232905038321,INV-12354,TS09AB3709,615
111758563599,INV-12355,TS09AB3084,955
720082465367,INV-12357,TS09AB2848,940
486481770022,INV-12358,TS09AB2413,556
677066538836,INV-12359,TS09AB2345,184
638957442541,INV-12360,TS09AB1118,857
941562374891,INV-12362,TS09AB6555,336
576093855564,INV-12363,TS09AB5030,381
143934498283,INV-12365,TS09AB8750,989
438009112983,INV-12366,TS09AB6378,299
293870334658,INV-12367,TS09AB1612,888
543542707779,INV-12368,TS09AB2082,930
725449490259,INV-12369,TS09AB2613,51
174824834194,INV-12370,TS09AB1831,873
546158248147,INV-12371,TS09AB5278,152
552734214720,INV-12372,TS09AB7146,85
853318609284,INV-12373,TS09AB3432,732
297828800066,INV-12374,TS09AB5493,154
656214970818,INV-12375,TS09AB4618,706
953881181727,INV-12376,TS09AB6111,745
491431601254,INV-12377,TS09AB3128,272
366661166217,INV-12378,TS09AB4262,640
980976906372,INV-12379,TS09AB7692,933
336402934120,INV-12380,TS09AB2763,225
527084122110,INV-12381,TS09AB3507,590
629890943446,INV-12382,TS09AB3584,824
254886319852,INV-12383,TS09AB5791,352
152732374796,INV-12384,TS09AB3890,643
273411848873,INV-12385,TS09AB5678,797
315056826393,INV-12387,TS09AB8829,279
115596838016,INV-12388,TS09AB1707,469
521064291140,INV-12390,TS09AB8226,914
332924123149,INV-12391,TS09AB9142,580
513449130552,INV-12393,TS09AB9684,637
292313229755,INV-12394,TS09AB5578,17
673525590892,INV-12396,TS09AB1390,887
875406761931,INV-12397,TS09AB2895,996
325578271109,INV-12398,TS09AB1114,569
492247986505,INV-12399,TS09AB3623,351
894152351326,INV-12401,TS09AB2063,199
368488152634,INV-12402,TS09AB5785,37
862951597098,INV-12403,TS09AB3176,493
733086295449,INV-12404,TS09AB1643,659
119078638265,INV-12405,TS09AB8354,67
860709649851,INV-12406,TS09AB1616,535
456440317964,INV-12407,TS09AB6067,396
794132912708,INV-12409,TS09AB8364,959
922081408766,INV-12410,TS09AB7551,793
371217483756,INV-12411,TS09AB3521,533
450313511607,INV-12412,TS09AB8280,74
807725128409,INV-12413,TS09AB6320,413
882873553015,INV-12414,TS09AB9423,503
157676637423,INV-12416,TS09AB6220,893
518281232256,INV-12417,TS09AB7612,308
637920016115,INV-12418,TS09AB6706,997
105572395387,INV-12419,TS09AB5576,255
892634936570,INV-12420,TS09AB2203,956
707649785662,INV-12422,TS09AB1982,492
821201845129,INV-12424,TS09AB2434,839
130537471740,INV-12425,TS09AB1801,854
833016760351,INV-12426,TS09AB4638,386
373861118342,INV-12427,TS09AB8048,199
658855851069,INV-12428,TS09AB8763,992
987203491052,INV-12429,TS09AB9007,491
188699694229,INV-12430,TS09AB9365,316
816539996251,INV-12432,TS09AB1444,590
684669667823,INV-12434,TS09AB9873,261
141892159961,INV-12436,TS09AB2350,673
618944750315,INV-12437,TS09AB3104,159
567195905691,INV-12438,TS09AB3731,744
927115364792,INV-12439,TS09AB9316,593
953518339154,INV-12440,TS09AB9838,837
592303913702,INV-12442,TS09AB3659,936
647584129706,INV-12443,TS09AB3649,254
656664137043,INV-12444,TS09AB3552,267
656286917385,INV-12447,TS09AB2347,443
252160874121,INV-12448,TS09AB5829,789
120310827569,INV-12449,TS09AB6665,648
832710077186,INV-12450,TS09AB8955,750
348981590631,INV-12452,TS09AB5998,207
682097500132,INV-12454,TS09AB7631,76
841073877223,INV-12456,TS09AB6554,558
389059390513,INV-12457,TS09AB5040,604
304117415206,INV-12458,TS09AB8940,15
684893867377,INV-12459,TS09AB7926,990
310014346904,INV-12460,TS09AB2751,12
861358911738,INV-12461,TS09AB3034,749
185404967933,INV-12462,TS09AB9133,751
748878620463,INV-12463,TS09AB9629,246
600306217000,INV-12464,TS09AB8088,764
897081499971,INV-12465,TS09AB8640,682
724230679656,INV-12466,TS09AB4021,888
945842442314,INV-12468,TS09AB5913,309
796936576104,INV-12469,TS09AB8718,509
792864129201,INV-12470,TS09AB2278,565
954415093630,INV-12471,TS09AB6645,821
827416357481,INV-12472,TS09AB4557,80
951828799707,INV-12473,TS09AB1738,397
660637872384,INV-12475,TS09AB4798,507
970187047902,INV-12476,TS09AB7237,743
774209505575,INV-12479,TS09AB9552,658
497829584850,INV-12480,TS09AB5407,165
701276014351,INV-12481,TS09AB5983,139
919974584270,INV-12482,TS09AB9716,164
650374076173,INV-12483,TS09AB9533,48
499504278284,INV-12484,TS09AB2203,981
230332587440,INV-12485,TS09AB8074,251
349470824807,INV-12487,TS09AB2950,463
451699464419,INV-12488,TS09AB1730,921
400784749534,INV-12489,TS09AB6922,140
441603126965,INV-12490,TS09AB6138,487
783710303413,INV-12491,TS09AB4508,446
891994570680,INV-12492,TS09AB7308,484
124388012243,INV-12493,TS09AB3442,743
345533333218,INV-12495,TS09AB3264,571
675021593012,INV-12496,TS09AB8947,289
311333217809,INV-12497,TS09AB3635,383
748192902006,INV-12498,TS09AB4542,398
991413675127,INV-12499,TS09AB2782,743
860513842092,INV-12500,TS09AB4042,688
430057505813,INV-12503,TS09AB4211,286
463572949604,INV-12504,TS09AB5008,562
506311978222,INV-12505,TS09AB1046,333
733273669275,INV-12506,TS09AB8983,779
888639231806,INV-12507,TS09AB4559,202
262636130677,INV-12508,TS09AB4681,493
959228812867,INV-12509,TS09AB4034,548
126458695380,INV-12510,TS09AB5523,928
844961072791,INV-12511,TS09AB6793,255
809290621723,INV-12512,TS09AB3432,492
866477235451,INV-12513,TS09AB5744,486
818305100924,INV-12514,TS09AB1593,893
363902566008,INV-12515,TS09AB3708,90
780100492281,INV-12516,TS09AB3657,89
904157616609,INV-12517,TS09AB6744,361
320365095977,INV-12518,TS09AB3394,962
593286852561,INV-12519,TS09AB7024,124
814159559867,INV-12520,TS09AB8352,908
969626117991,INV-12521,TS09AB4824,458
825556102313,INV-12522,TS09AB2809,935
108518699794,INV-12523,TS09AB8514,309
871298830097,INV-12524,TS09AB8858,94
196247005476,INV-12525,TS09AB4127,608
162670927005,INV-12526,TS09AB2180,876
831335343914,INV-12527,TS09AB5013,327
380194078396,INV-12528,TS09AB6747,609
871189633947,INV-12529,TS09AB4701,194
373103910324,INV-12530,TS09AB2082,735
978123640307,INV-12531,TS09AB7714,280
106293291220,INV-12532,TS09AB1824,299
148045983641,INV-12533,TS09AB5802,314
772089372681,INV-12535,TS09AB6434,689
592277543880,INV-12536,TS09AB2809,547
774789739295,INV-12537,TS09AB6498,645
308277721919,INV-12538,TS09AB8609,941
694542838070,INV-12539,TS09AB7731,523
122110120061,INV-12540,TS09AB9338,356
862558298165,INV-12541,TS09AB4729,140
221785833024,INV-12542,TS09AB6031,730
906267344274,INV-12543,TS09AB7592,108
578485869559,INV-12544,TS09AB3763,935
538777344481,INV-12545,TS09AB1569,437
526347904318,INV-12546,TS09AB4674,521
149903688016,INV-12547,TS09AB6801,158
305442207836,INV-12548,TS09AB4974,193
643789867049,INV-12549,TS09AB6764,564
102765303098,INV-12550,TS09AB4113,917
660510922548,INV-12554,TS09AB9288,722
910921923988,INV-12556,TS09AB5091,399
517660814594,INV-12557,TS09AB5494,86
587571607134,INV-12559,TS09AB5921,311
598433052732,INV-12561,TS09AB9357,900
672025349058,INV-12562,TS09AB1887,568
532663573658,INV-12563,TS09AB2293,200
136343165867,INV-12564,TS09AB8211,837
222001379376,INV-12565,TS09AB5664,74
504824135644,INV-12566,TS09AB6031,512
661992861336,INV-12568,TS09AB4230,528
215050699443,INV-12569,TS09AB1411,136
727238850157,INV-12570,TS09AB9925,29
515254654095,INV-12571,TS09AB2068,656
369059060385,INV-12572,TS09AB3497,509
429408624122,INV-12573,TS09AB6312,291
919987343150,INV-12574,TS09AB7350,595
429001439305,INV-12575,TS09AB2117,718
891668788306,INV-12576,TS09AB7044,243
599681113699,INV-12577,TS09AB3974,370
319607005922,INV-12578,TS09AB5110,453
736707693063,INV-12579,TS09AB8039,945
722247554181,INV-12580,TS09AB5286,150
120856873668,INV-12581,TS09AB5718,730
367058799165,INV-12582,TS09AB5110,487
287769398585,INV-12583,TS09AB1086,702
541427368267,INV-12584,TS09AB1137,327
426177907009,INV-12585,TS09AB2716,73
565380582324,INV-12586,TS09AB2421,382
803664984343,INV-12587,TS09AB4224,482
898414042161,INV-12588,TS09AB7636,238
466896596355,INV-12589,TS09AB1924,794
554227805815,INV-12590,TS09AB7264,717
697539543620,INV-12591,TS09AB2893,30
537911768102,INV-12593,TS09AB4592,288
222129747675,INV-12594,TS09AB2517,967
611126126302,INV-12595,TS09AB9432,175
845929088416,INV-12596,TS09AB5421,106
256617560817,INV-12597,TS09AB2137,935
450860522549,INV-12598,TS09AB4928,827
439581201937,INV-12600,TS09AB8313,55
206524042188,INV-12601,TS09AB6845,303
356480109620,INV-12602,TS09AB6054,412
674605719099,INV-12604,TS09AB5563,659
111815506219,INV-12605,TS09AB4727,275
373683961222,INV-12606,TS09AB8181,441
825329560856,INV-12607,TS09AB5841,285
338381417995,INV-12608,TS09AB8953,754
970583383110,INV-12609,TS09AB3993,940
606173003512,INV-12610,TS09AB6116,299
515909811939,INV-12611,TS09AB9242,601
538382384284,INV-12612,TS09AB1149,114
363966270932,INV-12613,TS09AB8053,658
987200729712,INV-12614,TS09AB9487,332
557484481122,INV-12615,TS09AB5708,868
494918062558,INV-12616,TS09AB8827,710
549629121951,INV-12617,TS09AB6647,439
603120271204,INV-12618,TS09AB1779,233
196172093854,INV-12619,TS09AB2002,31
709350445511,INV-12620,TS09AB1337,314
889014997457,INV-12621,TS09AB4148,984
432312383772,INV-12622,TS09AB8748,147
152639734702,INV-12623,TS09AB9455,844
663475543831,INV-12624,TS09AB9609,564
751154045512,INV-12625,TS09AB4719,592
393291783093,INV-12626,TS09AB4316,618
777378560353,INV-12627,TS09AB8274,363
990852853540,INV-12628,TS09AB9522,854
781376884391,INV-12629,TS09AB2872,327
922322714209,INV-12630,TS09AB6804,391
210730698293,INV-12631,TS09AB6283,360
639484315691,INV-12632,TS09AB9434,559
936873344695,INV-12633,TS09AB4072,413
695184891830,INV-12634,TS09AB9574,405
517667997999,INV-12635,TS09AB4449,199
766414837525,INV-12636,TS09AB5856,609
627191286998,INV-12637,TS09AB6419,197
328073569840,INV-12638,TS09AB6002,602
440868096544,INV-12639,TS09AB9170,324
782202081657,INV-12640,TS09AB4712,970
136910459848,INV-12641,TS09AB5658,198
576579078623,INV-12642,TS09AB4966,592
842688804026,INV-12643,TS09AB3279,305
450378961883,INV-12644,TS09AB2624,702
444709361989,INV-12645,TS09AB9433,803
832020695818,INV-12646,TS09AB2719,159
689256071779,INV-12647,TS09AB4511,904
382339611948,INV-12648,TS09AB6041,875
874296564264,INV-12650,TS09AB3276,831
339672466309,INV-12651,TS09AB7902,780
704036290587,INV-12652,TS09AB7111,131
342102506906,INV-12653,TS09AB2290,922
923578889118,INV-12654,TS09AB6914,286
206647141908,INV-12655,TS09AB4588,748
473045141031,INV-12656,TS09AB7204,641
582502180880,INV-12657,TS09AB5679,248
235164438786,INV-12658,TS09AB5481,165
111591485651,INV-12659,TS09AB6398,161
921395035641,INV-12660,TS09AB6495,368
977575528219,INV-12661,TS09AB8210,819
954232240702,INV-12663,TS09AB6483,534
851935058242,INV-12664,TS09AB1071,552
689051350174,INV-12665,TS09AB2955,59
382017329785,INV-12666,TS09AB2160,795
681888462765,INV-12667,TS09AB5006,251
923548243450,INV-12668,TS09AB4274,343
559537378429,INV-12669,TS09AB8290,531
765208910710,INV-12670,TS09AB7314,728
819133642110,INV-12671,TS09AB7494,679
421197712736,INV-12672,TS09AB3331,876
995620384431,INV-12673,TS09AB1393,839
677737460578,INV-12674,TS09AB2601,318
596660054404,INV-12675,TS09AB1114,911
555577130445,INV-12676,TS09AB1259,188
947600567548,INV-12677,TS09AB5851,638
715764494474,INV-12678,TS09AB4840,755
811452217704,INV-12681,TS09AB6966,968
845573530022,INV-12682,TS09AB8449,325
530124832956,INV-12683,TS09AB6232,130
370747055211,INV-12684,TS09AB1459,478
807818460999,INV-12685,TS09AB2670,468
232948695047,INV-12686,TS09AB2174,671
590407002685,INV-12688,TS09AB9235,494
667300057384,INV-12689,TS09AB2028,419
435298074083,INV-12690,TS09AB3802,143
578286889785,INV-12691,TS09AB8620,954
753057815297,INV-12692,TS09AB8404,631
471524014109,INV-12694,TS09AB6556,249
360887345223,INV-12695,TS09AB4184,690
399303183073,INV-12696,TS09AB1186,708
860081362398,INV-12697,TS09AB9075,40
329636126760,INV-12698,TS09AB6502,65
146445261744,INV-12699,TS09AB8836,638
603038337059,INV-12700,TS09AB2456,827
287924082486,INV-12701,TS09AB4615,369
559095629238,INV-12702,TS09AB6116,132
905846072399,INV-12703,TS09AB1148,84
152741377752,INV-12704,TS09AB8256,82
460389015404,INV-12706,TS09AB4582,88
823589805561,INV-12707,TS09AB7189,15
986859154702,INV-12709,TS09AB3687,159
805549020482,INV-12710,TS09AB6957,162
309604576925,INV-12711,TS09AB3548,258
647684784050,INV-12712,TS09AB1902,125
529579287294,INV-12713,TS09AB9094,635
520501431613,INV-12714,TS09AB5693,369
480996444302,INV-12715,TS09AB4773,944
253779061408,INV-12717,TS09AB3745,721
916126235969,INV-12718,TS09AB3261,579
727799211749,INV-12719,TS09AB8748,31
774114517705,INV-12721,TS09AB2683,191
461841301542,INV-12722,TS09AB4310,581
853995974855,INV-12723,TS09AB1414,229
851627681426,INV-12724,TS09AB7944,951
579185139028,INV-12725,TS09AB3334,279
111152040781,INV-12726,TS09AB4390,438
801033572975,INV-12727,TS09AB3624,922
564417010202,INV-12729,TS09AB8423,166
258050141556,INV-12730,TS09AB1531,203
554034911520,INV-12732,TS09AB6861,634
773253706796,INV-12733,TS09AB7093,799
958260411258,INV-12734,TS09AB7581,894
241500354337,INV-12735,TS09AB6504,844
970173478432,INV-12736,TS09AB2848,197
645095825045,INV-12738,TS09AB5247,363
933224895581,INV-12739,TS09AB5366,709
825160770801,INV-12741,TS09AB3271,873
889765369092,INV-12743,TS09AB5709,160
872042433310,INV-12744,TS09AB1236,217
611425634310,INV-12746,TS09AB3954,643
477326387334,INV-12747,TS09AB4498,521
878987927166,INV-12748,TS09AB7607,398
332388526725,INV-12749,TS09AB8693,946
187404226223,INV-12750,TS09AB7101,801
352675842866,INV-12751,TS09AB1981,29
623874185759,INV-12752,TS09AB8017,611
204242278957,INV-12753,TS09AB9828,589
986397822509,INV-12755,TS09AB6355,355
453778117929,INV-12756,TS09AB8264,566
266957314191,INV-12757,TS09AB9714,423
300363214642,INV-12758,TS09AB1157,709
107386737534,INV-12759,TS09AB7605,317
986323057005,INV-12760,TS09AB2475,901
743006945288,INV-12761,TS09AB1758,47
242625393976,INV-12762,TS09AB2818,523
686849004014,INV-12763,TS09AB4457,848
397727130160,INV-12764,TS09AB9031,621
479553019086,INV-12766,TS09AB8971,59
282833366515,INV-12767,TS09AB8786,67
211890964872,INV-12768,TS09AB1029,404
618291284900,INV-12769,TS09AB7560,845
411416543647,INV-12770,TS09AB8040,900
507192633135,INV-12771,TS09AB1500,877
600776750716,INV-12772,TS09AB6243,283
687237768375,INV-12773,TS09AB2848,436
777177583295,INV-12774,TS09AB6127,939
856116797266,INV-12775,TS09AB1162,604
660421452899,INV-12776,TS09AB1768,970
117859677735,INV-12778,TS09AB1744,913
919733855619,INV-12779,TS09AB5283,350
687490620734,INV-12780,TS09AB4390,590
646034717752,INV-12781,TS09AB3940,861
102595699582,INV-12782,TS09AB4963,729
422884171821,INV-12783,TS09AB8112,453
262044122008,INV-12784,TS09AB3055,754
741761853919,INV-12785,TS09AB6939,186
268692062329,INV-12787,TS09AB3586,174
566835471372,INV-12788,TS09AB5145,681
938586122865,INV-12789,TS09AB5284,745
426659117296,INV-12790,TS09AB8119,709
330471769866,INV-12791,TS09AB2009,61
752712048944,INV-12792,TS09AB7115,895
752086680583,INV-12793,TS09AB6822,86
909935215287,INV-12794,TS09AB5655,851
532295978749,INV-12796,TS09AB8980,718
608955035985,INV-12797,TS09AB5682,372
491034612127,INV-12798,TS09AB6945,695
226851155956,INV-12800,TS09AB2259,805
681740198412,INV-12801,TS09AB9553,421
485621888628,INV-12802,TS09AB5278,625
263869396575,INV-12803,TS09AB7729,612
872910548590,INV-12804,TS09AB9186,794
712748589139,INV-12805,TS09AB1924,892
699433247684,INV-12806,TS09AB5869,161
694524746359,INV-12807,TS09AB3584,226
129480113563,INV-12808,TS09AB7395,435
976325596013,INV-12809,TS09AB1741,796
120557459884,INV-12811,TS09AB2745,418
880292261141,INV-12812,TS09AB4998,720
942399953123,INV-12814,TS09AB4333,98
206386956218,INV-12815,TS09AB4829,949
751494316568,INV-12816,TS09AB1774,638
929224022578,INV-12817,TS09AB6085,754
648714740798,INV-12818,TS09AB5333,181
742290511532,INV-12819,TS09AB9753,654
362275730166,INV-12820,TS09AB2757,938
798845417211,INV-12821,TS09AB4754,781
836872241382,INV-12823,TS09AB1268,398
532724738442,INV-12824,TS09AB4614,377
751194561090,INV-12825,TS09AB6058,574
619374443114,INV-12826,TS09AB5900,518
858513996812,INV-12827,TS09AB8150,785
287529929654,INV-12828,TS09AB1815,37
941550989913,INV-12830,TS09AB8617,108
245401263846,INV-12831,TS09AB6348,543
656312726054,INV-12832,TS09AB1343,741
982140962562,INV-12833,TS09AB9210,142
424813957065,INV-12834,TS09AB8533,938
892846849652,INV-12835,TS09AB7133,71
800466426510,INV-12836,TS09AB3222,386
552382067741,INV-12837,TS09AB1398,541
812181758535,INV-12838,TS09AB6199,581
473728380899,INV-12839,TS09AB6223,597
367723477409,INV-12840,TS09AB7841,139
305705704526,INV-12842,TS09AB8257,469
158638073917,INV-12843,TS09AB8282,294
713565446838,INV-12844,TS09AB2758,530
242791631969,INV-12845,TS09AB1342,414
491598156654,INV-12846,TS09AB9207,190
545127573018,INV-12847,TS09AB9907,559
531731866931,INV-12848,TS09AB6126,274
828972446763,INV-12849,TS09AB4445,855
598847913259,INV-12851,TS09AB7453,88
256562017882,INV-12852,TS09AB2092,673
621796003015,INV-12853,TS09AB3268,880
585180522651,INV-12854,TS09AB8853,773
507041599328,INV-12855,TS09AB6958,100
181827576739,INV-12856,TS09AB4192,76
110213179560,INV-12857,TS09AB1929,126
282703387365,INV-12858,TS09AB7396,223
643543951459,INV-12859,TS09AB5590,579
443605234700,INV-12860,TS09AB3172,307
436189481770,INV-12862,TS09AB5093,278
674790791547,INV-12863,TS09AB5741,974
159508629594,INV-12864,TS09AB8418,918
560510184499,INV-12865,TS09AB4791,93
612965754341,INV-12866,TS09AB5341,194
605292359334,INV-12867,TS09AB2397,518
603726455948,INV-12868,TS09AB2313,299
623168281765,INV-12869,TS09AB6432,621
176124874866,INV-12870,TS09AB9769,424
155183398133,INV-12871,TS09AB6920,767
191417222123,INV-12872,TS09AB6711,928
835102772943,INV-12874,TS09AB9743,482
286982600398,INV-12875,TS09AB3813,536
490053525043,INV-12876,TS09AB2816,67
404502039570,INV-12877,TS09AB9466,703
924143169700,INV-12878,TS09AB6637,914
146471793582,INV-12879,TS09AB5510,169
708114215219,INV-12880,TS09AB4958,174
830757089502,INV-12882,TS09AB3806,965
235545220492,INV-12883,TS09AB7884,249
197321128778,INV-12884,TS09AB2362,71
674209327653,INV-12885,TS09AB3524,493
364678335438,INV-12886,TS09AB7623,346
259209781239,INV-12888,TS09AB3729,552
545562374008,INV-12889,TS09AB5151,163
573642427943,INV-12890,TS09AB7679,756
507028299715,INV-12891,TS09AB2927,999
863800658766,INV-12893,TS09AB9380,154
611484695926,INV-12895,TS09AB3376,151
790272198804,INV-12897,TS09AB1488,198
104258596756,INV-12898,TS09AB8931,294
630349531605,INV-12899,TS09AB8086,697
829196559357,INV-12900,TS09AB1202,938
311360919039,INV-12901,TS09AB4336,958
307921748046,INV-12902,TS09AB8173,803
557232731659,INV-12903,TS09AB4628,186
981817695410,INV-12904,TS09AB2892,454
635027480217,INV-12905,TS09AB1662,463
275916551333,INV-12907,TS09AB6777,864
563048271460,INV-12908,TS09AB4789,119
390073657613,INV-12909,TS09AB1449,165
627944378070,INV-12910,TS09AB1364,367
425317552102,INV-12911,TS09AB8335,539
127499776458,INV-12912,TS09AB2945,101
629494610372,INV-12913,TS09AB6314,540
463266193371,INV-12914,TS09AB2296,885
302830029558,INV-12915,TS09AB6305,486
420450700083,INV-12916,TS09AB2583,898
464350698580,INV-12917,TS09AB3036,525
968748204522,INV-12918,TS09AB1335,645
867912441873,INV-12919,TS09AB8628,79
624678487389,INV-12920,TS09AB6887,561
666368390032,INV-12921,TS09AB4352,487
828320132499,INV-12923,TS09AB4598,779
824267474513,INV-12924,TS09AB8015,785
581735234917,INV-12925,TS09AB2987,381
137122868200,INV-12927,TS09AB3572,224
270410691480,INV-12928,TS09AB5992,288
372783343137,INV-12929,TS09AB7011,680
625551670142,INV-12930,TS09AB2010,626
583038616193,INV-12931,TS09AB7569,182
732181330167,INV-12932,TS09AB9454,337
276162773001,INV-12933,TS09AB8700,506
385795758392,INV-12934,TS09AB8325,555
950882131950,INV-12935,TS09AB2466,178
577770104718,INV-12937,TS09AB5919,912
592945885381,INV-12938,TS09AB8490,398
736961257201,INV-12939,TS09AB5278,190
955431616273,INV-12941,TS09AB8487,380
419901088677,INV-12942,TS09AB6968,831
253991914446,INV-12943,TS09AB6762,378
408105166828,INV-12944,TS09AB4362,443
528648871921,INV-12945,TS09AB7385,862
207018306788,INV-12946,TS09AB5941,548
528275257322,INV-12947,TS09AB9961,743
874279152492,INV-12948,TS09AB9858,807
625398202495,INV-12949,TS09AB1876,768
871178873836,INV-12950,TS09AB8312,339
435817562217,INV-12953,TS09AB4683,905
704314736123,INV-12954,TS09AB2348,449
644478437088,INV-12955,TS09AB7370,360
101267496357,INV-12956,TS09AB6003,845
893796357059,INV-12957,TS09AB1731,83
569940711805,INV-12958,TS09AB8565,799
182065860203,INV-12960,TS09AB1641,813
341647737666,INV-12961,TS09AB5779,43
263326262575,INV-12962,TS09AB4030,177
285291242969,INV-12964,TS09AB5308,826
878808208766,INV-12965,TS09AB9107,972
466206155966,INV-12966,TS09AB7570,384
297843665496,INV-12967,TS09AB6729,251
156814323743,INV-12968,TS09AB3092,802
879182782916,INV-12969,TS09AB7360,376
109741844149,INV-12970,TS09AB5683,549
592581997395,INV-12971,TS09AB7338,552
402882622046,INV-12972,TS09AB8106,836
703717780889,INV-12975,TS09AB6816,776
237927622707,INV-12976,TS09AB5541,859
529922481139,INV-12977,TS09AB1095,145
877351791160,INV-12978,TS09AB2891,888
966508941609,INV-12979,TS09AB2987,121
281844207782,INV-12980,TS09AB2825,15
336625750614,INV-12981,TS09AB8344,876
795027804756,INV-12982,TS09AB3702,533
573978698714,INV-12983,TS09AB5969,854
883642830894,INV-12984,TS09AB8556,685
253876412881,INV-12985,TS09AB4339,627
622301349460,INV-12986,TS09AB1371,693
807945910543,INV-12987,TS09AB5194,466
799207381289,INV-12989,TS09AB1823,506
453679558838,INV-12990,TS09AB2627,464
876419746180,INV-12991,TS09AB9137,216
923934347619,INV-12993,TS09AB7468,822
619283866649,INV-12994,TS09AB7992,22
760493633420,INV-12995,TS09AB9578,281
591421372211,INV-12996,TS09AB2148,811
300592443799,INV-12997,TS09AB7734,800
111283301676,INV-12998,TS09AB6091,17
272102847832,INV-12999,TS09AB9062,309
252084030857,INV-13000,TS09AB8976,38
936263916238,INV-13001,TS09AB7263,344
780315683553,INV-13003,TS09AB1522,19
761562367041,INV-13004,TS09AB9110,795
648160381058,INV-13006,TS09AB1621,366
770000324645,INV-13007,TS09AB4513,852
344624951813,INV-13008,TS09AB8000,788
271613066736,INV-13009,TS09AB3806,609
936286351685,INV-13010,TS09AB9504,1000
649630494357,INV-13011,TS09AB9055,687
605902855036,INV-13012,TS09AB9458,176
512401931226,INV-13013,TS09AB1281,908
244614901036,INV-13015,TS09AB3089,499
989757873486,INV-13016,TS09AB9702,220
979296126027,INV-13017,TS09AB1103,414
498611732762,INV-13018,TS09AB5913,720
551107387019,INV-13019,TS09AB9588,578
532729248292,INV-13020,TS09AB3685,556
221354390001,INV-13021,TS09AB6627,702
381044715696,INV-13022,TS09AB3350,302
534509511673,INV-13023,TS09AB6346,851
390717309192,INV-13024,TS09AB7366,433
550953445962,INV-13025,TS09AB5651,27
770331300887,INV-13026,TS09AB6998,526
404889372758,INV-13027,TS09AB6093,790
439398429682,INV-13028,TS09AB1090,643
142586476089,INV-13029,TS09AB4070,97
393582911941,INV-13030,TS09AB4065,846
602882520930,INV-13031,TS09AB6857,423
743301268139,INV-13032,TS09AB9467,29
429106809931,INV-13033,TS09AB4161,56
885844064527,INV-13034,TS09AB1178,847
446321087827,INV-13036,TS09AB8079,782
247200398081,INV-13037,TS09AB1107,814
215318107496,INV-13038,TS09AB6034,89
259450672631,INV-13039,TS09AB5087,473
977638814455,INV-13041,TS09AB2498,659
785442538018,INV-13042,TS09AB4954,71
296065271539,INV-13046,TS09AB3984,384
586365763574,INV-13047,TS09AB4181,786
108944419188,INV-13049,TS09AB8736,122
540922665795,INV-13050,TS09AB5226,591
897655118556,INV-13051,TS09AB8387,53
808402185916,INV-13052,TS09AB7305,265
364291471722,INV-13053,TS09AB9204,890
564517876641,INV-13054,TS09AB6192,488
400752128762,INV-13055,TS09AB6890,556
802317861502,INV-13056,TS09AB3657,369
705072052178,INV-13057,TS09AB4785,179
178967607372,INV-13058,TS09AB2887,432
484650881209,INV-13059,TS09AB7843,779
227060808380,INV-13060,TS09AB7766,314
397270398238,INV-13061,TS09AB6014,385
529787468902,INV-13062,TS09AB2301,428
703976576926,INV-13063,TS09AB6922,759
298430620665,INV-13065,TS09AB3927,836
933694859615,INV-13066,TS09AB6618,674
636213706394,INV-13067,TS09AB7538,452
845590406902,INV-13068,TS09AB5775,868
767333785012,INV-13069,TS09AB6815,430
748708335674,INV-13071,TS09AB3363,755
845269044784,INV-13072,TS09AB7662,776
599312088399,INV-13073,TS09AB2760,628
330855620694,INV-13074,TS09AB8837,119
750587592028,INV-13075,TS09AB6664,566
963416555537,INV-13076,TS09AB5522,864
834921695252,INV-13078,TS09AB1717,237
743497511522,INV-13080,TS09AB7334,619
324776015086,INV-13081,TS09AB2759,499
797856216594,INV-13082,TS09AB5854,689
609864221439,INV-13083,TS09AB1243,433
255572848412,INV-13084,TS09AB9564,802
421768426304,INV-13085,TS09AB6724,302
701273833172,INV-13086,TS09AB4039,290
762164931310,INV-13087,TS09AB3284,508
639075131441,INV-13088,TS09AB8001,939
463132198356,INV-13089,TS09AB3050,621
398124006476,INV-13090,TS09AB6394,615
806796518726,INV-13091,TS09AB6699,241
509714915513,INV-13092,TS09AB9940,999
834851668874,INV-13093,TS09AB9875,626
233497973201,INV-13094,TS09AB3523,292
128605252489,INV-13095,TS09AB8830,954
428667572502,INV-13096,TS09AB8306,243
891916366302,INV-13097,TS09AB3088,806
296768539428,INV-13098,TS09AB1845,132
956878478822,INV-13099,TS09AB4574,939
357510632165,INV-13100,TS09AB4338,663
306956353451,INV-13101,TS09AB8115,725
104417360782,INV-13102,TS09AB7555,763
221792455047,INV-13103,TS09AB9324,369
502376975451,INV-13107,TS09AB4817,564
797018285182,INV-13108,TS09AB2260,42
885201446245,INV-13109,TS09AB6535,872
621229425016,INV-13110,TS09AB7041,281
161573579349,INV-13111,TS09AB7700,56
845050102226,INV-13112,TS09AB7137,786
156601343939,INV-13113,TS09AB4455,850
319057465265,INV-13114,TS09AB5012,238
678723525781,INV-13115,TS09AB2144,56
112280444378,INV-13116,TS09AB7966,157
238783555634,INV-13117,TS09AB9478,576
211836888196,INV-13118,TS09AB6724,132
857507193293,INV-13119,TS09AB4450,422
748952496151,INV-13120,TS09AB3978,333
370344564992,INV-13121,TS09AB2641,949
273848190240,INV-13122,TS09AB1928,108
310752465688,INV-13123,TS09AB9614,891
871983637812,INV-13125,TS09AB6925,311
367368696598,INV-13126,TS09AB6318,10
250853351082,INV-13127,TS09AB1079,752
890475224057,INV-13128,TS09AB6166,183
719899413594,INV-13129,TS09AB6284,215
407928870421,INV-13130,TS09AB6853,955
498767569923,INV-13131,TS09AB5203,560
758762596186,INV-13132,TS09AB4402,389
759022313389,INV-13135,TS09AB6066,560
687426410267,INV-13136,TS09AB8331,423
779913477455,INV-13137,TS09AB5585,616
638762099703,INV-13138,TS09AB6156,714
185610272142,INV-13139,TS09AB7782,712
763163439588,INV-13140,TS09AB5875,724
325404005950,INV-13141,TS09AB7230,590
294069171869,INV-13142,TS09AB3486,575
422251290662,INV-13143,TS09AB8284,716
354586107813,INV-13144,TS09AB7868,889
174540172670,INV-13145,TS09AB6204,127
344625216471,INV-13146,TS09AB6080,558
141755014947,INV-13147,TS09AB6974,217
654422355624,INV-13148,TS09AB4640,767
441547293160,INV-13150,TS09AB4980,194
161142096700,INV-13151,TS09AB6639,329
635152226925,INV-13152,TS09AB3971,575
649793287381,INV-13153,TS09AB2846,81
444396231727,INV-13154,TS09AB7533,341
488991130752,INV-13155,TS09AB2269,716
896536495148,INV-13156,TS09AB7591,765
489277109974,INV-13157,TS09AB8309,596
570713212024,INV-13158,TS09AB6691,642
742079130168,INV-13159,TS09AB2812,666
489943057107,INV-13160,TS09AB6863,232
559645838536,INV-13161,TS09AB1407,84
618627330554,INV-13162,TS09AB9759,782
397617204231,INV-13163,TS09AB1668,173
609980157015,INV-13165,TS09AB3475,846
472213868144,INV-13166,TS09AB3493,812
831979829882,INV-13167,TS09AB4373,649
821156318739,INV-13168,TS09AB3150,363
532538168560,INV-13171,TS09AB5537,753
813956483714,INV-13172,TS09AB8566,130
797777937594,INV-13173,TS09AB8478,530
249336248568,INV-13174,TS09AB7078,46
361630697112,INV-13176,TS09AB8596,346
415466097866,INV-13177,TS09AB3620,760
280630038728,INV-13178,TS09AB6397,106
865918963834,INV-13179,TS09AB5041,971
471285339613,INV-13180,TS09AB6784,46
445539056643,INV-13181,TS09AB9200,278
946775335222,INV-13182,TS09AB5870,396
575668761253,INV-13183,TS09AB9312,584
847152225965,INV-13185,TS09AB8942,313
835124526452,INV-13186,TS09AB4126,277
610422737853,INV-13187,TS09AB4183,428
864784815622,INV-13188,TS09AB1054,532
796912438512,INV-13189,TS09AB2895,687
510836926407,INV-13190,TS09AB6572,35
739370437297,INV-13191,TS09AB6403,386
433237730911,INV-13192,TS09AB1352,698
957508587737,INV-13193,TS09AB7626,385
346276755421,INV-13195,TS09AB2486,781
192287850401,INV-13196,TS09AB1535,99
292444619916,INV-13197,TS09AB6049,166
180878407274,INV-13199,TS09AB8017,537
559615633307,INV-13200,TS09AB7918,369
643270051665,INV-13201,TS09AB7623,134
897411691190,INV-13202,TS09AB3362,795
935570963479,INV-13203,TS09AB1452,358
932051813006,INV-13204,TS09AB7979,730
416012953371,INV-13205,TS09AB6458,174
294144748503,INV-13206,TS09AB1224,28
370951830536,INV-13207,TS09AB6278,798
755385257960,INV-13208,TS09AB5617,285
978098160939,INV-13209,TS09AB3379,877
155530856135,INV-13211,TS09AB8702,699
693320518293,INV-13212,TS09AB7150,805
620455080256,INV-13213,TS09AB6590,579
571119141642,INV-13216,TS09AB7485,175
582548449359,INV-13218,TS09AB2822,951
277086507846,INV-13219,TS09AB9581,361
758323729803,INV-13220,TS09AB9780,988
750768871862,INV-13221,TS09AB5547,722
351029649833,INV-13222,TS09AB6247,742
508963081144,INV-13224,TS09AB7002,332
293158555634,INV-13225,TS09AB9848,431
491759592152,INV-13227,TS09AB4479,608
465039906973,INV-13228,TS09AB9007,547
567152860793,INV-13229,TS09AB8155,557
324501830212,INV-13230,TS09AB7631,294
697221883889,INV-13231,TS09AB2173,317
851649911058,INV-13232,TS09AB4204,260
892898827339,INV-13233,TS09AB5423,590
599841942967,INV-13234,TS09AB1953,748
332932706066,INV-13235,TS09AB1717,905
277117416338,INV-13236,TS09AB8606,60
739490502312,INV-13237,TS09AB3586,18
777388438030,INV-13238,TS09AB2514,434
821643681800,INV-13239,TS09AB2380,596
755545183494,INV-13240,TS09AB4816,737
758876822219,INV-13242,TS09AB1942,829
652791437432,INV-13243,TS09AB6655,131
130098313249,INV-13244,TS09AB1810,103
914615361459,INV-13245,TS09AB9587,913
388579095280,INV-13246,TS09AB5436,923
401825635908,INV-13247,TS09AB7449,85
556890410585,INV-13248,TS09AB2357,428
142511902418,INV-13249,TS09AB6608,66
859143887390,INV-13250,TS09AB8607,198
394485014862,INV-13251,TS09AB3661,438
735473338006,INV-13252,TS09AB9518,935
412604584022,INV-13253,TS09AB3476,604
398363522000,INV-13254,TS09AB9923,121
111864261635,INV-13255,TS09AB4013,929
704568750755,INV-13258,TS09AB7273,156
651432204772,INV-13259,TS09AB4299,369
190678760423,INV-13260,TS09AB6556,574
844074390433,INV-13261,TS09AB9043,690
873578049745,INV-13262,TS09AB8406,521
703085689649,INV-13263,TS09AB9989,17
465488919242,INV-13264,TS09AB1870,871
165188570023,INV-13265,TS09AB3197,635
302057441860,INV-13268,TS09AB7942,62
534863350503,INV-13269,TS09AB7612,61
611802383801,INV-13270,TS09AB2846,416
105924467226,INV-13271,TS09AB6140,514
515817551609,INV-13272,TS09AB6219,780
278897927578,INV-13273,TS09AB6546,643
867501947209,INV-13274,TS09AB2710,404
886225951218,INV-13275,TS09AB8838,975
284119665163,INV-13277,TS09AB7167,332
510694665011,INV-13280,TS09AB8201,64
911320606431,INV-13282,TS09AB9900,868
936374975910,INV-13283,TS09AB5516,259
628468744243,INV-13284,TS09AB7857,257
116208421678,INV-13285,TS09AB7695,392
654296636967,INV-13286,TS09AB4688,483
110672541557,INV-13288,TS09AB4675,47
175232905970,INV-13289,TS09AB8287,982
452503535972,INV-13290,TS09AB2451,80
519798528517,INV-13291,TS09AB4631,254
932653282179,INV-13293,TS09AB2228,892
428168375829,INV-13294,TS09AB2541,816
535370750016,INV-13296,TS09AB9143,224
774766120490,INV-13297,TS09AB1931,835
886525283153,INV-13298,TS09AB6629,892
145153553488,INV-13300,TS09AB3663,792
619004152699,INV-13301,TS09AB6260,199
998548993715,INV-13302,TS09AB5156,956
444606233796,INV-13303,TS09AB7967,597
317500371932,INV-13304,TS09AB1503,998
491391153872,INV-13305,TS09AB2369,611
668833484951,INV-13306,TS09AB3949,491
412989339034,INV-13307,TS09AB1644,590
606453040168,INV-13308,TS09AB8188,546
552505922956,INV-13309,TS09AB7185,795
603524772413,INV-13310,TS09AB7639,168
341614650106,INV-13311,TS09AB2339,201
155305655891,INV-13312,TS09AB6474,47
412228602493,INV-13313,TS09AB7856,215
750053498860,INV-13314,TS09AB2345,576
354611051249,INV-13315,TS09AB2079,722
840089260779,INV-13316,TS09AB8580,735
691208851381,INV-13317,TS09AB7483,927
966643265553,INV-13318,TS09AB8209,356
434948370512,INV-13319,TS09AB6202,55
551166945905,INV-13320,TS09AB1278,450
632217532439,INV-13321,TS09AB8547,120
777901569748,INV-13322,TS09AB9744,153
404933273191,INV-13323,TS09AB6970,603
180827275835,INV-13324,TS09AB5867,226
615885094728,INV-13326,TS09AB4834,272
481254095741,INV-13327,TS09AB1042,287
809686193845,INV-13328,TS09AB6457,69
415326554322,INV-13329,TS09AB1344,796
643210955508,INV-13330,TS09AB6536,475
982216066664,INV-13331,TS09AB3773,165
874110465970,INV-13333,TS09AB8162,631
381812794316,INV-13335,TS09AB5958,763
663083567621,INV-13336,TS09AB3122,205
160264108414,INV-13337,TS09AB3834,170
278370879994,INV-13338,TS09AB2951,445
995747266713,INV-13340,TS09AB3068,215
564654161336,INV-13341,TS09AB2169,926
418495538158,INV-13342,TS09AB6137,457
599114505990,INV-13343,TS09AB8215,448
521703610754,INV-13345,TS09AB4958,527
547240621710,INV-13346,TS09AB9983,252
826827206042,INV-13347,TS09AB5502,241
128839764810,INV-13348,TS09AB9690,196
475590270473,INV-13350,TS09AB2616,831
264052860812,INV-13351,TS09AB6062,406
819924608291,INV-13352,TS09AB8762,621
719040891877,INV-13353,TS09AB4776,378
223195348774,INV-13354,TS09AB1606,596
489622603248,INV-13355,TS09AB6596,334
151160237723,INV-13356,TS09AB1471,161
201912125714,INV-13357,TS09AB6672,744
991593450288,INV-13358,TS09AB8176,105
278177340044,INV-13359,TS09AB9714,785
901892074688,INV-13360,TS09AB3667,747
619111517297,INV-13361,TS09AB3755,851
176890782273,INV-13362,TS09AB4322,128
205956566726,INV-13363,TS09AB7065,19
904882586855,INV-13364,TS09AB8177,665
354889554088,INV-13366,TS09AB2368,156
440261044728,INV-13368,TS09AB4959,396
710120128678,INV-13369,TS09AB1570,893
332254423441,INV-13370,TS09AB2739,389
525410226458,INV-13371,TS09AB3806,850
515938997480,INV-13372,TS09AB7966,471
688985598157,INV-13373,TS09AB6952,493
672341604522,INV-13374,TS09AB6519,208
475399652861,INV-13375,TS09AB3220,120
571097009192,INV-13376,TS09AB9945,602
285056885736,INV-13377,TS09AB4927,472
547370100069,INV-13378,TS09AB1773,325
647307292809,INV-13379,TS09AB1213,826
938819517558,INV-13380,TS09AB5851,576
288637418736,INV-13381,TS09AB2901,673
369007719157,INV-13383,TS09AB9543,914
125583906204,INV-13384,TS09AB9138,465
160470849305,INV-13386,TS09AB7149,74
844343448221,INV-13387,TS09AB1146,812
841210106692,INV-13388,TS09AB4285,871
760774227542,INV-13390,TS09AB6956,858
375716550637,INV-13391,TS09AB8595,679
320741826304,INV-13392,TS09AB8231,62
652502629944,INV-13393,TS09AB4791,985
603813585836,INV-13394,TS09AB1431,277
160214988315,INV-13395,TS09AB5007,500
471656337377,INV-13396,TS09AB7690,788
390402959382,INV-13397,TS09AB7430,630
788195092567,INV-13398,TS09AB4899,284
611579155633,INV-13399,TS09AB1594,971
355400421554,INV-13401,TS09AB8785,510
497723046635,INV-13402,TS09AB3774,204
212944357784,INV-13403,TS09AB5648,847
961331596714,INV-13405,TS09AB7566,713
169481729752,INV-13406,TS09AB5862,298
565441490753,INV-13407,TS09AB1099,230
354464954803,INV-13408,TS09AB9058,306
508231069443,INV-13409,TS09AB9544,693
629312109335,INV-13410,TS09AB1091,67
982958606502,INV-13411,TS09AB9274,543
849104577149,INV-13412,TS09AB7953,496
374451385628,INV-13413,TS09AB5435,141
492790230385,INV-13414,TS09AB1111,466
395864018326,INV-13415,TS09AB2501,731
523762843786,INV-13416,TS09AB4624,239
333012440093,INV-13417,TS09AB7766,404
215523470662,INV-13418,TS09AB4100,900
662747742799,INV-13419,TS09AB8798,932
512256542059,INV-13420,TS09AB4538,842
336726451358,INV-13421,TS09AB9911,78
952846288508,INV-13423,TS09AB9187,301
147539604124,INV-13424,TS09AB1202,244
309356874673,INV-13426,TS09AB8445,936
807776051865,INV-13427,TS09AB6882,261
285864109383,INV-13428,TS09AB6262,549
883576272417,INV-13429,TS09AB1592,869
675083783960,INV-13431,TS09AB2285,830
483058170623,INV-13432,TS09AB9356,931
457459085005,INV-13433,TS09AB4882,895
156432054645,INV-13434,TS09AB4536,319
332452896297,INV-13435,TS09AB7750,533
672375770381,INV-13437,TS09AB3051,119
767571689619,INV-13438,TS09AB9489,982
725064538762,INV-13439,TS09AB2997,735
289555236229,INV-13440,TS09AB4596,950
535726552236,INV-13441,TS09AB3380,327
319736721925,INV-13442,TS09AB8619,166
592704930490,INV-13444,TS09AB2297,252
666744155126,INV-13445,TS09AB6715,122
702990504595,INV-13446,TS09AB3121,378
275951245036,INV-13447,TS09AB8676,142
678722160386,INV-13449,TS09AB8216,357
525021371136,INV-13450,TS09AB8543,36
617076528075,INV-13451,TS09AB2277,289
353923636494,INV-13452,TS09AB9363,753
997714371483,INV-13453,TS09AB1968,393
984244968560,INV-13454,TS09AB9775,614
918326317221,INV-13455,TS09AB3060,881
471503078067,INV-13456,TS09AB7164,734
166025037931,INV-13457,TS09AB3955,25
897916489074,INV-13458,TS09AB8500,895
691923516364,INV-13459,TS09AB1766,168
812920123180,INV-13460,TS09AB7141,956
612911597085,INV-13461,TS09AB4125,355
101647889988,INV-13462,TS09AB5076,356
500777432367,INV-13463,TS09AB7542,359
646966003093,INV-13464,TS09AB7462,979
569345289164,INV-13465,TS09AB6144,409
864956174909,INV-13466,TS09AB2621,561
357226390418,INV-13467,TS09AB2249,192
371488105459,INV-13468,TS09AB7399,526
564924397681,INV-13469,TS09AB9504,552
113943186600,INV-13471,TS09AB7471,573
820346159671,INV-13472,TS09AB1836,454
827957826940,INV-13473,TS09AB5917,949
348701515122,INV-13474,TS09AB5878,106
977349926690,INV-13475,TS09AB9254,442
944504169062,INV-13476,TS09AB8563,215
315577277132,INV-13478,TS09AB7615,822
624247217363,INV-13479,TS09AB8784,137
714044844524,INV-13480,TS09AB9423,78
751735243582,INV-13481,TS09AB2440,921
557769080052,INV-13482,TS09AB3910,846
905976349123,INV-13483,TS09AB4360,154
122691847433,INV-13484,TS09AB9904,529
788901283387,INV-13485,TS09AB5576,91
979844017333,INV-13486,TS09AB6604,960
999107227853,INV-13488,TS09AB9443,980
287751141960,INV-13489,TS09AB5764,304
943728043363,INV-13492,TS09AB9744,488
150294864935,INV-13494,TS09AB6753,837
533782158683,INV-13495,TS09AB9859,471
879897829742,INV-13496,TS09AB4926,441
437444438652,INV-13497,TS09AB8764,218
151791751829,INV-13498,TS09AB4992,895
534627487401,INV-13499,TS09AB3015,198
744996256705,INV-13502,TS09AB3861,509
494741953802,INV-13503,TS09AB8971,991
363156911644,INV-13504,TS09AB2586,766
449571943065,INV-13505,TS09AB6484,736
467726803017,INV-13506,TS09AB1085,47
923829941945,INV-13507,TS09AB1125,645
225182390336,INV-13508,TS09AB1046,880
608799384043,INV-13509,TS09AB6798,183
174309949660,INV-13510,TS09AB8447,639
700690912594,INV-13511,TS09AB2445,968
105439511258,INV-13512,TS09AB7969,943
928855180668,INV-13513,TS09AB1910,278
124869763260,INV-13514,TS09AB8366,87
633432832683,INV-13515,TS09AB8835,909
212827098222,INV-13516,TS09AB1561,103
157287052733,INV-13518,TS09AB4846,668
305205974053,INV-13519,TS09AB5979,969
637332421480,INV-13520,TS09AB7952,726
340453172686,INV-13521,TS09AB4355,790
143591991335,INV-13523,TS09AB7534,960
296462766340,INV-13524,TS09AB4690,189
677187886373,INV-13525,TS09AB1022,408
519416857147,INV-13526,TS09AB4904,659
747371254810,INV-13527,TS09AB2730,150
937037804448,INV-13528,TS09AB6836,572
428996588218,INV-13529,TS09AB2006,271
426873722784,INV-13531,TS09AB9308,690
814349424631,INV-13532,TS09AB6737,143
625061556005,INV-13533,TS09AB2763,417
712081942393,INV-13534,TS09AB7682,968
144971763357,INV-13536,TS09AB5020,459
854505811803,INV-13537,TS09AB9228,183
249524946370,INV-13538,TS09AB9185,221
573704131195,INV-13539,TS09AB7500,80
812231939096,INV-13540,TS09AB8113,948
541311768585,INV-13541,TS09AB9293,957
689457062861,INV-13542,TS09AB9300,866
902995504389,INV-13544,TS09AB3315,584
911710061299,INV-13545,TS09AB4202,683
389214329639,INV-13546,TS09AB2272,622
878549111735,INV-13547,TS09AB9029,668
374696469118,INV-13548,TS09AB2919,73
141560314701,INV-13549,TS09AB3095,832
315927965787,INV-13550,TS09AB9041,983
828146835238,INV-13551,TS09AB9803,307
706012051313,INV-13552,TS09AB8933,686
311751916776,INV-13554,TS09AB2151,278
133312951387,INV-13555,TS09AB3348,648
582463300766,INV-13556,TS09AB8394,16
506837861995,INV-13557,TS09AB8822,908
606199703318,INV-13558,TS09AB8783,618
684504865557,INV-13560,TS09AB6870,865
893361045370,INV-13561,TS09AB4694,939
676692172999,INV-13562,TS09AB4391,458
567247986673,INV-13563,TS09AB1916,245
315170079364,INV-13564,TS09AB7755,379
201195268845,INV-13565,TS09AB8559,665
597663457392,INV-13567,TS09AB7041,943
107314342144,INV-13568,TS09AB2064,864
850761285547,INV-13569,TS09AB8187,199
598371852204,INV-13570,TS09AB9060,325
786316519682,INV-13571,TS09AB4615,267
104609869002,INV-13572,TS09AB1561,641
516860525388,INV-13573,TS09AB2663,39
841919986577,INV-13574,TS09AB9934,850
380317362707,INV-13575,TS09AB7653,463
716370980963,INV-13576,TS09AB9161,935
584211792198,INV-13577,TS09AB9182,712
789569023108,INV-13578,TS09AB4908,277
461027910255,INV-13579,TS09AB7756,96
906386250834,INV-13580,TS09AB7385,257
256354610335,INV-13581,TS09AB2669,91
603093941071,INV-13582,TS09AB6908,264
508302338757,INV-13583,TS09AB9782,879
550669405409,INV-13584,TS09AB8548,886
466375829545,INV-13585,TS09AB8742,432
736509117892,INV-13586,TS09AB7451,982
433317391764,INV-13587,TS09AB3571,742
684021865698,INV-13588,TS09AB7985,970
504367887110,INV-13589,TS09AB2435,854
871521115364,INV-13591,TS09AB6007,720
422017416654,INV-13592,TS09AB1972,996
993825660147,INV-13594,TS09AB6994,512
213461479088,INV-13595,TS09AB9516,727
740329235517,INV-13596,TS09AB6384,917
938302089814,INV-13597,TS09AB2255,641
530383463471,INV-13599,TS09AB1114,535
601837352162,INV-13600,TS09AB9856,228
421216740749,INV-13602,TS09AB5651,67
548145097245,INV-13603,TS09AB9085,351
205384497771,INV-13604,TS09AB2537,116
469456715912,INV-13605,TS09AB1404,241
441242507816,INV-13606,TS09AB2019,40
731047398567,INV-13608,TS09AB1833,165
797411067628,INV-13609,TS09AB8105,505
650401397557,INV-13610,TS09AB1413,703
314365086470,INV-13611,TS09AB4883,365
227952535550,INV-13612,TS09AB4768,351
863811088854,INV-13613,TS09AB3271,660
900884636926,INV-13614,TS09AB1791,877
240430276070,INV-13615,TS09AB7835,893
684130887152,INV-13616,TS09AB7983,553
867245804642,INV-13617,TS09AB5380,647
502765549573,INV-13618,TS09AB7989,88
195586297859,INV-13619,TS09AB3678,918
975716193463,INV-13620,TS09AB4581,173
306477244934,INV-13621,TS09AB3002,826
195541077064,INV-13622,TS09AB8762,199
797968973692,INV-13624,TS09AB3039,878
795246330411,INV-13625,TS09AB4082,579
637443950268,INV-13628,TS09AB1893,855
343107056427,INV-13629,TS09AB8473,210
162683089201,INV-13630,TS09AB9042,73
562347186817,INV-13631,TS09AB9203,196
106131653767,INV-13632,TS09AB1915,607
192882678585,INV-13633,TS09AB3902,205
479432942566,INV-13634,TS09AB2034,642
986922739251,INV-13635,TS09AB2263,481
562167244308,INV-13636,TS09AB4606,343
105930805399,INV-13637,TS09AB7600,576
585237364748,INV-13638,TS09AB4027,171
550106585219,INV-13639,TS09AB2980,187
721196716522,INV-13640,TS09AB1231,720
116022614660,INV-13641,TS09AB6943,887
855959806132,INV-13643,TS09AB1671,427
333983248425,INV-13644,TS09AB6053,522
671554711715,INV-13645,TS09AB2730,344
797869319621,INV-13646,TS09AB7888,591
476544746909,INV-13647,TS09AB1089,171
863319109813,INV-13648,TS09AB6181,84
673520256119,INV-13649,TS09AB9027,626
306189820481,INV-13650,TS09AB2579,489
445746875170,INV-13652,TS09AB3328,976
300629727484,INV-13654,TS09AB6810,843
252344689150,INV-13655,TS09AB4281,366
477883397810,INV-13656,TS09AB9020,932
539724351486,INV-13658,TS09AB6273,717
810588407302,INV-13659,TS09AB2925,571
180195120494,INV-13660,TS09AB3029,990
609290653432,INV-13661,TS09AB6009,814
120004930197,INV-13662,TS09AB8364,482
590218279655,INV-13664,TS09AB7815,164
111077682802,INV-13666,TS09AB4387,41
441343170813,INV-13667,TS09AB2441,877
453547433245,INV-13668,TS09AB7357,167
895701084126,INV-13669,TS09AB5264,681
917639876520,INV-13670,TS09AB2564,283
298017939157,INV-13671,TS09AB5845,355
422683302855,INV-13672,TS09AB5252,987
173487506587,INV-13673,TS09AB2071,116
154951142475,INV-13674,TS09AB3426,939
712528432700,INV-13676,TS09AB7169,887
550906800383,INV-13677,TS09AB8902,101
986980328171,INV-13679,TS09AB8003,925
209580759862,INV-13680,TS09AB8741,957
542227189344,INV-13681,TS09AB7767,695
710942499232,INV-13682,TS09AB8917,314
237070889111,INV-13683,TS09AB4785,871
511868596569,INV-13684,TS09AB5093,571
886386541008,INV-13685,TS09AB5709,978
408061786856,INV-13686,TS09AB3485,866
398765369895,INV-13687,TS09AB7971,604
146424854683,INV-13688,TS09AB6943,154
569128717956,INV-13690,TS09AB8603,410
759375756621,INV-13691,TS09AB4419,426
375883969716,INV-13692,TS09AB6053,797
620391465359,INV-13693,TS09AB2159,414
846694696494,INV-13694,TS09AB3730,28
449358965630,INV-13695,TS09AB5170,33
238185063217,INV-13696,TS09AB5605,285
503923038993,INV-13697,TS09AB3522,895
520241860978,INV-13698,TS09AB3712,767
807130664022,INV-13699,TS09AB6395,811
570495644406,INV-13701,TS09AB6750,249
856307380166,INV-13702,TS09AB8825,554
238622231506,INV-13703,TS09AB3261,741
867886671491,INV-13704,TS09AB8369,682
738827239839,INV-13705,TS09AB3589,93
804697477108,INV-13706,TS09AB9460,572
299465400863,INV-13708,TS09AB3346,851
830305631519,INV-13710,TS09AB5040,572
955432993002,INV-13711,TS09AB1971,681
405036907998,INV-13712,TS09AB9322,609
836872319345,INV-13713,TS09AB7040,790
471209869899,INV-13714,TS09AB5999,438
908750872375,INV-13715,TS09AB8117,833
396581407039,INV-13716,TS09AB6146,787
768306729916,INV-13717,TS09AB4386,657
203445120827,INV-13718,TS09AB4013,412
950062465292,INV-13719,TS09AB1901,105
124059565860,INV-13720,TS09AB9593,896
573140834897,INV-13721,TS09AB3475,991
651752121869,INV-13722,TS09AB2177,39
963333946501,INV-13723,TS09AB8727,19
636398458256,INV-13724,TS09AB7372,778
709428021056,INV-13725,TS09AB5970,676
573038027864,INV-13726,TS09AB3966,385
753400151712,INV-13727,TS09AB1540,597
492946551199,INV-13728,TS09AB6922,906
635526015792,INV-13729,TS09AB8376,960
994073419133,INV-13730,TS09AB3840,382
280190994927,INV-13731,TS09AB6776,159
398313531779,INV-13732,TS09AB7097,431
285737651054,INV-13733,TS09AB3788,927
531529694184,INV-13734,TS09AB4444,741
618869747149,INV-13735,TS09AB3910,986
618139051907,INV-13736,TS09AB7852,156
323861527960,INV-13738,TS09AB7219,698
722122213215,INV-13739,TS09AB7233,941
824594726585,INV-13740,TS09AB9903,531
237532389796,INV-13742,TS09AB2271,158
678991503374,INV-13743,TS09AB5049,492
353934998984,INV-13744,TS09AB4592,1000
584413088874,INV-13745,TS09AB6947,375
353887807581,INV-13746,TS09AB1256,691
370240412097,INV-13747,TS09AB8952,536
859351119112,INV-13748,TS09AB1718,27
655785799106,INV-13749,TS09AB6306,100
811568388385,INV-13750,TS09AB6148,776
272960727548,INV-13751,TS09AB3257,143
793617651722,INV-13752,TS09AB4649,798
242276633827,INV-13753,TS09AB4146,162
682894779151,INV-13754,TS09AB4273,501
209753427203,INV-13755,TS09AB5079,717
201422760529,INV-13756,TS09AB3434,611
752120334490,INV-13758,TS09AB3307,668
875508404804,INV-13759,TS09AB2169,915
519343792741,INV-13760,TS09AB3434,788
903092759393,INV-13761,TS09AB4224,785
758880488349,INV-13762,TS09AB1275,898
832378907857,INV-13763,TS09AB7768,190
698478391907,INV-13764,TS09AB4543,913
609780983187,INV-13765,TS09AB6336,742
726592893489,INV-13766,TS09AB6457,783
129634598539,INV-13767,TS09AB4601,300
720421301068,INV-13768,TS09AB9081,304
370878717104,INV-13769,TS09AB4733,863
280564417528,INV-13770,TS09AB8944,203
134014899782,INV-13771,TS09AB8237,735
946591802675,INV-13772,TS09AB4707,349
399675231118,INV-13773,TS09AB5367,954
382186047103,INV-13774,TS09AB7611,686
787187266307,INV-13775,TS09AB3562,97
359068812534,INV-13776,TS09AB6501,521
288350107686,INV-13777,TS09AB5672,15
308217278140,INV-13778,TS09AB3208,651
546697715749,INV-13781,TS09AB6772,815
350788391212,INV-13782,TS09AB1208,740
252412534110,INV-13783,TS09AB8329,441
164810890518,INV-13784,TS09AB7449,774
735153449384,INV-13785,TS09AB7410,118
628361004267,INV-13786,TS09AB7676,558
319830715952,INV-13788,TS09AB2025,686
579504537976,INV-13789,TS09AB7608,864
126247137182,INV-13790,TS09AB5592,198
906058768335,INV-13791,TS09AB5010,915
379255702769,INV-13792,TS09AB9881,146
938289644805,INV-13793,TS09AB7325,19
902369550802,INV-13794,TS09AB9401,584
953552333961,INV-13796,TS09AB2791,622
641553521616,INV-13798,TS09AB4085,773
678054405691,INV-13799,TS09AB1333,176
794370668876,INV-13800,TS09AB4920,75
518312737158,INV-13801,TS09AB8444,763
584971493893,INV-13802,TS09AB2880,909
225693985104,INV-13803,TS09AB4713,737
526761369693,INV-13804,TS09AB3936,856
686990022369,INV-13805,TS09AB9709,130
927703397328,INV-13806,TS09AB2339,201
938180287205,INV-13807,TS09AB7759,139
929025826983,INV-13809,TS09AB1476,598
792864895102,INV-13810,TS09AB4097,606
231435486270,INV-13811,TS09AB2126,359
782432915053,INV-13812,TS09AB2877,758
756309589551,INV-13813,TS09AB2179,558
730485130927,INV-13814,TS09AB4330,918
855590719794,INV-13815,TS09AB3636,613
623501954111,INV-13816,TS09AB5370,514
579552880969,INV-13817,TS09AB3547,367
500815763688,INV-13819,TS09AB9771,506
248069112502,INV-13820,TS09AB1512,871
354518289095,INV-13821,TS09AB6441,466
298754871500,INV-13822,TS09AB1726,811
731043248800,INV-13823,TS09AB4916,940
406106145186,INV-13824,TS09AB7661,692
559564740120,INV-13825,TS09AB6825,363
192771540475,INV-13826,TS09AB6108,296
246909667366,INV-13827,TS09AB9378,601
316692816155,INV-13828,TS09AB5417,412
638113166725,INV-13829,TS09AB3846,612
287514264376,INV-13830,TS09AB1190,365
153196886034,INV-13831,TS09AB9398,538
937373027177,INV-13832,TS09AB5423,39
913392087759,INV-13833,TS09AB3971,109
823597407379,INV-13836,TS09AB9679,630
436215040670,INV-13837,TS09AB6542,176
522837773323,INV-13838,TS09AB4555,968
472417155160,INV-13840,TS09AB8003,214
813891257518,INV-13841,TS09AB5137,383
665273542324,INV-13842,TS09AB3994,873
210147235695,INV-13844,TS09AB6591,62
432432089449,INV-13845,TS09AB6783,29
387032509181,INV-13846,TS09AB2702,541
929790309841,INV-13847,TS09AB1751,379
659405773124,INV-13848,TS09AB5747,152
586341844632,INV-13849,TS09AB5336,476
811641514722,INV-13850,TS09AB5163,265
530114907453,INV-13851,TS09AB4137,372
474948798721,INV-13852,TS09AB6832,833
996911353254,INV-13853,TS09AB6891,696
907383149018,INV-13855,TS09AB7925,616
424056753179,INV-13856,TS09AB1719,867
614760061150,INV-13857,TS09AB8842,476
262962700761,INV-13858,TS09AB6497,187
678031609877,INV-13859,TS09AB8316,558
799800984995,INV-13860,TS09AB5352,274
185487198123,INV-13861,TS09AB1152,138
145185147976,INV-13862,TS09AB7621,392
439234177940,INV-13863,TS09AB2282,223
849384362399,INV-13864,TS09AB6314,388
735843046987,INV-13865,TS09AB4629,898
753703432172,INV-13867,TS09AB3854,464
537958105823,INV-13868,TS09AB7958,608
207207845499,INV-13869,TS09AB5773,238
141313044860,INV-13870,TS09AB2529,176
677508124188,INV-13871,TS09AB5455,661
253073537168,INV-13872,TS09AB7195,881
833215672499,INV-13874,TS09AB5226,795
241735658472,INV-13875,TS09AB8771,725
110778062051,INV-13876,TS09AB5357,656
361086750579,INV-13877,TS09AB8353,763
540638251867,INV-13878,TS09AB1183,282
502634311520,INV-13879,TS09AB9667,892
272210586023,INV-13880,TS09AB7841,418
205082366271,INV-13881,TS09AB7005,171
252093170199,INV-13882,TS09AB6453,317
956137923789,INV-13883,TS09AB4766,913
316988819290,INV-13884,TS09AB5052,761
753367610388,INV-13885,TS09AB6591,245
892201474562,INV-13886,TS09AB9402,317
552290564372,INV-13887,TS09AB1960,998
136853672714,INV-13888,TS09AB5690,392
873877276568,INV-13889,TS09AB8816,175
901499426483,INV-13890,TS09AB6364,930
933907197997,INV-13891,TS09AB9827,943
620849989484,INV-13892,TS09AB7417,24
477753923862,INV-13894,TS09AB5862,865
907561594669,INV-13895,TS09AB7987,819
605301716184,INV-13896,TS09AB3335,669
128881691228,INV-13899,TS09AB5671,519
440822216346,INV-13901,TS09AB8287,352
464846639502,INV-13902,TS09AB6251,798
498089772023,INV-13903,TS09AB1796,574
858143811873,INV-13904,TS09AB6238,140
127725822777,INV-13905,TS09AB1796,874
181930324699,INV-13906,TS09AB9662,756
879664799607,INV-13907,TS09AB6424,187
594836604667,INV-13908,TS09AB1613,317
721735807295,INV-13909,TS09AB1474,762
238315800996,INV-13910,TS09AB1486,261
810473712181,INV-13911,TS09AB5155,406
411433158032,INV-13913,TS09AB4267,43
654942334227,INV-13915,TS09AB7578,674
290097883192,INV-13917,TS09AB5610,937
672422043544,INV-13918,TS09AB7865,382
942226750614,INV-13919,TS09AB4239,355
151182210832,INV-13920,TS09AB8773,141
393604931642,INV-13922,TS09AB5009,223
989773643894,INV-13923,TS09AB8717,201
560427224466,INV-13924,TS09AB2973,392
482732062716,INV-13928,TS09AB4769,720
987979122826,INV-13929,TS09AB7403,555
168479516762,INV-13930,TS09AB2364,977
502276257143,INV-13932,TS09AB9166,552
842681618796,INV-13934,TS09AB9899,689
539734068946,INV-13935,TS09AB4348,30
387962888305,INV-13936,TS09AB8417,980
768541893524,INV-13937,TS09AB2820,665
235625296796,INV-13940,TS09AB8161,843
161701902148,INV-13941,TS09AB5879,709
493090119988,INV-13943,TS09AB2192,860
441317577901,INV-13944,TS09AB5093,340
923173727922,INV-13945,TS09AB9276,868
145541079425,INV-13946,TS09AB5474,191
990040722431,INV-13947,TS09AB1430,455
373278129139,INV-13948,TS09AB7606,140
240472055369,INV-13949,TS09AB9294,780
211622198773,INV-13950,TS09AB4582,135
295266756530,INV-13951,TS09AB8422,914
921463735072,INV-13952,TS09AB3358,681
449340945355,INV-13953,TS09AB4445,328
447981300031,INV-13954,TS09AB6468,662
357187630623,INV-13955,TS09AB2027,715
209155329263,INV-13956,TS09AB3604,466
242602730617,INV-13957,TS09AB1499,112
378200506243,INV-13958,TS09AB9586,433
248179537694,INV-13959,TS09AB7903,219
515863781453,INV-13960,TS09AB1870,874
187049495425,INV-13961,TS09AB5239,88
804428061511,INV-13962,TS09AB2727,729
634601919430,INV-13963,TS09AB3294,602
163508557085,INV-13965,TS09AB6027,442
429486710734,INV-13966,TS09AB3805,415
239275048787,INV-13968,TS09AB6946,159
152991597973,INV-13969,TS09AB7581,25
572929583660,INV-13970,TS09AB7739,624
208937688745,INV-13971,TS09AB8235,931
544628183271,INV-13972,TS09AB3734,246
339267085491,INV-13973,TS09AB5767,240
998374516285,INV-13974,TS09AB4575,175
375722591700,INV-13976,TS09AB6846,707
569969332434,INV-13977,TS09AB4496,678
874857441601,INV-13978,TS09AB3349,196
481366674721,INV-13979,TS09AB5991,375
187080313545,INV-13980,TS09AB2172,790
117335579966,INV-13981,TS09AB9517,998
914778702298,INV-13982,TS09AB5966,519
213912276329,INV-13983,TS09AB4442,751
199175068972,INV-13984,TS09AB8021,528
904224658055,INV-13985,TS09AB4612,889
917188962417,INV-13986,TS09AB9134,986
710837799627,INV-13987,TS09AB9624,552
332662664906,INV-13989,TS09AB9628,924
353759022681,INV-13990,TS09AB1820,920
574455085612,INV-13991,TS09AB3641,819
453785973794,INV-13992,TS09AB2467,888
870826860091,INV-13996,TS09AB7866,165
846908318905,INV-13997,TS09AB3456,514
181109134684,INV-13999,TS09AB2643,954
419761643130,INV-14000,TS09AB5905,696
621025286033,INV-14001,TS09AB8718,507
508709488159,INV-14002,TS09AB3526,573
421651590957,INV-14003,TS09AB9100,623
766635951246,INV-14004,TS09AB2691,842
865092700915,INV-14005,TS09AB1142,443
239052107541,INV-14006,TS09AB1972,647
203132314515,INV-14007,TS09AB6507,285
544021066035,INV-14008,TS09AB4662,342
686946392430,INV-14009,TS09AB1479,14
382801622458,INV-14010,TS09AB5627,324
393023638593,INV-14011,TS09AB6783,165
130163899732,INV-14013,TS09AB9103,365
826747186146,INV-14014,TS09AB9489,694
173269589789,INV-14016,TS09AB7554,701
848192692981,INV-14017,TS09AB7753,520
238873495296,INV-14018,TS09AB3467,160
647418450335,INV-14019,TS09AB1215,38
233485653310,INV-14020,TS09AB2676,750
165145140887,INV-14021,TS09AB8477,583
913434340632,INV-14022,TS09AB7284,977
410343916972,INV-14024,TS09AB5867,74
838890266709,INV-14025,TS09AB6496,905
278856544633,INV-14026,TS09AB2979,30
357291172812,INV-14027,TS09AB6557,124
954240049312,INV-14029,TS09AB6603,796
295927085146,INV-14030,TS09AB8613,655
658918665991,INV-14031,TS09AB3654,352
406851927317,INV-14033,TS09AB8327,988
243736572685,INV-14034,TS09AB1036,695
127884629262,INV-14035,TS09AB2777,13
653968486160,INV-14036,TS09AB1469,943
235106921090,INV-14037,TS09AB5838,474
433337757424,INV-14038,TS09AB9339,793
867825974104,INV-14039,TS09AB8997,450
219420139732,INV-14040,TS09AB4510,24
298731532001,INV-14041,TS09AB1744,82
149710174781,INV-14042,TS09AB4956,546
146617420014,INV-14043,TS09AB3192,810
412658257795,INV-14044,TS09AB8518,883
769367778651,INV-14046,TS09AB8071,385
374882167853,INV-14047,TS09AB6474,486
856425734890,INV-14048,TS09AB6571,576
257345829021,INV-14050,TS09AB1702,241
815423417031,INV-14051,TS09AB7390,592
141744679858,INV-14052,TS09AB4749,790
304102257298,INV-14054,TS09AB1578,691
596175722561,INV-14055,TS09AB9120,696
910023504523,INV-14056,TS09AB6670,812
299926708474,INV-14057,TS09AB1099,795
817612592199,INV-14059,TS09AB1626,618
225665148164,INV-14060,TS09AB1513,792
550141453390,INV-14061,TS09AB5234,435
530416956254,INV-14062,TS09AB1438,670
119775382822,INV-14063,TS09AB5295,443
672114609641,INV-14064,TS09AB7626,237
767806619302,INV-14066,TS09AB2101,308
227304135861,INV-14068,TS09AB7839,251
291407716664,INV-14069,TS09AB6873,152
427998877761,INV-14070,TS09AB3641,718
948822202084,INV-14071,TS09AB3712,874
177711813473,INV-14072,TS09AB4022,331
242421423432,INV-14074,TS09AB8605,213
931054209961,INV-14075,TS09AB5337,249
559788481259,INV-14076,TS09AB8863,997
655752597962,INV-14077,TS09AB2426,632
792239006457,INV-14078,TS09AB6395,646
430318121136,INV-14079,TS09AB7701,976
453964130287,INV-14080,TS09AB8518,285
305063405758,INV-14081,TS09AB3693,530
912730701966,INV-14082,TS09AB9013,389
287036338365,INV-14083,TS09AB1563,414
605054405145,INV-14084,TS09AB4383,640
435292985517,INV-14085,TS09AB5453,617
210467938103,INV-14086,TS09AB5410,158
910838388206,INV-14087,TS09AB6965,472
440559763651,INV-14088,TS09AB9144,216
696693696299,INV-14089,TS09AB6436,660
658835190447,INV-14090,TS09AB5320,890
496555910816,INV-14091,TS09AB7189,812
156167427385,INV-14092,TS09AB2905,763
916435091512,INV-14093,TS09AB3908,716
532189351650,INV-14094,TS09AB4427,845
539497087951,INV-14095,TS09AB6573,618
681681953054,INV-14096,TS09AB5321,189
773749729166,INV-14098,TS09AB9023,359
985064620329,INV-14099,TS09AB8410,580
475232852215,INV-14100,TS09AB4940,235
502262771086,INV-14104,TS09AB7307,213
769455071677,INV-14106,TS09AB6642,432
372403162682,INV-14108,TS09AB5519,724
926529486761,INV-14109,TS09AB6774,212
441857863863,INV-14110,TS09AB9406,536
880600692057,INV-14112,TS09AB3776,513
443824383740,INV-14113,TS09AB5464,171
204341482800,INV-14114,TS09AB6982,554
345903831970,INV-14115,TS09AB8472,782
274877213127,INV-14116,TS09AB7158,297
251427628548,INV-14117,TS09AB4291,751
812348993988,INV-14118,TS09AB8157,561
516427583304,INV-14119,TS09AB2538,23
881282734252,INV-14120,TS09AB5989,753
960741819482,INV-14121,TS09AB4721,998
768249400700,INV-14122,TS09AB2770,653
232030224345,INV-14123,TS09AB8681,644
950372507768,INV-14125,TS09AB5239,190
764040413324,INV-14126,TS09AB1842,382
768385493623,INV-14128,TS09AB4043,194
175480195833,INV-14129,TS09AB5144,654
718139966732,INV-14130,TS09AB9107,237
950903878982,INV-14131,TS09AB6216,684
357249372632,INV-14132,TS09AB4386,259
800381232119,INV-14133,TS09AB5775,907
120671392374,INV-14134,TS09AB8174,623
788432257058,INV-14135,TS09AB2132,427
931633385213,INV-14136,TS09AB3355,356
956245492375,INV-14139,TS09AB4080,464
482857993303,INV-14140,TS09AB8417,456
184249733558,INV-14141,TS09AB4429,466
894483721123,INV-14142,TS09AB2823,361
190749663872,INV-14143,TS09AB9199,656
200772183464,INV-14144,TS09AB5758,988
869223085843,INV-14145,TS09AB1215,852
283035676455,INV-14146,TS09AB5876,154
194723799943,INV-14147,TS09AB3787,622
807208217579,INV-14148,TS09AB7746,40
176653471572,INV-14149,TS09AB6014,894
337115243757,INV-14151,TS09AB2559,601
249220092334,INV-14152,TS09AB6335,405
294330769889,INV-14153,TS09AB2231,817
514067432902,INV-14154,TS09AB3535,967
521032920002,INV-14155,TS09AB1624,996
855303940927,INV-14156,TS09AB9191,845
590675327975,INV-14157,TS09AB3910,335
630432603950,INV-14158,TS09AB2681,692
543698050771,INV-14159,TS09AB7018,827
629547098205,INV-14161,TS09AB5317,959
825868335580,INV-14162,TS09AB1028,172
719963281729,INV-14163,TS09AB1355,714
603661209732,INV-14165,TS09AB7998,667
125248841091,INV-14167,TS09AB1367,585
808999313704,INV-14168,TS09AB7413,657
903113089865,INV-14169,TS09AB1546,662
434012809266,INV-14170,TS09AB9191,402
997094474376,INV-14171,TS09AB8020,282
503615214013,INV-14172,TS09AB4991,95
507314915913,INV-14173,TS09AB1156,934
479989863389,INV-14174,TS09AB7312,463
549010262295,INV-14175,TS09AB9058,765
836709192721,INV-14176,TS09AB8937,169
572371023194,INV-14177,TS09AB1029,722
143412147677,INV-14178,TS09AB7020,807
918963777642,INV-14179,TS09AB7410,453
328202737430,INV-14180,TS09AB2389,126
536032735632,INV-14181,TS09AB4292,936
863886311653,INV-14182,TS09AB4034,984
391398413876,INV-14183,TS09AB6590,92
269841316862,INV-14184,TS09AB1064,512
511185722547,INV-14185,TS09AB4478,423
855260627698,INV-14186,TS09AB3817,170
578503595956,INV-14187,TS09AB9646,412
692274574849,INV-14188,TS09AB7301,787
469872448625,INV-14189,TS09AB9041,558
832652716875,INV-14190,TS09AB6728,142
740649796943,INV-14191,TS09AB8408,658
872778931096,INV-14192,TS09AB4021,118
495804617741,INV-14193,TS09AB7566,730
351026134109,INV-14194,TS09AB2655,285
830089601921,INV-14196,TS09AB9198,168
424281188411,INV-14197,TS09AB5559,133
945836314534,INV-14198,TS09AB2507,713
261347977320,INV-14199,TS09AB8637,671
647034883368,INV-14200,TS09AB3504,856
711874991188,INV-14201,TS09AB5111,834
458840600133,INV-14202,TS09AB1903,529
823315503168,INV-14203,TS09AB5501,835
348413623684,INV-14204,TS09AB7386,846
114652088288,INV-14205,TS09AB6175,886
942694928542,INV-14206,TS09AB7501,952
388036807586,INV-14207,TS09AB2129,929
209540392107,INV-14208,TS09AB1962,804
325448375149,INV-14209,TS09AB8246,75
345952715793,INV-14210,TS09AB2151,768
398912343244,INV-14211,TS09AB6212,618
323000221848,INV-14212,TS09AB7176,476
290951704555,INV-14213,TS09AB1545,993
290587855560,INV-14215,TS09AB5261,13
761791397732,INV-14216,TS09AB8681,568
845944309444,INV-14218,TS09AB9911,570
558446153426,INV-14221,TS09AB1279,896
895202853603,INV-14223,TS09AB1616,407
113686951298,INV-14224,TS09AB7189,665
258971456551,INV-14225,TS09AB2926,526
359253516635,INV-14226,TS09AB7973,473
143021068480,INV-14227,TS09AB2182,84
302994250674,INV-14228,TS09AB5527,790
317493035822,INV-14229,TS09AB4007,703
328486519992,INV-14230,TS09AB9832,56
294928976039,INV-14231,TS09AB9435,14
321372279183,INV-14232,TS09AB8917,636
510931964844,INV-14233,TS09AB4366,383
939056301390,INV-14234,TS09AB5539,284
379742149046,INV-14235,TS09AB5160,711
576589338695,INV-14236,TS09AB1765,374
395718355295,INV-14237,TS09AB7302,53
696493863142,INV-14238,TS09AB3790,989
237982303314,INV-14239,TS09AB5175,108
518593213928,INV-14240,TS09AB3460,804
101307467602,INV-14242,TS09AB9699,270
528517209942,INV-14244,TS09AB3845,657
143316194983,INV-14245,TS09AB5651,400
704029787912,INV-14246,TS09AB9272,487
633175938925,INV-14247,TS09AB7514,763
713585905714,INV-14248,TS09AB3692,668
751744122847,INV-14249,TS09AB3151,37
879006924862,INV-14250,TS09AB7970,439
259927372631,INV-14251,TS09AB1464,33
744214007472,INV-14252,TS09AB5496,348
148379477768,INV-14253,TS09AB3721,580
810742035972,INV-14254,TS09AB6512,472
737846269897,INV-14255,TS09AB1082,83
260182366658,INV-14256,TS09AB6459,360
339569393386,INV-14257,TS09AB8046,112
725028694459,INV-14258,TS09AB6813,468
837678059742,INV-14259,TS09AB1428,735
759439328654,INV-14260,TS09AB1819,130
301469537674,INV-14261,TS09AB9797,248
516102400646,INV-14262,TS09AB7747,694
372416872005,INV-14263,TS09AB5759,365
615571073894,INV-14265,TS09AB6649,843
432512875929,INV-14266,TS09AB2795,547
672377654492,INV-14267,TS09AB6454,176
270951297495,INV-14268,TS09AB2136,78
392591866817,INV-14269,TS09AB1920,230
983099433671,INV-14270,TS09AB1066,468
470713209225,INV-14271,TS09AB1736,320
243383034109,INV-14273,TS09AB4847,243
710934703142,INV-14274,TS09AB1584,153
205551767208,INV-14277,TS09AB2291,90
764562447236,INV-14278,TS09AB1172,901
726611194509,INV-14279,TS09AB5297,40
126081227621,INV-14280,TS09AB5777,356
503113813173,INV-14281,TS09AB1314,830
712453244757,INV-14282,TS09AB4999,448
987426934331,INV-14283,TS09AB2907,554
778370312060,INV-14284,TS09AB5927,11
972285005210,INV-14285,TS09AB4358,481
176945735524,INV-14286,TS09AB2027,386
200939039959,INV-14287,TS09AB2086,324
767906174417,INV-14288,TS09AB7954,285
849744062332,INV-14289,TS09AB1686,181
855330361432,INV-14290,TS09AB7473,972
179858223087,INV-14291,TS09AB6856,387
214618221272,INV-14292,TS09AB6329,189
945993915992,INV-14293,TS09AB4071,493
873629471969,INV-14294,TS09AB8772,575
818441114990,INV-14295,TS09AB1912,285
104000554289,INV-14296,TS09AB5999,512
869739892601,INV-14297,TS09AB6122,993
272610319891,INV-14298,TS09AB4601,490
367387587304,INV-14299,TS09AB4637,532
330128609495,INV-14300,TS09AB3441,917
222904154066,INV-14301,TS09AB5381,809
810502719654,INV-14302,TS09AB2604,550
946166053164,INV-14304,TS09AB1951,757
795422122303,INV-14305,TS09AB7178,225
665045861370,INV-14307,TS09AB8503,961
428537033205,INV-14308,TS09AB2580,227
911746825447,INV-14309,TS09AB5462,783
108017145910,INV-14310,TS09AB9579,610
867584388682,INV-14311,TS09AB9105,556
625867668797,INV-14312,TS09AB7815,917
558748292909,INV-14313,TS09AB3583,855
677004937544,INV-14314,TS09AB9355,793
805295364728,INV-14315,TS09AB1210,427
861358520997,INV-14316,TS09AB4830,310
503714342274,INV-14317,TS09AB8596,284
664469902317,INV-14318,TS09AB6194,676
375483069210,INV-14319,TS09AB6716,102
796845159828,INV-14320,TS09AB5036,950
184095533006,INV-14321,TS09AB2225,38
749301000836,INV-14323,TS09AB3685,337
851607356089,INV-14324,TS09AB6544,710
730626673722,INV-14325,TS09AB2185,269
807161160379,INV-14326,TS09AB1423,72
294881832869,INV-14327,TS09AB3092,807
958743079828,INV-14328,TS09AB8740,139
817291964729,INV-14329,TS09AB8900,110
229631378944,INV-14330,TS09AB3052,452
717812365072,INV-14331,TS09AB5890,650
161567105837,INV-14332,TS09AB3820,640
453447550184,INV-14333,TS09AB2328,295
264415055108,INV-14334,TS09AB5109,139
817824866493,INV-14335,TS09AB3144,928
848333858357,INV-14336,TS09AB2713,657
643194902747,INV-14337,TS09AB3369,163
635066009374,INV-14338,TS09AB7598,63
676979644489,INV-14340,TS09AB1964,702
281902323247,INV-14341,TS09AB9797,457
651215352218,INV-14342,TS09AB6708,483
709460480916,INV-14343,TS09AB4333,312
930941892376,INV-14344,TS09AB4490,275
506203319132,INV-14345,TS09AB9476,789
550188423113,INV-14346,TS09AB5628,47
878311123994,INV-14347,TS09AB7782,278
964141071649,INV-14349,TS09AB9642,908
570721447159,INV-14350,TS09AB3880,194
942496095343,INV-14351,TS09AB7684,318
730472059215,INV-14352,TS09AB8442,717
956911086938,INV-14353,TS09AB4464,380
939857455057,INV-14354,TS09AB1806,396
987750218410,INV-14355,TS09AB2926,15
649760042455,INV-14356,TS09AB5812,230
397385189599,INV-14358,TS09AB4741,392
538322818538,INV-14360,TS09AB4349,554
322264856306,INV-14361,TS09AB8958,864
981674504755,INV-14362,TS09AB2760,958
721975881684,INV-14363,TS09AB7691,169
582316808477,INV-14364,TS09AB2005,683
284815425899,INV-14365,TS09AB7880,438
294601700720,INV-14366,TS09AB7659,575
683759978402,INV-14367,TS09AB8228,729
647676070865,INV-14368,TS09AB2073,941
981800125781,INV-14369,TS09AB4427,845
195105724988,INV-14370,TS09AB4308,893
296817144529,INV-14371,TS09AB2076,717
629546575505,INV-14372,TS09AB6572,235
862919979385,INV-14373,TS09AB4313,765
565708094273,INV-14374,TS09AB9435,261
866636061443,INV-14375,TS09AB2611,227
783442255311,INV-14376,TS09AB9502,263
208540148384,INV-14377,TS09AB2273,552
782466573962,INV-14378,TS09AB3176,238
129462844726,INV-14379,TS09AB2114,114
357936946595,INV-14380,TS09AB8665,970
954875966253,INV-14381,TS09AB1872,957
957539442177,INV-14382,TS09AB2696,940
906640658652,INV-14383,TS09AB9782,193
335339483588,INV-14384,TS09AB3247,245
222637315918,INV-14385,TS09AB4027,364
685295685911,INV-14386,TS09AB3749,37
107585948698,INV-14387,TS09AB4701,213
505313468043,INV-14388,TS09AB4076,359
640854582900,INV-14389,TS09AB9140,552
402156251202,INV-14390,TS09AB3769,113
994590547465,INV-14391,TS09AB9989,113
264801490708,INV-14392,TS09AB9536,236
576532877886,INV-14393,TS09AB7148,256
279577933170,INV-14394,TS09AB5099,939
752588428392,INV-14395,TS09AB4559,174
780619629943,INV-14396,TS09AB6991,830
213431115564,INV-14397,TS09AB9709,981
761138568897,INV-14398,TS09AB6323,590
288126765852,INV-14399,TS09AB4552,449
368945497826,INV-14400,TS09AB3273,380
486026536584,INV-14401,TS09AB7502,580
475883209450,INV-14402,TS09AB5330,496
157224403592,INV-14403,TS09AB5269,369
292245649510,INV-14404,TS09AB5874,266
432958709803,INV-14405,TS09AB2266,921
808588997549,INV-14407,TS09AB4723,762
211291654705,INV-14408,TS09AB4977,591
724901641310,INV-14409,TS09AB4246,891
513706230940,INV-14410,TS09AB8203,501
791692845757,INV-14412,TS09AB2199,711
222555609017,INV-14413,TS09AB7026,727
280900041570,INV-14414,TS09AB2836,804
914846845454,INV-14415,TS09AB4526,331
551119572795,INV-14417,TS09AB3238,790
791069447532,INV-14418,TS09AB3495,850
310413992702,INV-14420,TS09AB2041,701
175444847829,INV-14421,TS09AB5164,310
917976555154,INV-14422,TS09AB4301,419
283792347150,INV-14424,TS09AB7720,916
614397151915,INV-14425,TS09AB5428,578
134646970625,INV-14426,TS09AB5804,714
177372310640,INV-14427,TS09AB1839,603
734476249151,INV-14428,TS09AB5574,187
413220987807,INV-14429,TS09AB4540,161
416042702466,INV-14430,TS09AB8750,728
429048895065,INV-14431,TS09AB1613,65
810641079211,INV-14432,TS09AB3514,206
554882107302,INV-14433,TS09AB8666,648
275716625930,INV-14434,TS09AB1953,241
942198477104,INV-14435,TS09AB7967,417
278727321170,INV-14436,TS09AB2186,35
369694019455,INV-14437,TS09AB1654,630
995187025559,INV-14438,TS09AB3219,816
387594824507,INV-14439,TS09AB5561,894
153364861344,INV-14440,TS09AB4793,986
938267765946,INV-14441,TS09AB8662,423
993663685224,INV-14442,TS09AB1167,397
325229151272,INV-14443,TS09AB2892,901
908829766340,INV-14445,TS09AB8881,516
494188332915,INV-14446,TS09AB7773,189
264866699641,INV-14447,TS09AB7536,83
413970524720,INV-14448,TS09AB3954,678
897653972543,INV-14449,TS09AB4832,104
434714551648,INV-14450,TS09AB5452,811
865254963653,INV-14451,TS09AB3888,68
878464640063,INV-14452,TS09AB7507,19
500481113851,INV-14453,TS09AB8326,619
716354179537,INV-14454,TS09AB5217,827
646042218618,INV-14455,TS09AB9073,938
558676240102,INV-14456,TS09AB8855,217
320619825454,INV-14457,TS09AB9595,477
676847297284,INV-14459,TS09AB6764,39
352792590888,INV-14460,TS09AB4306,447
415895341420,INV-14461,TS09AB8708,923
518285211759,INV-14462,TS09AB7533,93
920949765415,INV-14463,TS09AB9562,360
728663870654,INV-14464,TS09AB5825,401
276721347886,INV-14465,TS09AB4819,900
457578165448,INV-14466,TS09AB9121,263
357570846514,INV-14467,TS09AB9945,992
845846221153,INV-14468,TS09AB9398,110
545073900134,INV-14470,TS09AB6401,312
269279453707,INV-14471,TS09AB2211,701
502493836950,INV-14472,TS09AB4468,587
644928172214,INV-14473,TS09AB8913,761
319047982636,INV-14474,TS09AB1175,323
318557616201,INV-14475,TS09AB4112,892
731242923190,INV-14476,TS09AB4882,622
516045161134,INV-14477,TS09AB9585,669
267877233995,INV-14478,TS09AB5260,210
997972261916,INV-14479,TS09AB8921,12
608344848486,INV-14480,TS09AB7253,79
434909927223,INV-14481,TS09AB6461,926
298697353671,INV-14482,TS09AB9332,617
678377378776,INV-14483,TS09AB2237,798
890334830395,INV-14484,TS09AB5423,659
971359877363,INV-14485,TS09AB2372,350
735761750037,INV-14486,TS09AB3136,658
175714911706,INV-14487,TS09AB8347,622
845463233985,INV-14488,TS09AB6502,40
689141599772,INV-14489,TS09AB1739,847
148803667206,INV-14490,TS09AB7156,212
610740622386,INV-14491,TS09AB3791,768
173339998675,INV-14492,TS09AB9141,181
997623164424,INV-14493,TS09AB4532,540
478685072829,INV-14495,TS09AB4975,200
447328852813,INV-14496,TS09AB3483,67
485282755682,INV-14497,TS09AB4441,632
721413892366,INV-14498,TS09AB8242,721
495979096330,INV-14499,TS09AB2591,744
663198611801,INV-14500,TS09AB1772,386
671710816078,INV-14501,TS09AB9102,957
745195449838,INV-14502,TS09AB8738,981
399875759341,INV-14503,TS09AB7450,633
874671293249,INV-14504,TS09AB3683,451
618638087094,INV-14505,TS09AB5944,528
806939569012,INV-14506,TS09AB5888,167
780559726791,INV-14507,TS09AB1151,959
966095916309,INV-14508,TS09AB8949,445
528568143907,INV-14509,TS09AB6353,859
261126987420,INV-14510,TS09AB6010,893
131909142316,INV-14511,TS09AB3150,381
240207828092,INV-14512,TS09AB3147,98
172764217576,INV-14513,TS09AB6996,477
949221223143,INV-14514,TS09AB1652,477
294825972809,INV-14515,TS09AB3670,11
250147886201,INV-14516,TS09AB6719,890
407571635274,INV-14517,TS09AB3251,736
344259845975,INV-14518,TS09AB7470,18
798750270441,INV-14519,TS09AB1181,568
238400831080,INV-14520,TS09AB4974,243
973592663677,INV-14522,TS09AB2313,863
427175834191,INV-14523,TS09AB7723,536
625757074359,INV-14525,TS09AB2143,833
627073829936,INV-14526,TS09AB3147,359
328711357377,INV-14527,TS09AB3414,650
985688928451,INV-14528,TS09AB3482,380
396155174355,INV-14531,TS09AB9614,525
541673438873,INV-14532,TS09AB9715,570
227117957411,INV-14533,TS09AB7527,408
982036781623,INV-14534,TS09AB2363,154
887278030456,INV-14536,TS09AB1696,855
939098219441,INV-14537,TS09AB7413,731
536306231609,INV-14538,TS09AB8886,89
799017691030,INV-14539,TS09AB3571,364
132455261747,INV-14542,TS09AB5981,985
130928399482,INV-14543,TS09AB5982,709
129183500477,INV-14544,TS09AB6276,639
551719751799,INV-14545,TS09AB3892,60
818617098410,INV-14546,TS09AB3056,593
515425708998,INV-14547,TS09AB6336,891
362945274648,INV-14548,TS09AB8435,25
766602001219,INV-14550,TS09AB2741,250
953154257328,INV-14551,TS09AB6027,862
773903877872,INV-14552,TS09AB1516,109
720466476103,INV-14553,TS09AB9832,336
778860353196,INV-14554,TS09AB8818,183
219372521997,INV-14555,TS09AB4251,171
522410255800,INV-14556,TS09AB6515,13
952238995840,INV-14559,TS09AB1624,180
382656506913,INV-14560,TS09AB3276,402
396200670182,INV-14562,TS09AB1292,605
204403451942,INV-14563,TS09AB2461,232
593589224748,INV-14564,TS09AB1432,837
769359738876,INV-14568,TS09AB5638,131
486586791517,INV-14569,TS09AB9989,440
891214565397,INV-14570,TS09AB5570,310
906866969384,INV-14571,TS09AB9458,824
148168940282,INV-14572,TS09AB2900,48
774364500842,INV-14573,TS09AB3746,215
216372990809,INV-14574,TS09AB7577,187
748885828017,INV-14575,TS09AB2301,758
968290536569,INV-14577,TS09AB3532,861
841588208230,INV-14579,TS09AB1064,524
882006229239,INV-14580,TS09AB3868,632
112871588685,INV-14582,TS09AB4444,944
739585662709,INV-14583,TS09AB8777,584
561282424269,INV-14585,TS09AB3588,612
561886119859,INV-14586,TS09AB6588,337
208437520745,INV-14587,TS09AB5195,975
572623255516,INV-14588,TS09AB4519,782
145229920145,INV-14589,TS09AB2346,967
467153537543,INV-14590,TS09AB5406,862
741132976768,INV-14591,TS09AB9252,747
410381803162,INV-14592,TS09AB5666,856
902049764109,INV-14593,TS09AB9758,14
929344494766,INV-14594,TS09AB5083,598
593535681709,INV-14595,TS09AB2274,289
779716201742,INV-14596,TS09AB2986,485
477282500918,INV-14597,TS09AB8078,406
693441183845,INV-14601,TS09AB7704,637
680337307668,INV-14602,TS09AB1777,459
815847578549,INV-14603,TS09AB8644,989
593313002942,INV-14605,TS09AB7199,108
342269839758,INV-14606,TS09AB8910,425
682037011443,INV-14607,TS09AB9226,46
980813379463,INV-14609,TS09AB8893,859
857465972259,INV-14610,TS09AB4361,709
438903321671,INV-14612,TS09AB5762,676
528548398571,INV-14615,TS09AB9549,637
790614900573,INV-14616,TS09AB3564,313
915047221649,INV-14617,TS09AB6657,659
556217803632,INV-14618,TS09AB3640,804
985904492147,INV-14619,TS09AB8795,875
323821665354,INV-14620,TS09AB4064,850
559994674176,INV-14622,TS09AB5332,691
757915702849,INV-14623,TS09AB5906,199
988549116333,INV-14625,TS09AB2256,568
998908089905,INV-14626,TS09AB1290,959
734085870463,INV-14627,TS09AB3012,945
269078086349,INV-14628,TS09AB8138,719
862747175865,INV-14629,TS09AB8436,129
437491537053,INV-14630,TS09AB3139,269
188411848045,INV-14631,TS09AB8063,174
143772437203,INV-14632,TS09AB8641,371
463934272177,INV-14633,TS09AB8891,684
413478504982,INV-14634,TS09AB7604,704
943452596097,INV-14635,TS09AB7514,108
807469616450,INV-14636,TS09AB6337,446
896362800701,INV-14638,TS09AB9533,861
317706814930,INV-14639,TS09AB3231,996
989154683263,INV-14640,TS09AB2274,374
651996901261,INV-14641,TS09AB7941,533
990961697632,INV-14642,TS09AB2540,710
640244627419,INV-14643,TS09AB5919,713
389326941525,INV-14644,TS09AB3666,952
108609777285,INV-14645,TS09AB7048,503
323654874051,INV-14646,TS09AB9312,675
582482177414,INV-14647,TS09AB8860,963
218832016182,INV-14648,TS09AB7592,901
300688164111,INV-14649,TS09AB9276,213
969256262849,INV-14650,TS09AB6423,942
958406465606,INV-14651,TS09AB4573,354
935028835712,INV-14652,TS09AB8992,175
789046477354,INV-14653,TS09AB5783,874
753039756887,INV-14654,TS09AB6953,586
889286302274,INV-14655,TS09AB9494,141
329578220581,INV-14656,TS09AB7192,769
105594626693,INV-14659,TS09AB7759,760
596898980740,INV-14660,TS09AB4589,96
578103594197,INV-14662,TS09AB1901,331
819549091196,INV-14663,TS09AB8057,300
106429977208,INV-14665,TS09AB2839,411
412237213764,INV-14666,TS09AB4196,23
722755638298,INV-14667,TS09AB2511,29
874136447686,INV-14668,TS09AB1282,778
707585950394,INV-14671,TS09AB1803,977
161741598663,INV-14672,TS09AB2194,461
225460232970,INV-14673,TS09AB4347,128
523213704903,INV-14674,TS09AB9663,557
167374956714,INV-14675,TS09AB2444,756
619223214499,INV-14676,TS09AB2670,724
313389296187,INV-14678,TS09AB5262,406
248160284764,INV-14679,TS09AB3446,729
597938105026,INV-14680,TS09AB5076,270
803401513718,INV-14681,TS09AB6815,657
436225828254,INV-14682,TS09AB6413,863
627099642466,INV-14684,TS09AB3288,32
611400822039,INV-14685,TS09AB5620,606
754557233800,INV-14686,TS09AB8846,925
289400147307,INV-14687,TS09AB8412,750
335460028311,INV-14688,TS09AB1719,80
873613984134,INV-14689,TS09AB1099,420
767482621287,INV-14690,TS09AB7534,23
850443840548,INV-14691,TS09AB5664,228
361505061833,INV-14692,TS09AB4265,230
242979277368,INV-14693,TS09AB5892,589
253050505028,INV-14694,TS09AB9517,841
456572915879,INV-14695,TS09AB2053,384
131981742792,INV-14696,TS09AB3510,224
548308049075,INV-14697,TS09AB6892,646
414615273299,INV-14698,TS09AB2701,376
586961178637,INV-14699,TS09AB9564,624
871936447056,INV-14701,TS09AB1774,124
613011632010,INV-14702,TS09AB7532,951
733988673935,INV-14703,TS09AB3449,994
211242332935,INV-14705,TS09AB3559,88
215515318035,INV-14706,TS09AB6275,135
558797410305,INV-14707,TS09AB6552,724
765576455629,INV-14709,TS09AB4254,35
939970528855,INV-14710,TS09AB2313,620
111733171396,INV-14711,TS09AB6022,254
227448012023,INV-14712,TS09AB7514,484
234926220052,INV-14713,TS09AB2219,118
170004660943,INV-14714,TS09AB5731,42
206458368931,INV-14715,TS09AB4705,991
199399790574,INV-14716,TS09AB9099,737
925661944246,INV-14717,TS09AB1277,574
348453961384,INV-14718,TS09AB4862,125
340402410679,INV-14719,TS09AB2682,763
725995827588,INV-14721,TS09AB3988,619
232508056323,INV-14722,TS09AB9515,686
321311918821,INV-14723,TS09AB9030,631
395435771566,INV-14724,TS09AB9657,961
161421391791,INV-14725,TS09AB2711,511
400501411075,INV-14726,TS09AB7382,696
273783784528,INV-14727,TS09AB6798,646
819673319897,INV-14728,TS09AB1787,252
835588861773,INV-14729,TS09AB4336,113
668636039858,INV-14731,TS09AB7977,697
415156474223,INV-14732,TS09AB5802,168
893907786551,INV-14733,TS09AB6579,730
135457211643,INV-14734,TS09AB9986,489
558637911139,INV-14735,TS09AB7631,314
429724869063,INV-14736,TS09AB4401,887
803278347488,INV-14737,TS09AB9758,606
396825255121,INV-14738,TS09AB3660,756
809565175003,INV-14739,TS09AB2632,332
495732498079,INV-14740,TS09AB9648,882
523737335571,INV-14741,TS09AB4149,104
243857151043,INV-14742,TS09AB4552,378
886899308968,INV-14743,TS09AB7586,822
171216794738,INV-14744,TS09AB1462,274
390601845624,INV-14746,TS09AB2426,227
615831149553,INV-14747,TS09AB3524,69
835186954162,INV-14748,TS09AB7031,753
623777659882,INV-14750,TS09AB8060,472
484616164146,INV-14752,TS09AB2354,828
855665410331,INV-14753,TS09AB4381,422
688325456140,INV-14755,TS09AB2906,832
264002107043,INV-14756,TS09AB3232,822
269993874566,INV-14757,TS09AB6882,494
808913363005,INV-14758,TS09AB3530,195
315851474018,INV-14759,TS09AB1080,542
930464385007,INV-14760,TS09AB6661,774
955544679846,INV-14761,TS09AB6187,21
335686530632,INV-14762,TS09AB9491,31
453565780723,INV-14764,TS09AB2027,177
617867972906,INV-14765,TS09AB6235,385
624201014878,INV-14766,TS09AB4074,652
143057195178,INV-14767,TS09AB4718,355
548924695099,INV-14768,TS09AB2057,949
179333182215,INV-14769,TS09AB7739,861
586235758552,INV-14770,TS09AB8833,102
183063366600,INV-14771,TS09AB8031,873
158845706893,INV-14772,TS09AB7726,175
358850013546,INV-14773,TS09AB6476,891
155238778252,INV-14774,TS09AB3262,521
184145823194,INV-14775,TS09AB9325,349
300156093058,INV-14776,TS09AB1337,601
807589488438,INV-14777,TS09AB5127,975
776730488375,INV-14778,TS09AB8249,582
429530823454,INV-14779,TS09AB6062,551
817303720837,INV-14780,TS09AB5297,747
568651400546,INV-14783,TS09AB4375,533
454348797476,INV-14784,TS09AB8873,268
941921340592,INV-14785,TS09AB7173,92
902124450281,INV-14786,TS09AB8904,361
633216649948,INV-14787,TS09AB2376,846
862550323321,INV-14788,TS09AB4684,769
437454030742,INV-14791,TS09AB3311,695
505923383125,INV-14792,TS09AB3863,268
336644005759,INV-14794,TS09AB5557,641
671782250990,INV-14795,TS09AB2463,473
227380664930,INV-14796,TS09AB4531,292
774101869300,INV-14797,TS09AB3089,790
193970534490,INV-14798,TS09AB9376,385
980476294390,INV-14799,TS09AB5959,179
955568826965,INV-14800,TS09AB9450,171
497148809610,INV-14801,TS09AB6179,719
852715290394,INV-14803,TS09AB8353,379
155880894380,INV-14804,TS09AB5102,964
256323415221,INV-14805,TS09AB7807,630
551681793034,INV-14808,TS09AB8519,140
104957842211,INV-14809,TS09AB3171,540
834372286080,INV-14810,TS09AB6743,27
641491352785,INV-14811,TS09AB9040,150
451733633312,INV-14813,TS09AB5458,396
958120230315,INV-14815,TS09AB8293,684
923590403780,INV-14817,TS09AB3519,217
459947618678,INV-14818,TS09AB1411,608
754145954012,INV-14819,TS09AB1400,307
112409459504,INV-14820,TS09AB7121,449
352961424220,INV-14821,TS09AB2673,193
914409175421,INV-14823,TS09AB5454,561
515229737865,INV-14825,TS09AB8723,86
383622622062,INV-14826,TS09AB6908,154
188945617382,INV-14828,TS09AB2909,675
759823452831,INV-14829,TS09AB1209,371
902306882591,INV-14830,TS09AB9435,272
577798751464,INV-14831,TS09AB7050,550
670555579866,INV-14833,TS09AB3246,316
613395467682,INV-14834,TS09AB8250,418
597036224686,INV-14836,TS09AB1961,346
153960658216,INV-14837,TS09AB5471,169
866247639236,INV-14838,TS09AB6662,688
152309777996,INV-14839,TS09AB8818,51
500441187099,INV-14840,TS09AB9009,667
148570210061,INV-14841,TS09AB3887,454
402147865863,INV-14842,TS09AB4372,714
198634030151,INV-14843,TS09AB7458,425
461621694704,INV-14844,TS09AB1486,248
987839810509,INV-14845,TS09AB7258,755
224814463554,INV-14846,TS09AB9119,950
920686820235,INV-14847,TS09AB9434,775
231319903472,INV-14849,TS09AB2226,546
621780112839,INV-14850,TS09AB1887,478
303245204711,INV-14851,TS09AB4456,20
267458041456,INV-14852,TS09AB2807,461
752938786511,INV-14853,TS09AB4451,937
646718584196,INV-14855,TS09AB3861,856
339952079726,INV-14857,TS09AB9846,827
461724037231,INV-14858,TS09AB7820,395
621439858872,INV-14859,TS09AB8635,430
131225683587,INV-14860,TS09AB2721,395
466960335318,INV-14861,TS09AB1267,817
443390215384,INV-14862,TS09AB9855,92
395948452849,INV-14863,TS09AB9810,970
165821808673,INV-14864,TS09AB4806,335
621715873706,INV-14865,TS09AB1773,611
583086184147,INV-14866,TS09AB9131,365
403609946247,INV-14867,TS09AB9322,292
829069484915,INV-14868,TS09AB1731,838
697851035048,INV-14869,TS09AB6248,179
206674163682,INV-14870,TS09AB6189,640
825945366593,INV-14871,TS09AB8722,847
460501915236,INV-14872,TS09AB1713,775
592085573954,INV-14873,TS09AB4027,229
481130842515,INV-14874,TS09AB7477,188
926853034866,INV-14875,TS09AB8488,582
520912462870,INV-14876,TS09AB6477,581
678122630761,INV-14878,TS09AB7315,681
185269308831,INV-14879,TS09AB4442,483
523340937804,INV-14880,TS09AB1774,42
756966368024,INV-14881,TS09AB4970,724
536932082611,INV-14882,TS09AB7299,258
799773296247,INV-14883,TS09AB6055,561
555546353044,INV-14885,TS09AB5246,452
290706863986,INV-14886,TS09AB2414,768
498442571676,INV-14887,TS09AB4627,531
259078985735,INV-14888,TS09AB1422,248
187490614129,INV-14889,TS09AB8199,214
380865612943,INV-14890,TS09AB6781,658
302449084374,INV-14891,TS09AB7882,430
359394550732,INV-14892,TS09AB2464,850
703244186106,INV-14893,TS09AB1055,848
354310062903,INV-14895,TS09AB3506,528
706824332473,INV-14896,TS09AB6307,230
944213559569,INV-14897,TS09AB9843,450
556033508125,INV-14898,TS09AB7468,506
735065256633,INV-14899,TS09AB6226,15
480529648590,INV-14900,TS09AB1902,671
112503980474,INV-14902,TS09AB2181,471
120212804222,INV-14903,TS09AB1291,590
265349345077,INV-14904,TS09AB4266,337
146374926758,INV-14905,TS09AB8120,335
231628080711,INV-14906,TS09AB7676,275
571409909075,INV-14909,TS09AB2161,797
514592421775,INV-14910,TS09AB3062,727
517110910633,INV-14911,TS09AB4429,585
833711670840,INV-14912,TS09AB5327,641
386807649204,INV-14913,TS09AB1046,488
268838545967,INV-14916,TS09AB6482,819
995931289464,INV-14917,TS09AB4637,66
125744204834,INV-14918,TS09AB9224,769
802015979042,INV-14919,TS09AB5706,694
296397654304,INV-14920,TS09AB8093,428
918534028969,INV-14921,TS09AB4833,785
351696857657,INV-14922,TS09AB3674,930
398649484772,INV-14923,TS09AB4947,657
462063819285,INV-14925,TS09AB6768,609
694181096446,INV-14927,TS09AB1897,426
757499185188,INV-14928,TS09AB4663,851
159443693458,INV-14929,TS09AB2200,911
204947279187,INV-14930,TS09AB1776,472
792771260339,INV-14931,TS09AB5222,956
152491150958,INV-14932,TS09AB9609,738
388421609502,INV-14933,TS09AB2084,120
370390100750,INV-14934,TS09AB2899,934
857907536060,INV-14936,TS09AB7967,534
640195414964,INV-14937,TS09AB3084,663
825821371156,INV-14938,TS09AB1616,979
989139956072,INV-14939,TS09AB7094,647
596519097516,INV-14941,TS09AB2124,273
340190707753,INV-14942,TS09AB9294,373
268533450714,INV-14944,TS09AB9461,168
785857477724,INV-14945,TS09AB1120,948
724372409188,INV-14946,TS09AB6445,611
554060070649,INV-14947,TS09AB4243,934
948611969655,INV-14948,TS09AB3616,171
428830170761,INV-14950,TS09AB6191,915
407369396373,INV-14951,TS09AB7459,735
331238161824,INV-14952,TS09AB9094,18
841676351433,INV-14953,TS09AB3280,141
484955288665,INV-14954,TS09AB4848,543
143176952103,INV-14955,TS09AB6490,398
369787563329,INV-14956,TS09AB1545,192
394055191650,INV-14957,TS09AB4705,30
684342133876,INV-14958,TS09AB7366,869
461222578123,INV-14959,TS09AB8153,210
987438850364,INV-14960,TS09AB6147,889
472055410833,INV-14961,TS09AB6355,713
808197809506,INV-14963,TS09AB6792,804
987953153275,INV-14965,TS09AB9223,185
365626452329,INV-14966,TS09AB2600,241
892823421429,INV-14967,TS09AB4217,903
456882935201,INV-14968,TS09AB8014,44
361364160779,INV-14969,TS09AB6019,81
807688309796,INV-14970,TS09AB8784,332
130862129408,INV-14971,TS09AB3071,761
556983200162,INV-14972,TS09AB5182,98
290658416115,INV-14973,TS09AB3353,905
632874031007,INV-14974,TS09AB4918,858
378133033990,INV-14975,TS09AB1542,710
347239185967,INV-14976,TS09AB6046,545
690702095940,INV-14977,TS09AB5564,925
874072987286,INV-14978,TS09AB9191,896
430483694884,INV-14979,TS09AB9522,708
422257121250,INV-14980,TS09AB4399,156
746863023808,INV-14981,TS09AB8222,664
798995688213,INV-14982,TS09AB6900,270
468466224613,INV-14983,TS09AB5745,630
351317776066,INV-14984,TS09AB1502,808
786736338436,INV-14985,TS09AB6843,596
953214876848,INV-14986,TS09AB7076,738
450323190295,INV-14989,TS09AB6895,191
933763487241,INV-14991,TS09AB3825,118
848491528246,INV-14992,TS09AB4338,513
780563505748,INV-14993,TS09AB4332,120
165879803642,INV-14994,TS09AB1259,902
126984019229,INV-14995,TS09AB8401,601
482721060968,INV-14997,TS09AB1765,180
297872786308,INV-14998,TS09AB4936,743
468390440281,INV-14999,TS09AB6795,671
529391006137,INV-15000,TS09AB2669,990
890187337207,INV-15002,TS09AB5892,423
691002055384,INV-15003,TS09AB4246,95
289993105791,INV-15004,TS09AB9089,222
883881699495,INV-15005,TS09AB4934,354
884204346137,INV-15007,TS09AB8296,160
284464784754,INV-15008,TS09AB7266,888
587181867638,INV-15009,TS09AB3153,251
585449340099,INV-15010,TS09AB6962,533
793023243191,INV-15011,TS09AB9512,767
887451901568,INV-15012,TS09AB2999,427
380606549088,INV-15013,TS09AB6051,897
195514433200,INV-15014,TS09AB4143,216
976626364686,INV-15015,TS09AB6198,824
553862032683,INV-15016,TS09AB3024,27
960070582457,INV-15017,TS09AB3905,262
631920339958,INV-15018,TS09AB3262,558
341120195720,INV-15020,TS09AB4037,808
743500836856,INV-15021,TS09AB5613,598
242177576847,INV-15022,TS09AB9770,379
490333808479,INV-15023,TS09AB7921,789
342731001393,INV-15024,TS09AB9690,591
933523184297,INV-15025,TS09AB9064,593
360672034861,INV-15027,TS09AB1196,80
783897133289,INV-15028,TS09AB3591,49
489459126597,INV-15029,TS09AB1029,226
423081128015,INV-15030,TS09AB6559,119
885537229728,INV-15031,TS09AB3688,698
324491712706,INV-15032,TS09AB3703,982
770637772108,INV-15033,TS09AB6669,295
810178767087,INV-15034,TS09AB6590,69
265555264049,INV-15035,TS09AB5697,532
660073494781,INV-15036,TS09AB9940,904
973870540249,INV-15037,TS09AB2327,536
486551511821,INV-15038,TS09AB1133,160
662204301205,INV-15040,TS09AB8679,454
599656256863,INV-15042,TS09AB4854,929
491801615852,INV-15043,TS09AB1557,937
585412180725,INV-15044,TS09AB2718,934
585009088885,INV-15045,TS09AB2688,355
828170931106,INV-15046,TS09AB1567,804
595060342051,INV-15047,TS09AB9408,26
950248060618,INV-15048,TS09AB4522,598
979251412273,INV-15049,TS09AB9102,628
782047719117,INV-15050,TS09AB5422,35
920107238605,INV-15051,TS09AB1010,690
615142908851,INV-15053,TS09AB3010,195
569507065081,INV-15055,TS09AB9331,741
534262096497,INV-15057,TS09AB7954,209
993885215275,INV-15058,TS09AB3312,913
253637255335,INV-15059,TS09AB4813,714
327146701548,INV-15060,TS09AB8841,56
399913413350,INV-15061,TS09AB3409,983
942042530949,INV-15062,TS09AB8407,110
361865642016,INV-15063,TS09AB1116,650
705181012685,INV-15064,TS09AB7619,848
121264023935,INV-15065,TS09AB3317,57
332394475984,INV-15066,TS09AB9966,685
375845221009,INV-15067,TS09AB7293,437
616004172853,INV-15068,TS09AB1774,294
152532884645,INV-15070,TS09AB9639,912
311922155101,INV-15071,TS09AB8511,193
791112100919,INV-15072,TS09AB6779,642
986456702610,INV-15073,TS09AB5547,644
743404768485,INV-15074,TS09AB7993,468
721341482869,INV-15075,TS09AB5597,454
101725167738,INV-15076,TS09AB4109,878
779417436136,INV-15077,TS09AB8215,542
882466230956,INV-15078,TS09AB3640,686
142370432134,INV-15079,TS09AB8531,289
173893831137,INV-15080,TS09AB8661,234
175043642609,INV-15081,TS09AB6152,470
803679714024,INV-15082,TS09AB5546,604
484364055532,INV-15083,TS09AB8883,772
629463287400,INV-15084,TS09AB9364,125
350117731527,INV-15087,TS09AB9285,293
761381104297,INV-15088,TS09AB1910,262
139690870688,INV-15089,TS09AB8044,529
700742669803,INV-15090,TS09AB5432,840
443841090578,INV-15091,TS09AB6341,633
567527294613,INV-15092,TS09AB2262,191
502089973415,INV-15093,TS09AB7571,637
620621181678,INV-15094,TS09AB4328,727
394904745680,INV-15095,TS09AB3651,787
806578519426,INV-15098,TS09AB8449,558
336136702773,INV-15100,TS09AB5490,490
901234081592,INV-15101,TS09AB5867,970
118033305530,INV-15102,TS09AB4505,652
729407475187,INV-15104,TS09AB6429,750
936158956339,INV-15105,TS09AB7878,326
341894336716,INV-15106,TS09AB3619,614
730286138230,INV-15107,TS09AB4655,29
574328800070,INV-15109,TS09AB9007,685
172972607423,INV-15110,TS09AB8482,263
684112635683,INV-15111,TS09AB9151,460
805878998243,INV-15116,TS09AB4182,641
865453457203,INV-15117,TS09AB1487,910
858987298569,INV-15118,TS09AB1385,556
831230065202,INV-15119,TS09AB5052,586
951627095049,INV-15120,TS09AB5480,254
764668341223,INV-15121,TS09AB1194,96
381850675540,INV-15122,TS09AB9253,297
953411706019,INV-15123,TS09AB7232,804
970322161207,INV-15124,TS09AB6020,331
158952181673,INV-15126,TS09AB9334,735
420837952614,INV-15127,TS09AB8698,856
207992517155,INV-15128,TS09AB6996,429
938419712186,INV-15130,TS09AB8960,136
383611729246,INV-15131,TS09AB7198,174
473542860592,INV-15132,TS09AB8851,280
803879296225,INV-15133,TS09AB2887,600
342122973581,INV-15134,TS09AB5159,909
852568688337,INV-15135,TS09AB1091,30
249014615809,INV-15136,TS09AB4213,738
263074810661,INV-15137,TS09AB1935,452
767035782726,INV-15138,TS09AB8613,490
916222298964,INV-15139,TS09AB2912,790
317979155610,INV-15140,TS09AB4877,316
715492578582,INV-15141,TS09AB6845,465
373675730854,INV-15143,TS09AB1256,897
816252920068,INV-15144,TS09AB2774,304
621452922998,INV-15145,TS09AB3849,801
813682984305,INV-15147,TS09AB2907,252
929645222151,INV-15148,TS09AB6397,418
205839361825,INV-15149,TS09AB2171,204
975932811782,INV-15150,TS09AB9753,644
502321656757,INV-15151,TS09AB8939,787
722578593987,INV-15152,TS09AB9252,284
179268213054,INV-15154,TS09AB9718,112
186587065402,INV-15156,TS09AB1375,295
188836010985,INV-15158,TS09AB7142,725
330460891916,INV-15160,TS09AB3974,887
682349369649,INV-15161,TS09AB8218,892
549518888598,INV-15162,TS09AB9820,788
735659312619,INV-15163,TS09AB6596,10
132205582401,INV-15164,TS09AB6412,152
893341645657,INV-15165,TS09AB9463,554
371256925250,INV-15166,TS09AB8129,668
894887948999,INV-15168,TS09AB2750,320
783083030415,INV-15169,TS09AB7464,689
881080807178,INV-15170,TS09AB9817,403
177518251300,INV-15171,TS09AB9586,379
145526336307,INV-15172,TS09AB7759,238
873607778772,INV-15173,TS09AB5785,631
935936758305,INV-15175,TS09AB8544,396
746792848199,INV-15176,TS09AB8087,156
671860888122,INV-15177,TS09AB7988,317
988008273742,INV-15178,TS09AB1946,657
341335637016,INV-15179,TS09AB9728,610
797618447817,INV-15180,TS09AB6547,993
273335930245,INV-15181,TS09AB3667,393
657891868109,INV-15182,TS09AB1000,79
987633517399,INV-15183,TS09AB7093,19
347615105112,INV-15184,TS09AB5691,537
375584843048,INV-15185,TS09AB4092,406
902479680289,INV-15186,TS09AB6399,796
182925772694,INV-15188,TS09AB3816,745
737169730897,INV-15189,TS09AB5122,644
445657229545,INV-15190,TS09AB8917,36
178683236179,INV-15192,TS09AB3124,605
551255771677,INV-15193,TS09AB2021,697
390616611356,INV-15194,TS09AB4059,452
704873441957,INV-15195,TS09AB9431,836
485032257490,INV-15196,TS09AB8642,476
708993164703,INV-15198,TS09AB2990,895
989041589361,INV-15199,TS09AB9681,154
186589907868,INV-15200,TS09AB5455,951
753792516851,INV-15201,TS09AB9467,818
996432719532,INV-15202,TS09AB7564,262
787732745797,INV-15203,TS09AB2864,653
644394679984,INV-15204,TS09AB5059,700
783114085292,INV-15205,TS09AB3645,579
978384961146,INV-15206,TS09AB9818,927
169950802072,INV-15207,TS09AB3566,623
734993875063,INV-15208,TS09AB5560,35
763300776470,INV-15209,TS09AB2029,149
227452852340,INV-15211,TS09AB6691,156
203771973712,INV-15212,TS09AB3676,192
337436194005,INV-15213,TS09AB8675,809
571574977372,INV-15214,TS09AB2143,234
473741049205,INV-15215,TS09AB2071,616
448917790957,INV-15218,TS09AB7594,482
789955358913,INV-15219,TS09AB3127,302
795294429771,INV-15221,TS09AB7020,631
917456509001,INV-15222,TS09AB5706,447
479871974507,INV-15223,TS09AB4356,564
196298884004,INV-15224,TS09AB8270,302
218113365807,INV-15225,TS09AB4631,839
342181609363,INV-15226,TS09AB2187,962
385727572290,INV-15227,TS09AB7181,744
194577388661,INV-15230,TS09AB3473,603
216002859899,INV-15231,TS09AB4556,636
920805000235,INV-15232,TS09AB7103,739
736512350723,INV-15234,TS09AB2791,942
167362043601,INV-15235,TS09AB7905,804
950693226070,INV-15236,TS09AB6027,551
529801790108,INV-15237,TS09AB3081,705
658358613853,INV-15238,TS09AB8048,462
213104266962,INV-15239,TS09AB3310,860
849268671572,INV-15241,TS09AB2322,265
102867925264,INV-15242,TS09AB4924,536
897031886677,INV-15243,TS09AB1514,906
508671378685,INV-15244,TS09AB3327,773
527202230878,INV-15245,TS09AB3131,353
277272663445,INV-15246,TS09AB5671,849
908410519346,INV-15247,TS09AB6043,392
168291411080,INV-15248,TS09AB6148,922
189406983202,INV-15249,TS09AB6585,458
766967458374,INV-15250,TS09AB7036,945
566475188218,INV-15251,TS09AB4949,302
822487029888,INV-15252,TS09AB8875,943
812385856158,INV-15253,TS09AB1142,980
346427290631,INV-15254,TS09AB6150,151
192178479016,INV-15255,TS09AB6355,756
236721541313,INV-15256,TS09AB6605,51
756655148500,INV-15258,TS09AB5657,198
106008667103,INV-15259,TS09AB9444,543
478745459075,INV-15260,TS09AB8177,216
780615418201,INV-15261,TS09AB1746,434
358676167468,INV-15262,TS09AB4052,786
949322341522,INV-15263,TS09AB2511,728
756798968293,INV-15264,TS09AB1453,762
743435508408,INV-15265,TS09AB1113,879
991247318787,INV-15266,TS09AB4441,813
688138006121,INV-15267,TS09AB2005,235
673475731067,INV-15269,TS09AB8643,807
424547976046,INV-15270,TS09AB8556,512
681395901695,INV-15271,TS09AB2182,198
114072044273,INV-15272,TS09AB9489,867
422218786769,INV-15273,TS09AB1889,464
928612249751,INV-15274,TS09AB1881,723
505009575733,INV-15275,TS09AB2995,881
287877518605,INV-15276,TS09AB1179,978
857320629765,INV-15277,TS09AB7035,804
418186373724,INV-15278,TS09AB4984,373
408452392650,INV-15279,TS09AB6484,659
140945126679,INV-15280,TS09AB7840,573
300505238019,INV-15281,TS09AB1406,217
795113807813,INV-15282,TS09AB5789,245
944139086361,INV-15283,TS09AB7510,646
554658604565,INV-15284,TS09AB9480,64
741341650925,INV-15285,TS09AB2768,810
551323440295,INV-15286,TS09AB7013,32
493946627790,INV-15287,TS09AB5935,777
760155837922,INV-15288,TS09AB7249,459
625210991299,INV-15289,TS09AB3399,681
840926256516,INV-15291,TS09AB3097,566
869496379980,INV-15292,TS09AB6664,874
255214443860,INV-15293,TS09AB9458,17
766936657921,INV-15294,TS09AB1358,380
702860456838,INV-15295,TS09AB9189,321
431274527150,INV-15296,TS09AB5971,511
977034461552,INV-15298,TS09AB5124,859
824495908861,INV-15301,TS09AB4750,707
985533570400,INV-15302,TS09AB3811,149
363319515389,INV-15303,TS09AB9364,950
699796130298,INV-15305,TS09AB5001,496
541401520842,INV-15306,TS09AB8573,875
827769248711,INV-15307,TS09AB4459,848
793758154842,INV-15309,TS09AB4588,685
992680531293,INV-15310,TS09AB3697,100
919773985102,INV-15312,TS09AB4114,900
949572258928,INV-15313,TS09AB5524,680
300708220949,INV-15315,TS09AB7286,859
766400463062,INV-15316,TS09AB7627,416
115264350431,INV-15317,TS09AB6214,324
638055399537,INV-15318,TS09AB1963,25
204513619653,INV-15319,TS09AB6755,418
655930335951,INV-15320,TS09AB5497,676
918112747289,INV-15321,TS09AB8226,188
143620089564,INV-15322,TS09AB8952,462
849732309512,INV-15324,TS09AB5322,971
907747906639,INV-15325,TS09AB9602,77
279090106214,INV-15326,TS09AB9401,352
517380366469,INV-15329,TS09AB2568,214
204168193430,INV-15330,TS09AB1517,504
587985948407,INV-15331,TS09AB4310,762
157983543300,INV-15333,TS09AB2610,513
481190208211,INV-15334,TS09AB8791,13
762029368393,INV-15335,TS09AB3556,159
997182088441,INV-15336,TS09AB7125,293
213719578443,INV-15339,TS09AB3109,473
567453666405,INV-15340,TS09AB6257,93
801162431962,INV-15341,TS09AB4950,207
941843374348,INV-15343,TS09AB2702,605
271821649050,INV-15344,TS09AB6062,95
327819450928,INV-15345,TS09AB4291,529
494567896087,INV-15346,TS09AB1857,450
188000246063,INV-15347,TS09AB3380,945
791924107326,INV-15349,TS09AB6404,353
424439587833,INV-15350,TS09AB3285,798
436215036345,INV-15351,TS09AB3981,606
298046288791,INV-15352,TS09AB3851,394
859685882331,INV-15353,TS09AB7370,288
944023342046,INV-15354,TS09AB1072,625
238864277990,INV-15355,TS09AB4787,152
495069365476,INV-15356,TS09AB9268,766
572287793204,INV-15358,TS09AB3110,207
229750450648,INV-15359,TS09AB3880,78
420611664513,INV-15360,TS09AB6789,729
693644476031,INV-15361,TS09AB3531,998
680208390889,INV-15362,TS09AB5752,338
114384076321,INV-15364,TS09AB4188,703
804502357844,INV-15365,TS09AB5334,633
982291196553,INV-15366,TS09AB9125,46
680062187661,INV-15367,TS09AB8738,501
759482768648,INV-15369,TS09AB6405,348
207632280411,INV-15370,TS09AB1196,887
263281287055,INV-15371,TS09AB3553,645
669449934969,INV-15372,TS09AB8475,807
426506134091,INV-15374,TS09AB5193,729
392793004626,INV-15375,TS09AB1721,279
407076417705,INV-15376,TS09AB3593,406
201633308965,INV-15377,TS09AB2833,541
823361699705,INV-15378,TS09AB3932,948
239991760152,INV-15379,TS09AB6930,510
134647796377,INV-15381,TS09AB1971,950
825718342853,INV-15382,TS09AB7919,185
811779111346,INV-15383,TS09AB7320,362
115906906414,INV-15384,TS09AB9083,138
323249811816,INV-15385,TS09AB1257,845
168305002194,INV-15387,TS09AB1794,745
885353067474,INV-15388,TS09AB2966,500
583590414489,INV-15389,TS09AB2183,697
342463796772,INV-15390,TS09AB3069,350
515587495382,INV-15391,TS09AB7493,766
655581222026,INV-15392,TS09AB5783,709
652722521080,INV-15393,TS09AB8791,305
339118286299,INV-15394,TS09AB3304,974
784603611266,INV-15395,TS09AB9447,222
595408027579,INV-15396,TS09AB2704,446
138091854633,INV-15397,TS09AB2438,461
818596433176,INV-15399,TS09AB8876,617
187934926722,INV-15400,TS09AB6129,411
523402424190,INV-15401,TS09AB8926,211
179107968023,INV-15402,TS09AB2298,992
608410640443,INV-15403,TS09AB8671,235
555467905912,INV-15404,TS09AB7263,194
268849009708,INV-15405,TS09AB9716,606
475188791650,INV-15407,TS09AB3649,676
684133834280,INV-15408,TS09AB1043,772
800776500101,INV-15409,TS09AB9640,81
490712502080,INV-15410,TS09AB7436,172
575354588203,INV-15411,TS09AB1257,144
907550742745,INV-15414,TS09AB9009,961
502732370636,INV-15415,TS09AB9721,665
696963425148,INV-15416,TS09AB5056,295
355693228692,INV-15417,TS09AB3938,725
521680324340,INV-15418,TS09AB9193,355
841663740862,INV-15419,TS09AB1340,340
954029200147,INV-15420,TS09AB4507,160
850454936868,INV-15421,TS09AB8235,917
732573799679,INV-15422,TS09AB8498,482
221400066337,INV-15423,TS09AB5787,547
466467467534,INV-15425,TS09AB4728,86
718270127325,INV-15427,TS09AB3422,736
882075744777,INV-15428,TS09AB6389,332
977007715657,INV-15429,TS09AB2387,196
165048118498,INV-15430,TS09AB2040,897
522066843558,INV-15431,TS09AB5728,600
918513186419,INV-15432,TS09AB4325,790
480267606750,INV-15433,TS09AB4612,967
794377473624,INV-15434,TS09AB1929,305
884935124087,INV-15435,TS09AB6491,122
710608756840,INV-15437,TS09AB8093,418
474774592047,INV-15438,TS09AB3164,634
287168451728,INV-15439,TS09AB8047,871
980921368943,INV-15440,TS09AB8057,11
785927895525,INV-15441,TS09AB1864,107
214287400062,INV-15442,TS09AB3988,830
446190121316,INV-15443,TS09AB2250,398
650749931421,INV-15444,TS09AB9722,997
190405682617,INV-15445,TS09AB8502,732
169252521865,INV-15446,TS09AB1774,614
493392173510,INV-15447,TS09AB6543,358
183823665718,INV-15448,TS09AB6263,676
157540899993,INV-15449,TS09AB2012,917
417333428216,INV-15451,TS09AB9611,840
261203238542,INV-15452,TS09AB7774,128
398035140160,INV-15454,TS09AB3719,886
254102969181,INV-15455,TS09AB3234,325
273032187303,INV-15456,TS09AB4711,991
324715774869,INV-15457,TS09AB1921,81
462806750524,INV-15459,TS09AB7734,259
769045221269,INV-15460,TS09AB8496,949
146158624809,INV-15462,TS09AB6095,144
185270287293,INV-15463,TS09AB9155,262
256032170492,INV-15464,TS09AB7751,636
484048020755,INV-15465,TS09AB2242,818
925337000938,INV-15466,TS09AB6648,652
100993536423,INV-15467,TS09AB7190,882
692545938559,INV-15469,TS09AB7146,467
417197490454,INV-15470,TS09AB6934,145
515335146556,INV-15471,TS09AB3296,891
423424160947,INV-15472,TS09AB1798,669
503216653945,INV-15473,TS09AB3078,715
817964833136,INV-15475,TS09AB6533,622
449659030827,INV-15476,TS09AB3148,964
366428754999,INV-15478,TS09AB5027,461
153983648972,INV-15479,TS09AB5959,242
658259484484,INV-15480,TS09AB8667,119
884148809336,INV-15482,TS09AB1182,553
563018608223,INV-15483,TS09AB2195,202
940599989810,INV-15484,TS09AB3271,795
608006353172,INV-15485,TS09AB9257,642
243798896709,INV-15488,TS09AB9373,170
551995390492,INV-15489,TS09AB2402,454
770201686654,INV-15490,TS09AB8016,322
305221597184,INV-15491,TS09AB2335,911
244235349920,INV-15492,TS09AB4024,327
944196553530,INV-15493,TS09AB5365,291
674567134505,INV-15494,TS09AB4554,441
391458035424,INV-15496,TS09AB7388,599
125139675010,INV-15497,TS09AB8205,150
708147499606,INV-15498,TS09AB4292,416
729350147927,INV-15499,TS09AB8468,562
471790763707,INV-15500,TS09AB2960,326
562680195094,INV-15501,TS09AB9538,213
751932633958,INV-15502,TS09AB6531,303
341591382640,INV-15504,TS09AB3436,405
332203422083,INV-15505,TS09AB7880,532
113271368767,INV-15506,TS09AB6882,599
473097791460,INV-15507,TS09AB5985,801
529935452971,INV-15508,TS09AB7827,610
598040628553,INV-15509,TS09AB8517,98
148758881470,INV-15510,TS09AB7456,602
546845676454,INV-15512,TS09AB8250,547
119241121056,INV-15514,TS09AB9406,625
774572538984,INV-15515,TS09AB5402,710
500928284076,INV-15516,TS09AB3301,204
868784864761,INV-15518,TS09AB1602,35
697069829582,INV-15519,TS09AB6007,98
291855801781,INV-15520,TS09AB6958,624
602133816925,INV-15522,TS09AB1598,268
706620100516,INV-15523,TS09AB8371,187
219308221571,INV-15526,TS09AB8767,408
495555743531,INV-15528,TS09AB4219,343
330493531380,INV-15529,TS09AB3006,565
256627809231,INV-15530,TS09AB3573,249
647968404098,INV-15531,TS09AB9748,472
401763244812,INV-15532,TS09AB1379,160
380743503447,INV-15533,TS09AB1223,986
614968064598,INV-15535,TS09AB4376,338
180337083870,INV-15537,TS09AB2258,544
106371116528,INV-15538,TS09AB9253,419
537760890441,INV-15539,TS09AB5219,999
108949248524,INV-15541,TS09AB3414,236
906727003461,INV-15542,TS09AB9855,871
755370237325,INV-15543,TS09AB4478,848
792998431655,INV-15544,TS09AB4496,954
401956523134,INV-15545,TS09AB4259,177
979333595314,INV-15546,TS09AB3272,606
808771931555,INV-15547,TS09AB3215,105
793400990844,INV-15548,TS09AB6695,559
565399365475,INV-15549,TS09AB8706,265
747556913876,INV-15550,TS09AB1350,135
298472884899,INV-15551,TS09AB7876,418
861693337704,INV-15554,TS09AB2646,440
555823915619,INV-15556,TS09AB1351,482
748211923872,INV-15557,TS09AB4450,20
633761457521,INV-15558,TS09AB1595,611
575794158987,INV-15559,TS09AB3256,548
896253089209,INV-15560,TS09AB6500,943
598105121622,INV-15561,TS09AB4602,34
554121222951,INV-15562,TS09AB6696,17
514243884145,INV-15563,TS09AB8851,617
210120936534,INV-15564,TS09AB6995,341
228726009777,INV-15565,TS09AB5992,676
164492804408,INV-15566,TS09AB5119,507
834154980100,INV-15567,TS09AB8825,912
555039774281,INV-15568,TS09AB7244,941
406852917521,INV-15569,TS09AB3934,596
524739397647,INV-15570,TS09AB8248,989
950304262438,INV-15571,TS09AB3857,798
762818348343,INV-15572,TS09AB8941,265
929577139962,INV-15573,TS09AB2360,321
851728420741,INV-15574,TS09AB9973,518
859622470902,INV-15575,TS09AB6528,770
665959420577,INV-15576,TS09AB4309,550
170274171179,INV-15577,TS09AB2132,696
542376179335,INV-15578,TS09AB9796,817
183313090613,INV-15579,TS09AB5026,720
384943982565,INV-15580,TS09AB3229,108
844818019370,INV-15582,TS09AB4296,470
722184061069,INV-15583,TS09AB8265,776
382150381199,INV-15585,TS09AB1034,835
623956074873,INV-15587,TS09AB1452,139
280247635416,INV-15588,TS09AB2234,433
376126527795,INV-15591,TS09AB4145,913
635574028618,INV-15592,TS09AB2212,28
550666178596,INV-15593,TS09AB4497,666
858222298409,INV-15595,TS09AB1427,514
146762384513,INV-15596,TS09AB9091,662
342975196373,INV-15597,TS09AB1841,276
510288401533,INV-15598,TS09AB2036,888
276748476424,INV-15599,TS09AB6429,918
206074552511,INV-15600,TS09AB8684,84
910586813298,INV-15601,TS09AB2551,509
415819615066,INV-15603,TS09AB5014,163
170286394160,INV-15604,TS09AB7736,253
677611048363,INV-15605,TS09AB1111,647
219394197620,INV-15607,TS09AB4993,962
920519834474,INV-15608,TS09AB7231,568
304353437322,INV-15609,TS09AB6225,470
871939765090,INV-15610,TS09AB9923,259
990525542335,INV-15611,TS09AB7905,615
302579027437,INV-15612,TS09AB1299,898
848013599299,INV-15613,TS09AB4667,475
866303232323,INV-15614,TS09AB3248,496
462969049045,INV-15615,TS09AB6252,468
264362258029,INV-15616,TS09AB7586,203
223557655231,INV-15617,TS09AB5422,142
548036374747,INV-15618,TS09AB7584,598
387265527977,INV-15620,TS09AB8279,776
905977172906,INV-15621,TS09AB1471,287
874900388811,INV-15622,TS09AB9122,123
913440610440,INV-15623,TS09AB2959,207
162727786307,INV-15624,TS09AB4126,101
454062015437,INV-15625,TS09AB6719,871
173915275448,INV-15626,TS09AB7618,558
644556164805,INV-15627,TS09AB1704,926
915081815540,INV-15628,TS09AB3174,804
550200067136,INV-15629,TS09AB5732,559
621824759107,INV-15630,TS09AB8754,100
632387270250,INV-15632,TS09AB2087,623
709619175200,INV-15633,TS09AB7253,563
880642455357,INV-15635,TS09AB7439,998
157984494622,INV-15636,TS09AB2130,613
740133528040,INV-15637,TS09AB9941,880
947286792008,INV-15638,TS09AB8644,886
535912306042,INV-15639,TS09AB2873,963
754194647711,INV-15640,TS09AB2770,967
140328716983,INV-15642,TS09AB3841,448
629424478991,INV-15643,TS09AB8849,635
500365816645,INV-15644,TS09AB5978,448
540644448433,INV-15645,TS09AB4574,851
778251270907,INV-15646,TS09AB3807,690
644679609709,INV-15647,TS09AB9010,108
758303808694,INV-15649,TS09AB9196,145
802095649147,INV-15650,TS09AB6889,154
321779786270,INV-15651,TS09AB6853,727
139579803286,INV-15652,TS09AB4129,210
836424770488,INV-15653,TS09AB8185,36
624056083154,INV-15654,TS09AB3161,275
147410554219,INV-15655,TS09AB5474,588
993988709079,INV-15656,TS09AB5519,310
657306041541,INV-15657,TS09AB5151,640
385525025164,INV-15658,TS09AB5142,201
405794698671,INV-15659,TS09AB9236,976
875309830699,INV-15660,TS09AB9217,673
913012140500,INV-15661,TS09AB4191,63
779545101062,INV-15662,TS09AB9525,119
292128034884,INV-15664,TS09AB8847,272
601389742219,INV-15665,TS09AB5673,385
197246177241,INV-15666,TS09AB7879,790
326336667665,INV-15667,TS09AB4083,124
566533032337,INV-15669,TS09AB4340,686
483364509114,INV-15670,TS09AB4385,152
448493365746,INV-15671,TS09AB1935,986
154932288230,INV-15672,TS09AB1003,875
274628220941,INV-15673,TS09AB3857,832
904917227909,INV-15675,TS09AB1665,96
543221308893,INV-15676,TS09AB6386,176
798899522849,INV-15677,TS09AB9475,791
216613507897,INV-15678,TS09AB6493,351
386779771605,INV-15679,TS09AB2923,107
237717496055,INV-15680,TS09AB6169,620
993224196172,INV-15681,TS09AB9869,887
475790547052,INV-15683,TS09AB7257,533
669900722567,INV-15684,TS09AB5279,902
353143354420,INV-15685,TS09AB2252,168
806009551533,INV-15686,TS09AB1744,750
747923028128,INV-15687,TS09AB6384,273
688860529059,INV-15688,TS09AB1521,922
146204794413,INV-15689,TS09AB8779,186
642340184889,INV-15690,TS09AB6186,207
609677851640,INV-15691,TS09AB9644,125
532376595850,INV-15692,TS09AB1563,884
807297368301,INV-15694,TS09AB8412,41
814567742578,INV-15696,TS09AB2367,197
653736337808,INV-15697,TS09AB5059,532
465380670127,INV-15698,TS09AB1112,821
328320456158,INV-15699,TS09AB3915,500
330976757375,INV-15700,TS09AB2754,561
487037926072,INV-15701,TS09AB9390,598
358895890350,INV-15702,TS09AB3086,598
361930776362,INV-15703,TS09AB3333,846
851041341572,INV-15704,TS09AB7187,646
280270736674,INV-15705,TS09AB4554,226
679459274729,INV-15707,TS09AB7383,678
595651015615,INV-15708,TS09AB9914,26
757855779896,INV-15709,TS09AB9523,194
716619575098,INV-15711,TS09AB4348,544
615969237210,INV-15712,TS09AB3694,230
102362516175,INV-15713,TS09AB9895,409
670910033141,INV-15714,TS09AB7175,577
684278549254,INV-15715,TS09AB7801,253
854926967187,INV-15716,TS09AB4359,437
911804831923,INV-15718,TS09AB8015,189
559377562138,INV-15719,TS09AB4116,226
144473207989,INV-15720,TS09AB6254,703
510988581550,INV-15721,TS09AB4874,196
856475807656,INV-15722,TS09AB4865,566
824971875822,INV-15723,TS09AB7364,353
318701401153,INV-15724,TS09AB7923,474
305458502392,INV-15725,TS09AB8021,815
203778771362,INV-15726,TS09AB3786,720
435030503016,INV-15727,TS09AB2159,605
657943506793,INV-15729,TS09AB5068,457
577041430257,INV-15730,TS09AB9869,679
327169472442,INV-15731,TS09AB7418,601
331945478628,INV-15732,TS09AB7016,549
171092663677,INV-15733,TS09AB6600,425
734361195383,INV-15734,TS09AB8498,365
817171769587,INV-15735,TS09AB3856,670
931056961114,INV-15736,TS09AB8530,730
344004525242,INV-15737,TS09AB6422,555
752482932878,INV-15738,TS09AB8651,28
205799915113,INV-15739,TS09AB7401,895
939193680873,INV-15740,TS09AB7490,218
842299322276,INV-15741,TS09AB9739,371
193504809226,INV-15742,TS09AB5127,472
183586156137,INV-15743,TS09AB2101,678
129938647968,INV-15744,TS09AB4865,435
698212209726,INV-15745,TS09AB8780,583
936024318430,INV-15746,TS09AB4761,627
649169108874,INV-15747,TS09AB6885,109
939235355144,INV-15748,TS09AB7578,976
184372179901,INV-15749,TS09AB4266,531
246164769467,INV-15750,TS09AB8415,575
990290912105,INV-15751,TS09AB5360,316
558221024856,INV-15752,TS09AB7892,966
479727837449,INV-15753,TS09AB3100,287
295540325830,INV-15754,TS09AB8216,921
836594389295,INV-15755,TS09AB5147,636
454730337181,INV-15756,TS09AB2289,743
733958877451,INV-15757,TS09AB4345,812
842886633469,INV-15761,TS09AB7338,292
155713533071,INV-15762,TS09AB7551,724
666564344183,INV-15763,TS09AB6868,476
977474535743,INV-15764,TS09AB7303,726
331336704266,INV-15765,TS09AB1023,580
239711915188,INV-15766,TS09AB9398,601
666668161276,INV-15767,TS09AB1838,195
483979005324,INV-15768,TS09AB5425,753
430095146571,INV-15769,TS09AB9501,448
615930784770,INV-15771,TS09AB3409,834
356331795973,INV-15772,TS09AB1348,886
432499444787,INV-15773,TS09AB9102,45
289229194160,INV-15774,TS09AB5882,127
769369941712,INV-15775,TS09AB6205,156
312289429023,INV-15777,TS09AB1405,706
562819135716,INV-15778,TS09AB8517,325
382144993633,INV-15779,TS09AB7099,825
195246567509,INV-15782,TS09AB2467,89
852595469463,INV-15783,TS09AB5537,693
370534949664,INV-15784,TS09AB4516,793
863945509005,INV-15785,TS09AB4736,875
823201552818,INV-15786,TS09AB2577,411
657851688101,INV-15787,TS09AB5773,241
128314658640,INV-15788,TS09AB6313,709
924356261903,INV-15789,TS09AB4106,697
583063390432,INV-15790,TS09AB5339,398
216406375888,INV-15791,TS09AB2804,471
404074788213,INV-15792,TS09AB7326,567
319081309909,INV-15793,TS09AB2160,230
637955737855,INV-15794,TS09AB4383,482
321576766120,INV-15795,TS09AB8353,724
911465310450,INV-15796,TS09AB6540,612
543406957673,INV-15797,TS09AB2164,287
312125760357,INV-15798,TS09AB8592,756
828269852347,INV-15799,TS09AB4946,901
475490454173,INV-15800,TS09AB2795,729
402309505679,INV-15801,TS09AB6359,262
575769880743,INV-15802,TS09AB2943,165
161485348455,INV-15804,TS09AB1733,858
410449009315,INV-15805,TS09AB2567,627
678556173501,INV-15806,TS09AB6281,89
452833476915,INV-15807,TS09AB1566,363
224258905007,INV-15808,TS09AB4251,719
459515795692,INV-15809,TS09AB9684,795
634448007424,INV-15811,TS09AB5793,313
972729266109,INV-15812,TS09AB7106,543
382193677434,INV-15813,TS09AB5901,894
124130125942,INV-15815,TS09AB6002,958
259194324502,INV-15816,TS09AB7533,656
618047056439,INV-15817,TS09AB9222,653
252897641480,INV-15818,TS09AB4338,433
175971064220,INV-15819,TS09AB5345,66
693507445488,INV-15820,TS09AB8157,629
419856570490,INV-15821,TS09AB8397,451
407964226988,INV-15822,TS09AB2857,631
554857720640,INV-15823,TS09AB2209,947
770300837672,INV-15824,TS09AB8431,416
374850000369,INV-15826,TS09AB4439,419
210845720544,INV-15827,TS09AB5582,152
640831094536,INV-15828,TS09AB3864,149
630246977470,INV-15829,TS09AB1166,397
941167636491,INV-15831,TS09AB3676,342
981880050367,INV-15832,TS09AB3172,156
190175891042,INV-15833,TS09AB6065,348
434586783453,INV-15834,TS09AB8014,186
350994130606,INV-15835,TS09AB8398,527
823926046989,INV-15838,TS09AB3266,237
410768123534,INV-15839,TS09AB9997,170
891149810596,INV-15840,TS09AB6663,700
548096232002,INV-15842,TS09AB7017,398
898868318590,INV-15843,TS09AB2362,336
487779376518,INV-15844,TS09AB3192,314
227695560476,INV-15845,TS09AB3974,169
134346749319,INV-15846,TS09AB7805,264
883515880169,INV-15848,TS09AB2367,997
123832636222,INV-15849,TS09AB1845,552
728994694087,INV-15850,TS09AB2798,917
696561663432,INV-15851,TS09AB9948,417
438340310430,INV-15852,TS09AB4157,490
570052388770,INV-15853,TS09AB4147,620
784563072701,INV-15856,TS09AB2798,31
847060221783,INV-15859,TS09AB4712,81
921326622860,INV-15860,TS09AB1599,409
410130340698,INV-15862,TS09AB3096,866
288325101782,INV-15863,TS09AB6075,63
659978567204,INV-15864,TS09AB6971,152
561085951114,INV-15865,TS09AB6640,220
581326607648,INV-15866,TS09AB7696,965
697618906678,INV-15867,TS09AB4188,406
888801616911,INV-15869,TS09AB4686,72
334665089080,INV-15870,TS09AB6178,449
464201329875,INV-15871,TS09AB1346,280
687457578086,INV-15872,TS09AB7600,337
529464038636,INV-15873,TS09AB4582,958
803243834914,INV-15874,TS09AB5728,452
159528255605,INV-15876,TS09AB5360,75
269517174457,INV-15877,TS09AB6913,254
595675179372,INV-15878,TS09AB5471,120
581611657479,INV-15879,TS09AB2558,768
222461475717,INV-15880,TS09AB6780,883
693394346735,INV-15881,TS09AB7142,449
458980528616,INV-15882,TS09AB8930,724
630342724385,INV-15883,TS09AB3143,357
846041752992,INV-15884,TS09AB2414,607
887057062524,INV-15885,TS09AB1249,771
632484237964,INV-15886,TS09AB1393,558
623618226290,INV-15887,TS09AB9636,277
975202876658,INV-15888,TS09AB1351,648
374197846129,INV-15889,TS09AB6242,172
905095068743,INV-15890,TS09AB6875,219
683326954649,INV-15891,TS09AB7817,625
722973932012,INV-15892,TS09AB2487,655
716103690132,INV-15893,TS09AB1511,58
890958166052,INV-15894,TS09AB1543,157
917085815098,INV-15895,TS09AB2188,145
753112605207,INV-15896,TS09AB6530,748
590162819419,INV-15897,TS09AB2951,757
104822302246,INV-15898,TS09AB9732,80
154530321222,INV-15899,TS09AB2716,447
507428695433,INV-15900,TS09AB8849,294
402888654131,INV-15902,TS09AB6516,359
879410244213,INV-15903,TS09AB6626,411
354737447453,INV-15904,TS09AB8583,156
540294631161,INV-15905,TS09AB2173,509
328843011553,INV-15907,TS09AB5891,11
147423073977,INV-15908,TS09AB3542,291
268423269879,INV-15909,TS09AB6054,287
986355930054,INV-15910,TS09AB8505,257
662925731464,INV-15911,TS09AB3218,198
723170583675,INV-15912,TS09AB3798,121
635931465831,INV-15913,TS09AB2064,763
998713469669,INV-15914,TS09AB5288,297
119220507803,INV-15916,TS09AB3713,851
471977492044,INV-15917,TS09AB2363,935
213534028331,INV-15918,TS09AB2636,517
979861569600,INV-15920,TS09AB7531,617
828260248460,INV-15921,TS09AB7486,292
730475696777,INV-15922,TS09AB1521,938
104519016703,INV-15923,TS09AB3542,75
516019315197,INV-15924,TS09AB6483,306
194705585278,INV-15926,TS09AB7760,102
875641794469,INV-15927,TS09AB7779,593
950914246066,INV-15928,TS09AB2192,277
818720217744,INV-15929,TS09AB9411,362
876140894244,INV-15931,TS09AB4705,487
125560682553,INV-15933,TS09AB8499,607
516295560821,INV-15934,TS09AB3145,606
515376864199,INV-15935,TS09AB7020,935
454744224254,INV-15936,TS09AB1727,646
830393857168,INV-15937,TS09AB8274,337
309131980845,INV-15938,TS09AB4756,577
541825635859,INV-15939,TS09AB7243,392
260343148835,INV-15941,TS09AB8380,848
210184095280,INV-15942,TS09AB9938,678
801946555479,INV-15943,TS09AB2787,346
787333756578,INV-15944,TS09AB9580,339
595347277778,INV-15945,TS09AB8701,417
483566343516,INV-15946,TS09AB3559,188
305984205199,INV-15947,TS09AB1094,873
720291949252,INV-15948,TS09AB7322,199
667910707248,INV-15949,TS09AB8296,704
808578097535,INV-15950,TS09AB5422,143
734294054851,INV-15952,TS09AB4765,986
873472683207,INV-15953,TS09AB2428,686
866270721369,INV-15955,TS09AB4202,493
989844594876,INV-15956,TS09AB8010,437
470621040264,INV-15958,TS09AB8055,712
365521078591,INV-15959,TS09AB8578,151
126067244934,INV-15960,TS09AB5410,643
415465962435,INV-15961,TS09AB1555,926
429345422608,INV-15962,TS09AB5787,871
355332802345,INV-15963,TS09AB9950,566
779526978763,INV-15964,TS09AB4409,883
654006032013,INV-15966,TS09AB8236,383
292851597286,INV-15967,TS09AB8395,725
184657015276,INV-15968,TS09AB6257,194
591067678004,INV-15969,TS09AB8399,560
687017116615,INV-15971,TS09AB1581,552
617709414924,INV-15973,TS09AB8404,679
243294009609,INV-15974,TS09AB3040,399
749336886146,INV-15975,TS09AB7745,126
396878898247,INV-15978,TS09AB4686,846
160895757322,INV-15979,TS09AB5614,402
432468298214,INV-15980,TS09AB2264,19
926829088842,INV-15981,TS09AB2137,56
951476068632,INV-15982,TS09AB3961,880
804254882985,INV-15983,TS09AB3269,366
858123251919,INV-15984,TS09AB3842,764
208271803813,INV-15985,TS09AB9641,313
861274287551,INV-15986,TS09AB7612,403
453971679018,INV-15987,TS09AB9972,662
787363353582,INV-15988,TS09AB6747,824
298196115544,INV-15989,TS09AB1415,550
197832939659,INV-15990,TS09AB8591,858
691428344643,INV-15991,TS09AB4351,551
936001767950,INV-15992,TS09AB8474,234
877154607067,INV-15993,TS09AB3543,126
126234485261,INV-15994,TS09AB3570,544
721884818921,INV-15996,TS09AB6300,601
880720925384,INV-15997,TS09AB6938,828
574976504690,INV-15998,TS09AB9212,390
424264885299,INV-15999,TS09AB1764,132
