Gstin,payment_gap,payment_gap_pct,avg_delay_days,max_delay_days,ghost_invoice_count,ghost_invoice_pct,KycScore,is_cancelled,shared_contact_flag,self_invoice_flag,fraud_label
27AAAAA7009A1Z0,342277.55,94.29624053173895,31.0,40,1.0,14.285714285714285,38,0,1,0.0,1
27AAAAA5558A1Z1,425412.38999999996,82.9993746352909,19.5,28,1.0,10.0,17,0,1,0.0,1
27AAAAA8421A1Z2,279661.38999999996,84.8623119928003,23.333333333333332,34,2.0,28.57142857142857,14,0,1,0.0,1
27AAAAA2109A1Z3,106062.63,81.84330536279506,25.5,39,0.0,0.0,11,0,1,0.0,1
27AAAAA5043A1Z4,318087.79,91.5108556150394,26.166666666666668,38,0.0,0.0,19,0,1,0.0,1
27AAAAA8681A1Z5,240150.38999999996,90.52416175101602,27.5,38,1.0,20.0,34,0,1,0.0,1
27AAAAA2328A1Z6,264763.83999999997,88.21629511527843,24.666666666666668,38,0.0,0.0,21,0,1,0.0,1
27AAAAA3202A1Z7,239075.99,93.40147442255703,24.833333333333332,38,1.0,16.666666666666664,24,1,1,0.0,1
27AAAAA4453A1Z8,533952.6200000001,98.98903391533608,23.666666666666668,35,1.0,9.090909090909092,20,0,1,0.0,1
27AAAAA3776A1Z9,321153.42999999993,93.71800191093385,24.0,39,2.0,22.22222222222222,26,0,1,0.0,1
27AAAAA7114A1Z10,571642.3999999999,86.28249222771798,25.0,40,2.0,16.666666666666664,18,0,1,0.0,0
27AAAAA8331A1Z11,225506.01,91.43805397109955,21.166666666666668,40,0.0,0.0,38,0,1,0.0,1
27AAAAA4624A1Z12,204014.19,86.6792923552907,23.666666666666668,33,0.0,0.0,29,1,1,0.0,1
27AAAAA8147A1Z13,174092.33000000002,90.20197583672237,26.166666666666668,38,0.0,0.0,14,0,1,0.0,1
27AAAAA8028A1Z14,503675.80000000005,93.30445307218143,21.0,30,3.0,23.076923076923077,30,0,1,0.0,1
27AAAAA1798A1Z15,70083.73999999999,84.80364248992375,29.0,39,0.0,0.0,28,0,1,0.0,1
27AAAAA2239A1Z16,396484.67,86.66394285825324,26.833333333333332,36,1.0,12.5,24,0,1,0.0,1
27AAAAA2285A1Z17,376477.51,96.14460102663541,21.166666666666668,34,2.0,28.57142857142857,32,0,1,0.0,1
27AAAAA3363A1Z18,433568.47,86.23356962970131,24.5,33,1.0,9.090909090909092,11,0,1,0.0,1
27AAAAA8718A1Z19,185699.82,82.1685091471958,23.0,36,0.0,0.0,33,0,1,0.0,1
27AAAAA8744A1Z20,225219.32,98.86986772987434,29.166666666666668,38,1.0,25.0,20,1,1,0.0,1
27AAAAA7096A1Z21,247554.69999999998,95.65917678484927,26.166666666666668,40,1.0,16.666666666666664,22,0,1,0.0,1
27AAAAA7263A1Z22,146924.9,80.22548221867933,27.166666666666668,40,1.0,25.0,24,0,1,0.0,1
27AAAAA3971A1Z23,542167.15,89.28310266612831,22.5,37,1.0,10.0,26,0,1,0.0,1
27AAAAA5726A1Z24,270308.92,96.59669587307006,26.833333333333332,38,1.0,20.0,23,0,1,0.0,1
27AAAAA7649A1Z25,552334.17,98.99397480686616,28.333333333333332,40,3.0,27.27272727272727,32,0,1,0.0,1
27AAAAA7634A1Z26,220076.91,97.47437806948062,28.166666666666668,38,1.0,14.285714285714285,20,0,1,0.0,1
27AAAAA4075A1Z27,425753.33999999997,92.17269947677276,18.0,34,3.0,30.0,24,0,1,0.0,1
27AAAAA9799A1Z28,133542.88999999998,96.45901797541424,26.5,40,1.0,25.0,37,0,1,0.0,1
27AAAAA2726A1Z29,253842.21,89.47758853371465,22.333333333333332,33,1.0,20.0,16,0,1,0.0,0
27AAAAA9800A1Z30,395619.19,81.05955808005447,24.0,36,0.0,0.0,33,0,1,0.0,1
27AAAAA6193A1Z31,403060.94,89.85197776100745,21.333333333333332,37,3.0,42.857142857142854,15,0,1,0.0,1
27AAAAA5512A1Z32,272292.99,86.8394142580148,25.0,36,1.0,16.666666666666664,20,0,1,0.0,1
27AAAAA1559A1Z33,236288.19999999998,83.9060601488418,27.666666666666668,35,2.0,33.33333333333333,24,0,1,0.0,1
27AAAAA5498A1Z34,273383.63,93.34851970908757,29.5,40,0.0,0.0,37,1,1,0.0,1
27AAAAA8867A1Z35,540841.22,82.31143765860924,19.833333333333332,32,3.0,23.076923076923077,26,0,1,0.0,1
27AAAAA4627A1Z36,366234.67,88.78184010653393,21.166666666666668,40,3.0,37.5,28,0,1,0.0,1
27AAAAA9991A1Z37,365934.54,85.96856863862392,19.833333333333332,31,1.0,14.285714285714285,28,0,1,0.0,1
27AAAAA5929A1Z38,419690.68,84.31090994344214,29.333333333333332,40,1.0,11.11111111111111,35,1,1,0.0,1
27AAAAA4780A1Z39,454196.76000000007,85.58076810436663,23.333333333333332,40,0.0,0.0,31,0,1,0.0,1
27AAAAA1856A1Z40,288142.29,88.67095256969542,24.0,39,3.0,33.33333333333333,18,0,1,0.0,1
27AAAAA5925A1Z41,733940.6,98.49703767656905,21.5,27,1.0,8.333333333333332,13,1,1,0.0,1
27AAAAA3860A1Z42,243380.50000000003,85.79640264298064,22.333333333333332,37,2.0,33.33333333333333,15,0,1,0.0,0
27AAAAA6300A1Z43,300396.29000000004,89.8436939685006,22.833333333333332,33,1.0,14.285714285714285,16,0,1,0.0,1
27AAAAA6852A1Z44,244241.32999999996,81.71510930373512,28.666666666666668,35,3.0,37.5,37,0,1,0.0,1
27AAAAA3150A1Z45,574949.3300000001,95.93514979883547,21.0,27,0.0,0.0,35,0,1,0.0,1
27AAAAA7903A1Z46,226522.09,90.19708630103577,20.5,30,0.0,0.0,25,1,1,0.0,1
27AAAAA8895A1Z47,234723.96000000002,94.93454755181232,28.0,38,0.0,0.0,10,0,1,0.0,1
27AAAAA5089A1Z48,384606.07000000007,95.37467645408006,31.0,35,1.0,14.285714285714285,29,0,1,0.0,1
27AAAAA3748A1Z49,505375.47,95.68145933311254,27.333333333333332,37,1.0,11.11111111111111,40,1,1,0.0,1
27AAAAA6757A1Z50,186977.61,81.1435273235812,20.333333333333332,32,0.0,0.0,34,0,1,0.0,1
27AAAAA3630A1Z51,441418.10000000003,96.42065343567717,23.333333333333332,37,0.0,0.0,29,0,1,0.0,1
27AAAAA4535A1Z52,561775.3400000001,97.63291824602985,22.5,37,2.0,20.0,31,0,1,0.0,1
27AAAAA8870A1Z53,328941.36,82.43115727488542,22.333333333333332,32,1.0,14.285714285714285,34,0,1,0.0,1
27AAAAA1550A1Z54,316009.35,94.32270807525941,28.166666666666668,40,2.0,33.33333333333333,36,0,1,0.0,1
27AAAAA8811A1Z55,387130.19000000006,82.77880173482798,26.833333333333332,40,0.0,0.0,13,0,1,0.0,1
27AAAAA6445A1Z56,488536.48000000004,82.22678345285736,27.166666666666668,35,4.0,36.36363636363637,33,0,1,0.0,1
27AAAAA4221A1Z57,441182.72,91.1518123061915,23.333333333333332,34,0.0,0.0,40,0,1,0.0,1
27AAAAA5267A1Z58,392234.45999999996,96.03746571804089,26.333333333333332,32,1.0,16.666666666666664,35,0,1,0.0,0
27AAAAA5597A1Z59,296554.86000000004,94.98008605621666,24.666666666666668,39,1.0,16.666666666666664,16,1,1,0.0,1
27AAAAA6343A1Z60,348916.32,86.14205980793811,26.5,40,0.0,0.0,26,0,1,0.0,1
27AAAAA5878A1Z61,285541.73,91.09863509841904,33.333333333333336,39,1.0,12.5,18,0,1,0.0,1
27AAAAA7993A1Z62,224706.13,94.36311860801273,22.833333333333332,32,0.0,0.0,11,0,1,0.0,1
27AAAAA4729A1Z63,251955.44,87.25296507362941,20.833333333333332,36,1.0,16.666666666666664,35,0,1,0.0,1
27AAAAA6931A1Z64,342552.23000000004,80.15232047354212,28.833333333333332,40,2.0,28.57142857142857,37,0,1,0.0,1
27AAAAA4638A1Z65,324105.53,86.66074802484515,23.833333333333332,39,1.0,12.5,34,0,1,0.0,1
27AAAAA5281A1Z66,415645.26,81.3015111045458,24.666666666666668,34,3.0,27.27272727272727,25,1,1,0.0,1
27AAAAA8645A1Z67,61154.95,83.28023484895631,27.333333333333332,38,0.0,0.0,14,0,1,0.0,1
27AAAAA9320A1Z68,509841.6900000002,83.68077629452135,18.166666666666668,22,0.0,0.0,34,0,1,0.0,1
27AAAAA6091A1Z69,537509.3600000001,93.12091969642935,30.166666666666668,37,2.0,20.0,21,1,1,0.0,1
27AAAAA3141A1Z70,338610.5,94.84610855766876,23.833333333333332,36,1.0,16.666666666666664,34,1,1,0.0,1
27AAAAA9392A1Z71,197848.68,97.54466821279819,26.666666666666668,40,1.0,33.33333333333333,17,0,1,0.0,1
27AAAAA5333A1Z72,377862.29000000004,90.73782012557264,20.0,27,0.0,0.0,10,0,1,0.0,0
27AAAAA9021A1Z73,402353.53,85.6099464203675,24.666666666666668,36,1.0,12.5,30,0,1,0.0,1
27AAAAA6970A1Z74,243162.90999999997,91.13008611645105,28.0,34,1.0,20.0,15,0,1,0.0,1
27AAAAA9596A1Z75,502045.86000000004,98.67249853031697,31.666666666666668,40,1.0,11.11111111111111,10,0,1,0.0,1
27AAAAA9853A1Z76,394110.25,92.08385005998846,23.0,34,1.0,10.0,21,0,1,0.0,1
27AAAAA3638A1Z77,357185.1,81.53781157583438,28.833333333333332,39,2.0,22.22222222222222,39,0,1,0.0,1
27AAAAA9558A1Z78,241432.05,94.4673321021082,29.333333333333332,39,2.0,33.33333333333333,25,0,1,0.0,1
27AAAAA6694A1Z79,614040.51,87.22316993429887,26.0,38,2.0,16.666666666666664,23,1,1,0.0,1
27AAAAA8870A1Z80,240949.32000000007,87.75293365859494,31.5,39,1.0,16.666666666666664,18,0,1,0.0,1
27AAAAA5639A1Z81,301127.54999999993,88.13604748011478,27.5,38,1.0,16.666666666666664,37,0,1,0.0,1
27AAAAA9461A1Z82,360485.16000000003,98.43550193987362,28.5,40,1.0,14.285714285714285,32,0,1,0.0,1
27AAAAA9184A1Z83,108423.88,82.71723961042046,26.333333333333332,39,1.0,33.33333333333333,23,0,1,0.0,1
27AAAAA4511A1Z84,219107.13,88.57950944881364,24.0,38,0.0,0.0,11,0,1,0.0,1
27AAAAA1587A1Z85,184125.41999999998,82.33356283086223,29.0,36,2.0,33.33333333333333,12,1,1,0.0,1
27AAAAA9347A1Z86,438839.48999999993,80.32378518095825,28.833333333333332,37,0.0,0.0,12,1,1,0.0,1
27AAAAA9587A1Z87,535544.5599999999,98.1548820778673,23.5,40,0.0,0.0,11,0,1,0.0,1
27AAAAA8810A1Z88,247060.43,86.06979842297383,31.833333333333332,40,1.0,14.285714285714285,18,0,1,0.0,1
27AAAAA8190A1Z89,280807.82999999996,91.92581570919934,26.333333333333332,38,0.0,0.0,12,0,1,0.0,1
27AAAAA6326A1Z90,404271.76,98.67847285043051,25.666666666666668,36,3.0,37.5,18,0,1,0.0,1
27AAAAA6481A1Z91,414304.42000000004,98.5911327514845,21.333333333333332,38,1.0,11.11111111111111,14,0,1,0.0,1
27AAAAA3487A1Z92,286204.78,85.63582129066049,26.333333333333332,37,1.0,12.5,21,0,1,0.0,1
27AAAAA3241A1Z93,314143.57000000007,90.12725833436713,31.0,38,0.0,0.0,10,0,1,0.0,1
27AAAAA1315A1Z94,420169.54000000004,98.3228283851392,26.5,40,2.0,20.0,10,1,1,0.0,1
27AAAAA8284A1Z95,504976.31999999995,91.05077977831432,26.333333333333332,34,3.0,27.27272727272727,39,0,1,0.0,1
27AAAAA1903A1Z96,68400.9,87.73863568729746,29.5,39,1.0,50.0,34,1,1,0.0,1
27AAAAA7597A1Z97,268802.01,89.32210709939625,29.0,40,4.0,66.66666666666666,29,1,1,0.0,1
27AAAAA7252A1Z98,408887.9999999999,82.83778615202084,28.333333333333332,35,2.0,25.0,26,1,1,0.0,0
27AAAAA1390A1Z99,256034.06999999998,86.53913487049874,24.5,40,0.0,0.0,32,0,1,0.0,1
27AAAAA4135A1Z100,322019.18,84.23513753640762,24.833333333333332,38,2.0,33.33333333333333,22,0,1,0.0,0
27AAAAA3434A1Z101,236486.00999999998,90.42547838290255,30.5,40,1.0,16.666666666666664,18,0,1,0.0,1
27AAAAA3055A1Z102,352764.29,97.02213651554882,21.166666666666668,31,1.0,12.5,38,0,1,0.0,1
27AAAAA4773A1Z103,167692.81,83.94498159188333,28.833333333333332,40,1.0,25.0,16,0,1,0.0,1
27AAAAA4096A1Z104,323845.57,87.36175962290065,23.166666666666668,40,0.0,0.0,30,0,1,0.0,1
27AAAAA3070A1Z105,128120.25000000001,80.62949410062859,30.5,38,1.0,25.0,17,1,1,0.0,1
27AAAAA4596A1Z106,106838.09,91.6966605820559,20.666666666666668,26,0.0,0.0,11,0,1,0.0,1
27AAAAA7966A1Z107,441840.76,92.52015493790823,24.0,33,1.0,9.090909090909092,12,0,1,0.0,1
27AAAAA4078A1Z108,411038.22,82.60377370093377,20.666666666666668,36,1.0,10.0,31,0,1,0.0,1
27AAAAA1361A1Z109,386170.76,96.83377474773606,29.333333333333332,38,3.0,37.5,18,0,1,0.0,1
27AAAAA3249A1Z110,595337.37,95.44196780808075,21.333333333333332,34,1.0,7.6923076923076925,25,0,1,0.0,1
27AAAAA4449A1Z111,311853.71,93.96757068109271,27.666666666666668,39,0.0,0.0,12,1,1,0.0,1
27AAAAA2855A1Z112,473556.67,95.10711464904283,31.5,40,1.0,9.090909090909092,20,0,1,0.0,1
27AAAAA1997A1Z113,456577.09,90.24264412909235,24.333333333333332,35,2.0,18.181818181818183,38,0,1,0.0,1
27AAAAA6749A1Z114,250129.79,89.35312966627849,22.333333333333332,38,1.0,14.285714285714285,17,1,1,0.0,1
27AAAAA8579A1Z115,250138.82,81.14597972392006,22.666666666666668,39,1.0,12.5,16,0,1,0.0,1
27AAAAA8584A1Z116,237902.81000000006,82.95976077184376,27.166666666666668,37,0.0,0.0,24,0,1,0.0,1
27AAAAA7979A1Z117,429951.32000000007,90.91050027749871,23.166666666666668,38,0.0,0.0,19,1,1,0.0,1
27AAAAA4213A1Z118,322158.41,96.36582449452112,22.833333333333332,33,0.0,0.0,10,0,1,0.0,1
27AAAAA1558A1Z119,388759.67,96.62856832659192,24.0,37,1.0,16.666666666666664,32,0,1,0.0,1
27AAAAA7883A1Z120,500130.19000000006,93.09587840599173,15.0,20,1.0,11.11111111111111,16,0,1,0.0,1
27AAAAA5713A1Z121,181300.30000000002,96.52153571312208,26.0,38,0.0,0.0,31,1,1,0.0,1
27AAAAA9685A1Z122,162869.29,96.24104601892601,15.666666666666666,26,0.0,0.0,31,0,1,0.0,1
27AAAAA6273A1Z123,129515.45,86.0947849668651,22.5,35,1.0,33.33333333333333,24,0,1,0.0,1
27AAAAA8541A1Z124,290791.17,88.61844374643957,27.166666666666668,39,2.0,33.33333333333333,24,1,1,0.0,1
27AAAAA5530A1Z125,424279.29000000004,94.22925259518429,22.0,35,1.0,11.11111111111111,36,0,1,0.0,1
27AAAAA7062A1Z126,257396.75,80.70666506881757,28.166666666666668,33,0.0,0.0,16,0,1,0.0,1
27AAAAA6444A1Z127,247171.37999999998,84.8834035070452,22.833333333333332,32,1.0,16.666666666666664,36,0,1,0.0,1
27AAAAA6796A1Z128,343821.92,92.02225415525717,15.666666666666666,24,0.0,0.0,33,0,1,0.0,0
27AAAAA8060A1Z129,461572.20999999996,85.03688033518338,27.5,39,3.0,27.27272727272727,12,0,1,0.0,1
27AAAAA2817A1Z130,206959.71,90.51706458556436,28.333333333333332,37,0.0,0.0,13,0,1,0.0,1
27AAAAA2431A1Z131,112463.37000000001,93.81851608014193,34.166666666666664,39,0.0,0.0,21,0,1,0.0,1
27AAAAA5211A1Z132,296836.13000000006,92.69732946766732,21.166666666666668,38,0.0,0.0,32,0,1,0.0,1
27AAAAA8124A1Z133,453482.24,86.2295601793143,26.666666666666668,34,0.0,0.0,33,1,1,0.0,1
27AAAAA7259A1Z134,260232.36,92.74826553441842,29.833333333333332,38,1.0,16.666666666666664,10,1,1,0.0,1
27AAAAA3185A1Z135,343415.09,88.77894094738117,24.0,39,1.0,12.5,37,0,1,0.0,1
27AAAAA2839A1Z136,367968.35,83.86238029837611,22.0,35,1.0,10.0,15,0,1,0.0,1
27AAAAA3913A1Z137,61787.9,98.95392584497257,29.333333333333332,37,0.0,0.0,13,0,1,0.0,1
27AAAAA1341A1Z138,250759.11000000002,97.77863207223822,20.5,40,1.0,12.5,16,0,1,0.0,1
27AAAAA6401A1Z139,385835.21,94.73747701665664,26.5,36,2.0,28.57142857142857,17,0,1,0.0,1
27AAAAA4587A1Z140,115639.72,85.67357193574733,24.166666666666668,37,1.0,33.33333333333333,39,0,1,0.0,1
27AAAAA2341A1Z141,224827.21999999997,80.75187124652972,29.333333333333332,39,1.0,14.285714285714285,29,1,1,0.0,1
27AAAAA7242A1Z142,343222.68,92.52189695202817,22.5,30,0.0,0.0,38,0,1,0.0,1
27AAAAA6713A1Z143,269567.96,86.16678451012709,24.666666666666668,37,0.0,0.0,33,0,1,0.0,1
27AAAAA9686A1Z144,296529.9,90.29532180063178,26.833333333333332,39,2.0,40.0,37,0,1,0.0,1
27AAAAA3226A1Z145,482981.47,98.70726534395355,23.166666666666668,37,0.0,0.0,16,0,1,0.0,0
27AAAAA7652A1Z146,67931.92,94.10787480418412,22.0,37,1.0,50.0,30,0,1,0.0,1
27AAAAA2211A1Z147,500753.3900000001,85.08829233294851,26.333333333333332,38,1.0,9.090909090909092,29,1,1,0.0,1
27AAAAA8431A1Z148,314342.41000000003,96.57140945373823,27.166666666666668,35,2.0,25.0,23,0,1,0.0,1
27AAAAA9256A1Z149,426969.35000000003,85.44426844730097,20.166666666666668,33,2.0,22.22222222222222,14,1,1,0.0,1
27AAAAA8511A1Z150,182938.44,81.81254936678586,30.5,37,0.0,0.0,13,0,1,0.0,1
27AAAAA7321A1Z151,351297.29,98.84581914131275,23.5,38,2.0,25.0,34,1,1,0.0,1
27AAAAA9200A1Z152,487977.62999999995,95.62354287436932,19.5,33,1.0,12.5,14,0,1,0.0,1
27AAAAA1567A1Z153,274616.94999999995,90.10183799357362,25.833333333333332,32,2.0,28.57142857142857,11,0,1,0.0,1
27AAAAA1376A1Z154,360787.07999999996,86.72112602280751,25.0,31,3.0,37.5,11,0,1,0.0,1
27AAAAA4542A1Z155,297881.80000000005,85.3305892959971,24.0,35,2.0,28.57142857142857,25,1,1,0.0,1
27AAAAA2120A1Z156,349250.12,81.12587107204578,29.5,39,1.0,12.5,15,0,1,0.0,1
27AAAAA5907A1Z157,350547.69,80.10634161216292,29.166666666666668,40,2.0,25.0,33,0,1,0.0,1
27AAAAA8383A1Z158,263856.99,80.11434079758976,31.333333333333332,40,0.0,0.0,17,0,1,0.0,1
27AAAAA3752A1Z159,108729.86000000002,92.89433066186677,20.5,30,0.0,0.0,16,0,1,0.0,1
27AAAAA7215A1Z160,325666.04999999993,96.07676522509354,25.833333333333332,36,1.0,11.11111111111111,17,1,1,0.0,1
27AAAAA3943A1Z161,609093.8500000001,92.87034298594418,23.833333333333332,34,2.0,15.384615384615385,15,0,1,0.0,1
27AAAAA5330A1Z162,567153.18,88.27822975334627,25.666666666666668,38,0.0,0.0,11,1,1,0.0,1
27AAAAA5538A1Z163,281094.8500000001,87.34234045841556,24.5,31,0.0,0.0,25,0,1,0.0,1
27AAAAA6162A1Z164,299137.63,83.96095349681588,22.666666666666668,40,2.0,25.0,35,0,1,0.0,1
27AAAAA3205A1Z165,200019.45000000004,89.16037017925554,19.666666666666668,26,0.0,0.0,37,0,1,0.0,1
27AAAAA3315A1Z166,254892.57000000004,83.33598813109235,28.166666666666668,33,2.0,28.57142857142857,19,0,1,0.0,1
27AAAAA5933A1Z167,188597.23,90.81147698658441,24.0,35,1.0,25.0,15,0,1,0.0,1
27AAAAA9962A1Z168,279566.8,97.07404702226631,22.166666666666668,36,1.0,14.285714285714285,15,0,1,0.0,0
27AAAAA9900A1Z169,152480.04,81.83978888689167,25.833333333333332,40,0.0,0.0,23,0,1,0.0,1
27AAAAA8316A1Z170,140179.55000000002,87.13135712714475,21.666666666666668,33,0.0,0.0,21,0,1,0.0,1
27AAAAA3356A1Z171,420961.88,87.6705215893735,25.833333333333332,35,1.0,12.5,32,0,1,0.0,0
27AAAAA8540A1Z172,262085.11,86.99646895759098,28.166666666666668,35,3.0,50.0,14,0,1,0.0,1
27AAAAA3430A1Z173,408342.89,95.104874892698,28.5,37,0.0,0.0,21,0,1,0.0,1
27AAAAA1905A1Z174,377323.63,93.19386315472863,27.166666666666668,37,1.0,14.285714285714285,31,0,1,0.0,1
27AAAAA6082A1Z175,157935.87,89.25814504697873,27.5,36,0.0,0.0,15,0,1,0.0,1
27AAAAA5546A1Z176,133769.32,82.2669509401862,26.833333333333332,39,1.0,25.0,34,0,1,0.0,1
27AAAAA3767A1Z177,295579.15,92.5831238816064,21.333333333333332,29,1.0,14.285714285714285,18,0,1,0.0,1
27AAAAA4310A1Z178,301221.26,89.16052118164754,26.0,39,0.0,0.0,28,0,1,0.0,1
27AAAAA1913A1Z179,519035.44000000006,85.74684274506431,21.166666666666668,37,2.0,18.181818181818183,38,1,1,0.0,1
27AAAAA1863A1Z180,304802.97000000003,89.08545986018687,33.333333333333336,40,0.0,0.0,12,0,1,0.0,1
27AAAAA7706A1Z181,363013.66,93.57979381512396,26.666666666666668,40,0.0,0.0,20,0,1,0.0,1
27AAAAA7807A1Z182,178354.09,81.41549053613987,16.833333333333332,27,1.0,16.666666666666664,37,1,1,0.0,1
27AAAAA4189A1Z183,699514.33,95.54508941286895,22.0,32,0.0,0.0,34,0,1,0.0,1
27AAAAA8189A1Z184,384875.85000000003,85.79421471299266,24.333333333333332,33,0.0,0.0,39,0,1,0.0,1
27AAAAA3027A1Z185,227723.42,82.53498342348244,24.666666666666668,35,1.0,20.0,19,0,1,0.0,1
27AAAAA6083A1Z186,523926.23999999993,94.83273115121459,21.5,29,2.0,25.0,10,0,1,0.0,1
27AAAAA3290A1Z187,440512.7700000001,93.86049555669199,31.166666666666668,38,0.0,0.0,33,0,1,0.0,1
27AAAAA6679A1Z188,258830.96999999997,80.73181243814837,28.833333333333332,36,0.0,0.0,21,1,1,0.0,1
27AAAAA2716A1Z189,512184.9399999998,93.6315391154148,26.333333333333332,35,4.0,30.76923076923077,33,0,1,0.0,1
27AAAAA3307A1Z190,396707.6600000001,92.3894544376474,25.0,39,0.0,0.0,18,0,1,0.0,1
27AAAAA4118A1Z191,339022.16000000003,98.15270444993826,26.666666666666668,37,2.0,25.0,39,0,1,0.0,1
27AAAAA2337A1Z192,526757.28,89.81566193330319,27.333333333333332,40,2.0,20.0,30,0,1,0.0,1
27AAAAA7979A1Z193,408060.06,96.22285612013448,22.666666666666668,38,2.0,25.0,40,0,1,0.0,1
27AAAAA7594A1Z194,492617.27,83.00236668081669,29.0,38,1.0,11.11111111111111,19,0,1,0.0,1
27AAAAA1231A1Z195,286192.37,85.70408728059041,25.333333333333332,40,0.0,0.0,14,1,1,0.0,1
27AAAAA3397A1Z196,395824.3300000001,89.4885415699933,29.666666666666668,40,2.0,25.0,16,0,1,0.0,1
27AAAAA9467A1Z197,523055.1200000001,87.1240334103281,24.166666666666668,35,1.0,7.6923076923076925,25,0,1,0.0,1
27AAAAA5225A1Z198,512269.8,89.41694914319356,25.666666666666668,40,0.0,0.0,24,1,1,0.0,1
27AAAAA6628A1Z199,588796.8,97.85191282251255,31.166666666666668,39,3.0,30.0,34,0,1,0.0,1
27AAAAA5691A1Z200,415352.92,96.13160441003846,15.0,19,1.0,12.5,10,0,1,0.0,1
27AAAAA5194A1Z201,250166.16,93.976529286101,17.666666666666668,33,0.0,0.0,35,0,1,0.0,1
27AAAAA5522A1Z202,187524.14,92.68643923831736,19.666666666666668,31,0.0,0.0,22,0,1,0.0,1
27AAAAA8371A1Z203,244215.46000000002,88.62707532363619,18.833333333333332,35,1.0,20.0,14,0,1,0.0,1
27AAAAA4080A1Z204,224593.98,88.03775862715743,21.666666666666668,35,0.0,0.0,40,1,1,0.0,1
27AAAAA5825A1Z205,414583.75,83.1875420870016,26.833333333333332,38,0.0,0.0,28,0,1,0.0,0
27AAAAA9844A1Z206,246659.42,84.48140195753726,28.166666666666668,40,1.0,12.5,26,0,1,0.0,1
27AAAAA8619A1Z207,307076.67,83.15613223279074,25.666666666666668,31,0.0,0.0,13,0,1,0.0,1
27AAAAA7339A1Z208,276996.97000000003,85.00955754189567,22.333333333333332,32,0.0,0.0,35,0,1,0.0,0
27AAAAA2353A1Z209,367683.10000000003,87.09696408003008,23.333333333333332,38,1.0,12.5,33,1,1,0.0,1
27AAAAA1681A1Z210,282358.13,98.07544592910914,25.833333333333332,37,2.0,25.0,33,0,1,0.0,1
27AAAAA5120A1Z211,244597.40000000002,93.84840926598291,28.0,36,0.0,0.0,14,0,1,0.0,1
27AAAAA3837A1Z212,500754.0199999999,93.5432091715284,21.5,38,0.0,0.0,40,0,1,0.0,1
27AAAAA5066A1Z213,290033.57,81.60279557950861,27.833333333333332,40,2.0,28.57142857142857,40,0,1,0.0,1
27AAAAA9627A1Z214,271469.49,83.33907102134161,31.166666666666668,40,4.0,57.14285714285714,26,0,1,0.0,1
27AAAAA2217A1Z215,291774.11000000004,96.37578701214761,29.833333333333332,40,2.0,28.57142857142857,11,0,1,0.0,1
27AAAAA7635A1Z216,220048.88000000006,88.05479857477351,25.0,38,0.0,0.0,31,0,1,0.0,1
27AAAAA3498A1Z217,361763.24,90.85076955507881,26.666666666666668,39,1.0,14.285714285714285,31,0,1,0.0,1
27AAAAA7468A1Z218,127020.11999999998,88.93058240164716,16.833333333333332,22,1.0,33.33333333333333,26,0,1,0.0,1
27AAAAA3454A1Z219,253299.84000000003,87.40321804152626,30.333333333333332,37,2.0,33.33333333333333,30,0,1,0.0,1
27AAAAA8606A1Z220,232694.56999999998,83.87504165464411,25.666666666666668,38,1.0,20.0,27,0,1,0.0,1
27AAAAA4768A1Z221,372145.29,96.85178148243891,20.333333333333332,34,0.0,0.0,31,0,1,0.0,1
27AAAAA3784A1Z222,390806.49,80.65798361155232,22.666666666666668,35,2.0,25.0,33,0,1,0.0,1
27AAAAA2822A1Z223,487509.76000000007,88.44214877210014,29.0,40,2.0,18.181818181818183,31,0,1,0.0,1
27AAAAA1331A1Z224,434702.9999999999,83.81444200597366,27.166666666666668,34,1.0,10.0,20,0,1,0.0,1
27AAAAA2443A1Z225,582905.7200000001,93.4811483137876,25.5,37,0.0,0.0,38,0,1,0.0,1
27AAAAA2252A1Z226,449730.98,88.19886880632673,28.0,32,1.0,10.0,27,1,1,0.0,1
27AAAAA6452A1Z227,239140.75999999998,95.70930781466775,25.833333333333332,36,1.0,20.0,12,0,1,0.0,1
27AAAAA1035A1Z228,512705.79,91.25513371075546,23.333333333333332,34,3.0,30.0,13,1,1,0.0,1
27AAAAA8131A1Z229,459001.44,93.34299569271217,28.166666666666668,37,0.0,0.0,22,0,1,0.0,1
27AAAAA8477A1Z230,231302.15999999997,96.43865343544589,27.5,40,0.0,0.0,17,0,1,0.0,1
27AAAAA6581A1Z231,340751.84,80.42504602022555,32.166666666666664,40,1.0,14.285714285714285,31,0,1,0.0,1
27AAAAA8898A1Z232,346260.38,89.15985404950115,23.166666666666668,39,1.0,12.5,37,0,1,0.0,1
27AAAAA1942A1Z233,246433.04,97.03603326409156,29.333333333333332,38,0.0,0.0,33,1,1,0.0,1
27AAAAA1594A1Z234,301862.13,98.91217040691032,22.833333333333332,33,1.0,16.666666666666664,39,0,1,0.0,1
27AAAAA6597A1Z235,434436.5300000001,80.05972166806474,20.333333333333332,37,2.0,22.22222222222222,37,0,1,0.0,1
27AAAAA5079A1Z236,725934.76,94.86756049784749,18.166666666666668,26,1.0,8.333333333333332,33,0,1,0.0,1
27AAAAA7097A1Z237,311656.15,80.14791002986361,32.0,36,2.0,20.0,40,0,1,0.0,0
27AAAAA8812A1Z238,221076.17,97.2273240428937,15.5,32,0.0,0.0,23,0,1,0.0,1
27AAAAA2781A1Z239,388900.63,81.14290715849745,21.833333333333332,35,3.0,37.5,30,0,1,0.0,1
27AAAAA3829A1Z240,462186.6,90.94192912037911,24.5,38,1.0,9.090909090909092,34,0,1,0.0,1
27AAAAA7531A1Z241,287471.03,88.44794639938891,29.666666666666668,39,1.0,16.666666666666664,12,0,1,0.0,1
27AAAAA9377A1Z242,315236.65,90.1904846482571,19.166666666666668,22,0.0,0.0,30,1,1,0.0,1
27AAAAA2617A1Z243,249125.6,82.49236030695396,32.5,39,0.0,0.0,15,0,1,0.0,1
27AAAAA1462A1Z244,230044.88999999996,85.97849305150896,22.0,37,2.0,28.57142857142857,31,0,1,0.0,0
27AAAAA1512A1Z245,321847.10000000003,82.88688358425223,19.666666666666668,30,0.0,0.0,23,0,1,0.0,1
27AAAAA3189A1Z246,202748.63,95.58911367713367,23.333333333333332,36,1.0,20.0,13,0,1,0.0,1
27AAAAA9304A1Z247,392723.93000000005,86.4840379837124,23.666666666666668,34,3.0,33.33333333333333,35,0,1,0.0,1
27AAAAA2220A1Z248,330392.62,81.93932188240453,20.333333333333332,32,2.0,22.22222222222222,16,0,1,0.0,1
27AAAAA3128A1Z249,272900.99000000005,87.5920065795513,32.333333333333336,40,0.0,0.0,29,0,1,0.0,1
27AAAAA5241A1Z250,173323.59,98.81778587521029,27.833333333333332,39,2.0,50.0,19,0,1,0.0,1
27AAAAA3092A1Z251,352918.25999999995,98.08349922918529,24.833333333333332,33,2.0,28.57142857142857,30,1,1,0.0,1
27AAAAA7338A1Z252,381394.95,87.73454175807719,25.833333333333332,38,3.0,33.33333333333333,12,0,1,0.0,1
27AAAAA2308A1Z253,587472.1400000001,86.09861970552465,30.166666666666668,39,2.0,16.666666666666664,28,0,1,0.0,1
27AAAAA1652A1Z254,340322.46,91.87409571201977,24.5,34,0.0,0.0,28,0,1,0.0,1
27AAAAA6199A1Z255,67317.98,96.4742421664993,26.333333333333332,40,0.0,0.0,18,0,1,0.0,1
27AAAAA8478A1Z256,290626.32000000007,80.33203702545852,27.5,38,0.0,0.0,13,0,1,0.0,1
27AAAAA7346A1Z257,237694.18,87.0942091851868,16.0,23,0.0,0.0,19,1,1,0.0,1
27AAAAA8083A1Z258,503049.85000000003,96.67495516206364,24.666666666666668,37,0.0,0.0,22,0,1,0.0,1
27AAAAA5228A1Z259,265128.57,96.00470810525921,28.833333333333332,40,1.0,16.666666666666664,22,1,1,0.0,1
27AAAAA7399A1Z260,192715.34,97.07924546968938,19.333333333333332,26,1.0,20.0,32,0,1,0.0,1
27AAAAA1036A1Z261,245737.11,83.07092137397282,26.5,39,0.0,0.0,11,0,1,0.0,1
27AAAAA4307A1Z262,474628.11,86.99527058591548,33.333333333333336,39,2.0,22.22222222222222,36,0,1,0.0,1
27AAAAA6070A1Z263,303870.58,96.88645217710811,23.5,40,2.0,33.33333333333333,25,0,1,0.0,1
27AAAAA6467A1Z264,334880.14,82.90642451240507,21.333333333333332,32,3.0,30.0,37,1,1,0.0,1
27AAAAA9672A1Z265,236963.59,95.78887814029132,25.5,33,0.0,0.0,18,0,1,0.0,1
27AAAAA2408A1Z266,281678.58,88.55698018672199,24.166666666666668,36,0.0,0.0,18,0,1,0.0,1
27AAAAA5545A1Z267,377873.14,83.96314762374958,25.833333333333332,34,1.0,11.11111111111111,22,0,1,0.0,1
27AAAAA3710A1Z268,223744.8,95.99508631027629,23.5,40,0.0,0.0,12,0,1,0.0,1
27AAAAA2507A1Z269,549503.0300000003,88.20850886850201,23.666666666666668,40,3.0,23.076923076923077,19,0,1,0.0,1
27AAAAA7627A1Z270,223790.38,88.37549653624639,19.5,34,1.0,14.285714285714285,37,0,1,0.0,1
27AAAAA3102A1Z271,349635.96,93.79778708278698,25.166666666666668,39,2.0,28.57142857142857,23,0,1,0.0,1
27AAAAA5800A1Z272,282800.19,83.18769319505125,19.666666666666668,39,1.0,14.285714285714285,22,0,1,0.0,1
27AAAAA3196A1Z273,362236.37,97.8663601251753,21.833333333333332,31,0.0,0.0,31,0,1,0.0,1
27AAAAA5035A1Z274,249916.89,87.47238890864867,24.666666666666668,40,0.0,0.0,24,1,1,0.0,1
27AAAAA7468A1Z275,314698.38000000006,88.34999760805258,24.666666666666668,37,0.0,0.0,15,0,1,0.0,1
27AAAAA9468A1Z276,231845.0,94.9820263583368,26.166666666666668,38,0.0,0.0,32,1,1,0.0,1
27AAAAA1910A1Z277,263613.50000000006,87.05382124083056,28.166666666666668,39,0.0,0.0,11,1,1,0.0,1
27AAAAA6289A1Z278,359060.4,80.53335964992947,24.666666666666668,40,0.0,0.0,36,0,1,0.0,1
27AAAAA8802A1Z279,278423.80000000005,83.44231004433964,26.0,37,2.0,25.0,23,0,1,0.0,1
27AAAAA2602A1Z280,286267.80999999994,97.10797042483867,18.5,27,1.0,12.5,28,1,1,0.0,1
27AAAAA8413A1Z281,306696.7500000001,84.51628450681869,27.0,36,2.0,25.0,19,0,1,0.0,1
27AAAAA4042A1Z282,528242.72,98.46966983321776,23.833333333333332,39,0.0,0.0,35,0,1,0.0,1
27AAAAA3500A1Z283,122676.55,97.59026100083106,21.333333333333332,35,0.0,0.0,25,1,1,0.0,1
27AAAAA1976A1Z284,567961.18,94.66683754532048,24.833333333333332,37,2.0,18.181818181818183,26,0,1,0.0,1
27AAAAA5083A1Z285,217742.94999999998,92.79846529595805,30.0,37,1.0,16.666666666666664,29,0,1,0.0,0
27AAAAA8315A1Z286,541831.54,93.52531454125932,25.333333333333332,36,0.0,0.0,36,0,1,0.0,1
27AAAAA5263A1Z287,303700.76,88.42421084355291,25.666666666666668,40,1.0,14.285714285714285,27,1,1,0.0,1
27AAAAA8948A1Z288,422195.80000000005,97.6822605538033,23.333333333333332,35,2.0,22.22222222222222,28,0,1,0.0,1
27AAAAA2736A1Z289,177634.01,90.2745691663022,22.0,37,2.0,33.33333333333333,23,0,1,0.0,1
27AAAAA1537A1Z290,311388.7200000001,90.4567148939849,26.0,34,1.0,16.666666666666664,24,0,1,0.0,0
27AAAAA6092A1Z291,249692.7,98.85415695466452,26.666666666666668,39,1.0,25.0,24,0,1,0.0,0
27AAAAA5604A1Z292,468532.44,92.87803082552128,35.833333333333336,40,2.0,22.22222222222222,32,0,1,0.0,1
27AAAAA7984A1Z293,294276.66000000003,80.03098693131476,21.333333333333332,38,2.0,25.0,10,0,1,0.0,1
27AAAAA5770A1Z294,158429.19999999998,93.14666826272443,25.666666666666668,40,0.0,0.0,25,0,1,0.0,1
27AAAAA6741A1Z295,455025.75999999995,98.60205158233572,24.333333333333332,36,3.0,33.33333333333333,37,1,1,0.0,1
27AAAAA3693A1Z296,400757.53,91.52011239714658,22.5,34,1.0,12.5,28,0,1,0.0,1
27AAAAA9462A1Z297,367311.80000000005,88.70754672416669,25.5,40,1.0,12.5,17,0,1,0.0,1
27AAAAA9920A1Z298,281561.52,82.99265243686582,30.0,38,2.0,33.33333333333333,13,0,1,0.0,1
27AAAAA2441A1Z299,291533.14,93.45065512040637,25.166666666666668,36,1.0,16.666666666666664,26,0,1,0.0,1
07BBBBB5781B1Z0,242605.69,90.4992254402949,21.0,37,1.0,16.666666666666664,39,1,0,0.0,1
07BBBBB9052B1Z1,158906.81,91.0695908628964,19.166666666666668,31,0.0,0.0,18,0,0,0.0,1
07BBBBB1714B1Z2,100331.66,82.50701047171223,28.833333333333332,40,0.0,0.0,25,1,0,0.0,1
07BBBBB2745B1Z3,0.0,0.0,26.5,39,0.0,0.0,37,0,0,0.0,0
07BBBBB3655B1Z4,152358.29,90.76405774460342,26.166666666666668,40,0.0,0.0,18,0,0,0.0,1
07BBBBB6698B1Z5,127838.46999999999,84.90848517172189,26.0,40,1.0,25.0,25,1,0,0.0,1
07BBBBB7489B1Z6,241924.90000000005,89.94481436747104,27.833333333333332,39,1.0,20.0,35,1,0,0.0,1
07BBBBB9539B1Z7,230616.99,91.5584122463575,27.333333333333332,39,0.0,0.0,14,0,0,0.0,1
07BBBBB5614B1Z8,0.0,0.0,26.333333333333332,36,0.0,0.0,24,0,0,0.0,0
07BBBBB1613B1Z9,244072.9,97.92794206836828,28.5,37,0.0,0.0,34,0,0,0.0,1
07BBBBB6140B1Z10,207884.4,97.12771921955596,18.0,25,0.0,0.0,31,1,0,0.0,1
07BBBBB9639B1Z11,392200.44000000006,97.08783124222998,18.0,28,0.0,0.0,17,0,0,0.0,1
07BBBBB7426B1Z12,368300.7400000001,95.71313104075855,29.333333333333332,36,1.0,16.666666666666664,27,0,0,0.0,0
07BBBBB7903B1Z13,128420.69999999998,82.92964921569526,21.0,37,0.0,0.0,33,0,0,0.0,1
07BBBBB7998B1Z14,20259.64,86.26122884837936,15.666666666666666,22,0.0,0.0,30,0,0,0.0,1
07BBBBB1928B1Z15,63858.200000000004,82.98908440550082,31.833333333333332,38,1.0,100.0,25,1,0,0.0,1
07BBBBB6440B1Z16,111274.81000000001,82.92283695475675,21.0,34,1.0,25.0,14,1,0,0.0,1
07BBBBB8076B1Z17,194675.02000000002,92.60751628070176,25.166666666666668,37,0.0,0.0,21,0,0,0.0,1
07BBBBB2026B1Z18,208842.92,93.07741294939007,28.0,38,0.0,0.0,38,0,0,0.0,1
07BBBBB8723B1Z19,149626.22,94.11630837868282,27.666666666666668,40,1.0,25.0,12,0,0,0.0,1
07BBBBB9925B1Z20,146073.86000000002,98.05534412340992,16.5,34,0.0,0.0,17,0,0,0.0,1
07BBBBB3508B1Z21,169532.52,97.51634120767186,22.5,31,2.0,50.0,20,0,0,0.0,1
07BBBBB6621B1Z22,168041.21000000002,91.93163473664654,24.0,39,3.0,75.0,34,0,0,0.0,1
07BBBBB4212B1Z23,0.0,0.0,23.166666666666668,38,0.0,0.0,16,0,0,0.0,0
07BBBBB6370B1Z24,152770.13,98.84918475535542,22.833333333333332,37,0.0,0.0,31,0,0,0.0,1
07BBBBB5454B1Z25,150046.26,96.39171227747528,18.666666666666668,35,1.0,50.0,17,0,0,0.0,1
07BBBBB7724B1Z26,193999.87,91.2587511438516,18.0,30,0.0,0.0,32,0,0,0.0,1
07BBBBB2478B1Z27,71872.26,94.42108113270731,22.833333333333332,38,0.0,0.0,19,0,0,0.0,1
07BBBBB6394B1Z28,84083.25,90.31389740531586,28.333333333333332,39,1.0,50.0,34,0,0,0.0,1
07BBBBB2041B1Z29,79722.89,89.28882105733082,23.166666666666668,39,2.0,50.0,16,0,0,0.0,1
07BBBBB9997B1Z30,55467.579999999994,80.77606069988002,20.5,36,0.0,0.0,27,1,0,0.0,1
07BBBBB8616B1Z31,83468.19,98.0623484227151,31.0,40,1.0,100.0,26,0,0,0.0,1
07BBBBB9470B1Z32,216916.77000000002,92.64883820547821,23.666666666666668,39,1.0,25.0,27,0,0,0.0,0
07BBBBB6804B1Z33,160795.12,81.69382865682938,25.833333333333332,32,1.0,33.33333333333333,34,0,0,0.0,1
07BBBBB7126B1Z34,52304.97,93.78270764575595,28.5,37,0.0,0.0,37,0,0,0.0,0
07BBBBB7001B1Z35,108692.68000000001,81.00931133199829,25.0,36,0.0,0.0,30,1,0,0.0,0
07BBBBB1986B1Z36,260224.56000000003,83.75790161261553,26.5,40,0.0,0.0,37,0,0,0.0,1
07BBBBB9602B1Z37,37759.94,80.23616157752704,23.0,32,0.0,0.0,35,0,0,0.0,1
07BBBBB8028B1Z38,213203.84,89.32422912944716,30.0,38,0.0,0.0,22,0,0,0.0,1
07BBBBB5882B1Z39,115474.12999999998,85.44694546419998,24.666666666666668,38,2.0,66.66666666666666,14,0,0,0.0,1
07BBBBB6347B1Z40,27361.75,84.94077188093902,20.166666666666668,38,0.0,0.0,17,0,0,0.0,1
07BBBBB3169B1Z41,98099.34,91.50008828278922,29.833333333333332,37,0.0,0.0,36,0,0,0.0,1
07BBBBB4538B1Z42,69376.98999999999,85.17390447095232,29.166666666666668,36,0.0,0.0,13,0,0,0.0,1
07BBBBB2405B1Z43,241022.31000000006,94.33933779601904,22.5,35,1.0,25.0,36,0,0,0.0,1
07BBBBB8411B1Z44,88654.5,98.10225753207831,20.833333333333332,29,0.0,0.0,11,0,0,0.0,1
07BBBBB5776B1Z45,82465.76000000001,95.13397079178098,23.666666666666668,38,0.0,0.0,40,0,0,0.0,1
07BBBBB2306B1Z46,0.0,0.0,16.833333333333332,28,0.0,0.0,14,0,0,0.0,0
07BBBBB6207B1Z47,52950.42,84.70018133213213,19.0,37,1.0,50.0,25,1,0,0.0,0
07BBBBB2286B1Z48,110556.68000000001,86.13710390818332,18.333333333333332,39,0.0,0.0,17,0,0,0.0,1
07BBBBB4526B1Z49,252386.96,96.86244637749508,24.166666666666668,37,0.0,0.0,29,1,0,0.0,1
07BBBBB2452B1Z50,107495.36,96.46117575186207,20.5,33,0.0,0.0,11,0,0,0.0,1
07BBBBB6263B1Z51,118406.23,90.34918504210593,28.0,39,1.0,50.0,16,0,0,0.0,1
07BBBBB5752B1Z52,70474.72,80.66289540141267,30.5,37,0.0,0.0,17,0,0,0.0,1
07BBBBB9645B1Z53,245112.74,88.2782356550551,23.166666666666668,36,1.0,20.0,29,0,0,0.0,1
07BBBBB5830B1Z54,114467.35,89.02894141461374,26.5,34,1.0,25.0,37,1,0,0.0,1
07BBBBB1287B1Z55,302844.33,97.1474367384642,23.166666666666668,36,0.0,0.0,19,1,0,0.0,1
07BBBBB6347B1Z56,172535.37,88.54133801898962,30.5,39,0.0,0.0,12,0,0,0.0,0
07BBBBB9003B1Z57,120500.46,83.92552372983383,26.833333333333332,40,0.0,0.0,23,1,0,0.0,1
07BBBBB6769B1Z58,145720.90000000002,83.74140638720243,25.333333333333332,38,0.0,0.0,29,0,0,0.0,1
07BBBBB5201B1Z59,110059.47,89.8092087767341,25.833333333333332,38,0.0,0.0,23,0,0,0.0,1
07BBBBB5743B1Z60,28339.920000000002,96.84994163014564,27.166666666666668,34,0.0,0.0,14,1,0,0.0,1
07BBBBB1992B1Z61,123539.78,81.31743430070799,23.833333333333332,30,4.0,100.0,11,0,0,0.0,1
07BBBBB7702B1Z62,94410.78,92.90545154963162,26.5,34,0.0,0.0,22,0,0,0.0,1
07BBBBB3114B1Z63,131422.90000000002,98.60055128661052,27.666666666666668,36,0.0,0.0,19,1,0,0.0,1
07BBBBB4153B1Z64,14456.009999999998,89.87138503545489,24.666666666666668,34,0.0,0.0,17,1,0,0.0,1
07BBBBB3499B1Z65,224086.72999999998,96.68628163918021,23.833333333333332,40,0.0,0.0,35,0,0,0.0,1
07BBBBB4090B1Z66,222109.69,91.6085373782203,25.0,37,1.0,16.666666666666664,24,0,0,0.0,1
07BBBBB8040B1Z67,191872.06,87.86480825303951,22.5,39,1.0,25.0,10,0,0,0.0,1
07BBBBB8801B1Z68,68253.57,86.70603655868848,20.333333333333332,33,0.0,0.0,25,0,0,0.0,1
07BBBBB2647B1Z69,149057.19999999998,95.25049830762002,22.833333333333332,38,0.0,0.0,12,0,0,0.0,1
07BBBBB9848B1Z70,238713.65,80.14053233703791,25.333333333333332,37,0.0,0.0,17,1,0,0.0,1
07BBBBB6074B1Z71,205516.87,95.31828964697374,21.5,37,0.0,0.0,14,0,0,0.0,0
07BBBBB3104B1Z72,61706.01,97.45513670423668,23.166666666666668,34,0.0,0.0,21,0,0,0.0,1
07BBBBB5554B1Z73,22594.87,85.17825712106767,27.5,39,1.0,100.0,38,0,0,0.0,1
07BBBBB4410B1Z74,81596.44,89.31503652498562,26.0,39,1.0,33.33333333333333,40,0,0,0.0,1
07BBBBB6850B1Z75,83827.64,96.7998788899306,21.833333333333332,28,0.0,0.0,26,1,0,0.0,1
07BBBBB7380B1Z76,51661.38,93.13350726443585,26.833333333333332,37,1.0,100.0,30,0,0,0.0,1
07BBBBB2519B1Z77,59819.97,92.90456916144498,20.666666666666668,29,0.0,0.0,12,1,0,0.0,0
07BBBBB4060B1Z78,118337.47,80.07046541056512,23.666666666666668,38,0.0,0.0,10,1,0,0.0,1
07BBBBB6409B1Z79,238057.18,88.21592680607537,28.0,39,3.0,50.0,28,0,0,0.0,1
07BBBBB5278B1Z80,154816.94,89.22273828970195,28.166666666666668,37,2.0,50.0,34,1,0,0.0,1
07BBBBB8182B1Z81,103627.79000000001,83.85869068244773,22.666666666666668,38,1.0,33.33333333333333,31,0,0,0.0,1
07BBBBB4868B1Z82,243043.33000000002,90.06581117670868,26.833333333333332,40,1.0,20.0,28,0,0,0.0,1
07BBBBB3075B1Z83,39733.33,96.58741717040819,28.5,36,0.0,0.0,10,0,0,0.0,1
07BBBBB6316B1Z84,44499.520000000004,89.42044277863862,28.0,37,0.0,0.0,10,0,0,0.0,1
07BBBBB2266B1Z85,13330.48,96.01366759003568,19.333333333333332,29,0.0,0.0,30,0,0,0.0,1
07BBBBB2379B1Z86,21981.829999999998,97.01729747670102,13.833333333333334,23,0.0,0.0,30,0,0,0.0,1
07BBBBB4908B1Z87,44973.05,89.64566152994854,30.666666666666668,40,0.0,0.0,12,1,0,0.0,1
07BBBBB2579B1Z88,166332.24,87.95277380900762,26.5,38,2.0,50.0,13,0,0,0.0,1
07BBBBB1746B1Z89,53939.71000000001,82.39798993040434,29.166666666666668,40,0.0,0.0,25,1,0,0.0,1
07BBBBB6666B1Z90,108714.49,89.45321011116063,31.0,39,0.0,0.0,24,1,0,0.0,1
07BBBBB9388B1Z91,319880.62,85.41305266881494,29.333333333333332,36,2.0,33.33333333333333,30,0,0,0.0,1
07BBBBB4504B1Z92,175130.09,81.83260934119247,24.5,39,1.0,25.0,31,0,0,0.0,1
07BBBBB3552B1Z93,0.0,0.0,23.833333333333332,36,0.0,0.0,16,0,0,0.0,0
07BBBBB6023B1Z94,133644.63,98.9979068490415,29.166666666666668,40,0.0,0.0,21,0,0,0.0,1
07BBBBB4208B1Z95,67119.62,82.72773829193123,27.833333333333332,36,0.0,0.0,32,1,0,0.0,1
07BBBBB7770B1Z96,92195.76000000001,96.18161258914553,28.666666666666668,39,1.0,33.33333333333333,32,0,0,0.0,1
07BBBBB5161B1Z97,164270.43999999997,97.6166147585206,25.833333333333332,39,0.0,0.0,22,0,0,0.0,1
07BBBBB4232B1Z98,131942.12,84.08033780966528,22.833333333333332,40,0.0,0.0,32,0,0,0.0,1
07BBBBB8528B1Z99,389656.04000000004,92.40994889084524,25.333333333333332,38,2.0,25.0,23,1,0,0.0,1
07BBBBB6069B1Z100,171977.75999999998,82.8519558191659,25.166666666666668,36,2.0,40.0,23,0,0,0.0,1
07BBBBB5244B1Z101,132731.74,84.52977624708124,23.666666666666668,29,0.0,0.0,10,1,0,0.0,1
07BBBBB1799B1Z102,195090.43,87.28618589200813,25.666666666666668,35,1.0,20.0,24,0,0,0.0,1
07BBBBB2076B1Z103,195310.41,92.79471524967313,26.666666666666668,40,1.0,25.0,30,0,0,0.0,1
07BBBBB6252B1Z104,147450.56,84.05430120956787,27.333333333333332,40,0.0,0.0,32,0,0,0.0,1
07BBBBB6701B1Z105,17437.25,84.89340643237131,22.0,40,0.0,0.0,14,0,0,0.0,1
07BBBBB7489B1Z106,42107.69,91.57667983158187,20.666666666666668,30,0.0,0.0,35,0,0,0.0,1
07BBBBB4149B1Z107,150750.2,88.30626810825262,22.333333333333332,29,0.0,0.0,40,1,0,0.0,0
07BBBBB1903B1Z108,192120.66,94.90070506950889,18.333333333333332,29,1.0,33.33333333333333,33,0,0,0.0,1
07BBBBB4058B1Z109,203332.49,81.20228306091118,25.833333333333332,39,0.0,0.0,20,0,0,0.0,1
07BBBBB7166B1Z110,82954.25,94.04351310425531,27.833333333333332,38,0.0,0.0,35,0,0,0.0,1
07BBBBB1498B1Z111,225921.89,85.02371307025052,26.333333333333332,33,0.0,0.0,25,0,0,0.0,1
07BBBBB4624B1Z112,238481.69,95.94483854583126,23.5,36,1.0,25.0,39,0,0,0.0,1
07BBBBB7867B1Z113,108004.25,85.72938188293526,28.5,40,1.0,25.0,24,0,0,0.0,1
07BBBBB6647B1Z114,98095.28,90.70279369724872,25.666666666666668,40,0.0,0.0,27,0,0,0.0,1
07BBBBB3598B1Z115,104608.26,92.85230406426646,27.166666666666668,36,0.0,0.0,22,0,0,0.0,1
07BBBBB6373B1Z116,42149.34,94.58863733677313,25.166666666666668,37,0.0,0.0,30,0,0,0.0,1
07BBBBB3221B1Z117,68970.86,95.30116007023763,31.333333333333332,38,1.0,33.33333333333333,30,0,0,0.0,1
07BBBBB1786B1Z118,249177.77000000002,83.01432378034849,19.333333333333332,28,1.0,20.0,22,0,0,0.0,1
07BBBBB7773B1Z119,25309.06,87.51679254084414,24.333333333333332,32,0.0,0.0,10,0,0,0.0,1
07BBBBB1439B1Z120,131493.96000000002,80.09037288988719,19.0,37,0.0,0.0,29,0,0,0.0,1
07BBBBB5363B1Z121,212966.56,91.3738468783509,27.333333333333332,39,0.0,0.0,20,0,0,0.0,1
07BBBBB3894B1Z122,48423.87,93.19539387496148,26.333333333333332,38,0.0,0.0,32,0,0,0.0,1
07BBBBB2422B1Z123,354239.64999999997,91.77404370789782,29.833333333333332,40,1.0,16.666666666666664,18,0,0,0.0,1
07BBBBB7555B1Z124,190562.46,86.93245837539584,26.0,39,2.0,40.0,31,0,0,0.0,1
07BBBBB3144B1Z125,87394.4,98.65191534129937,21.166666666666668,28,0.0,0.0,37,0,0,0.0,1
07BBBBB3717B1Z126,54885.46,90.3902103701908,27.166666666666668,35,0.0,0.0,36,1,0,0.0,1
07BBBBB3260B1Z127,100193.81,91.04006800986019,24.5,40,0.0,0.0,23,0,0,0.0,1
07BBBBB6434B1Z128,0.0,0.0,20.666666666666668,29,0.0,0.0,20,0,0,0.0,0
07BBBBB8904B1Z129,186848.72,83.95446433225078,21.333333333333332,34,0.0,0.0,39,0,0,0.0,1
07BBBBB6509B1Z130,132237.38999999998,93.3938903624205,21.666666666666668,34,0.0,0.0,16,0,0,0.0,1
07BBBBB5368B1Z131,33951.78,90.0396206600261,31.5,39,0.0,0.0,31,1,0,0.0,1
07BBBBB3850B1Z132,60095.08000000001,94.97058752414166,21.0,39,0.0,0.0,21,0,0,0.0,1
07BBBBB8879B1Z133,133824.12,93.52563527788497,28.0,39,2.0,66.66666666666666,27,1,0,0.0,1
07BBBBB9068B1Z134,191373.78000000003,89.25187863868413,24.666666666666668,37,0.0,0.0,19,0,0,0.0,1
07BBBBB3283B1Z135,116340.98999999999,84.68234346674073,23.666666666666668,34,0.0,0.0,19,1,0,0.0,1
07BBBBB4188B1Z136,58048.33,80.79455975997828,22.666666666666668,33,0.0,0.0,21,0,0,0.0,1
07BBBBB5227B1Z137,41117.56,96.11746101132697,31.166666666666668,40,0.0,0.0,15,0,0,0.0,1
07BBBBB1737B1Z138,164199.27,89.7436833583919,20.333333333333332,30,0.0,0.0,22,1,0,0.0,1
07BBBBB1842B1Z139,219237.43,92.21648262342059,29.5,40,1.0,25.0,25,0,0,0.0,1
07BBBBB7629B1Z140,195203.24,82.7965039077859,32.0,35,0.0,0.0,34,0,0,0.0,1
07BBBBB5554B1Z141,67302.06,96.04669353322993,32.0,39,0.0,0.0,31,0,0,0.0,1
07BBBBB4393B1Z142,95113.97,88.97363268734804,29.0,40,1.0,50.0,37,0,0,0.0,1
07BBBBB4396B1Z143,149890.96000000002,97.61265042469599,20.166666666666668,28,0.0,0.0,26,0,0,0.0,1
07BBBBB3816B1Z144,152628.3,85.24007274109057,22.5,40,1.0,33.33333333333333,22,0,0,0.0,1
07BBBBB5942B1Z145,24358.7,90.30088555939119,21.333333333333332,35,0.0,0.0,26,0,0,0.0,1
07BBBBB7210B1Z146,69156.29000000001,81.27732356198058,25.833333333333332,38,0.0,0.0,24,0,0,0.0,1
07BBBBB1299B1Z147,334656.48000000004,98.57498066094415,17.666666666666668,23,0.0,0.0,30,0,0,0.0,1
07BBBBB4773B1Z148,136449.79,91.97487171187643,23.833333333333332,31,0.0,0.0,40,0,0,0.0,1
07BBBBB6062B1Z149,244080.97999999998,88.38288610316864,22.0,32,0.0,0.0,21,0,0,0.0,1
07BBBBB9349B1Z150,142132.95,98.98336796367728,31.833333333333332,38,1.0,33.33333333333333,32,0,0,0.0,1
07BBBBB2309B1Z151,73282.28,88.54840594266015,20.333333333333332,31,0.0,0.0,10,1,0,0.0,1
07BBBBB2635B1Z152,130792.72,83.04514281734137,22.166666666666668,31,0.0,0.0,37,0,0,0.0,1
07BBBBB9555B1Z153,214552.98,89.81613463015063,25.833333333333332,39,1.0,25.0,19,0,0,0.0,1
07BBBBB6168B1Z154,76762.29,86.40628563336867,25.166666666666668,40,0.0,0.0,17,0,0,0.0,1
07BBBBB2705B1Z155,140414.33,87.97377170542245,20.666666666666668,31,1.0,25.0,24,0,0,0.0,1
07BBBBB2080B1Z156,41303.950000000004,81.4328082898163,28.5,38,0.0,0.0,36,0,0,0.0,0
07BBBBB1161B1Z157,386930.4000000001,85.04060529208594,22.5,35,1.0,14.285714285714285,20,0,0,0.0,1
07BBBBB8185B1Z158,303865.96,86.39152607469778,20.833333333333332,29,1.0,12.5,12,0,0,0.0,1
07BBBBB7864B1Z159,82089.43,81.4924327362607,18.166666666666668,33,0.0,0.0,14,0,0,0.0,1
07BBBBB6618B1Z160,50173.86,85.76033326530467,22.666666666666668,40,0.0,0.0,20,0,0,0.0,1
07BBBBB1510B1Z161,135807.84000000003,95.05242874681447,21.0,34,1.0,25.0,33,0,0,0.0,1
07BBBBB7317B1Z162,143968.58,90.21234919422477,24.333333333333332,40,1.0,33.33333333333333,11,0,0,0.0,1
07BBBBB8508B1Z163,51890.450000000004,80.31203640863289,24.5,35,0.0,0.0,13,1,0,0.0,1
07BBBBB5879B1Z164,130232.88,93.69034009424078,17.333333333333332,23,1.0,25.0,32,1,0,0.0,1
07BBBBB7506B1Z165,61288.47,83.09631739491084,31.0,40,0.0,0.0,33,0,0,0.0,1
07BBBBB4825B1Z166,91222.47,88.17814596403547,25.0,39,0.0,0.0,18,0,0,0.0,1
07BBBBB5035B1Z167,210553.23,87.9751898310848,25.333333333333332,38,0.0,0.0,40,0,0,0.0,1
07BBBBB5659B1Z168,74501.06,89.54738467662916,30.0,38,1.0,33.33333333333333,38,0,0,0.0,1
07BBBBB8324B1Z169,128830.98999999999,82.51541139441775,23.5,38,0.0,0.0,19,0,0,0.0,1
07BBBBB5309B1Z170,190144.12,97.99107194622367,22.333333333333332,38,0.0,0.0,35,0,0,0.0,0
07BBBBB4655B1Z171,108485.76,86.17998426790383,25.333333333333332,37,0.0,0.0,13,0,0,0.0,1
07BBBBB5227B1Z172,87973.6,86.40019202312449,27.833333333333332,37,1.0,33.33333333333333,23,1,0,0.0,0
07BBBBB8045B1Z173,70532.88,96.31222402512945,20.166666666666668,31,1.0,100.0,39,1,0,0.0,1
07BBBBB6098B1Z174,140390.0,83.12841863327145,24.833333333333332,36,1.0,33.33333333333333,19,0,0,0.0,1
07BBBBB8468B1Z175,65831.5,82.72036880154828,26.166666666666668,37,0.0,0.0,35,1,0,0.0,1
07BBBBB7758B1Z176,31878.969999999994,93.8337076402768,33.5,39,0.0,0.0,20,0,0,0.0,1
07BBBBB9419B1Z177,43954.67,94.51657810217972,32.333333333333336,38,0.0,0.0,11,0,0,0.0,1
07BBBBB3332B1Z178,78825.23000000001,80.83533810198053,27.166666666666668,37,0.0,0.0,16,1,0,0.0,1
07BBBBB6594B1Z179,118054.02,80.60526518468185,19.333333333333332,33,0.0,0.0,36,0,0,0.0,1
07BBBBB6470B1Z180,195337.75999999998,84.33112785089236,22.0,37,1.0,20.0,23,0,0,0.0,1
07BBBBB2732B1Z181,30332.420000000002,85.86295576556444,28.0,40,0.0,0.0,31,1,0,0.0,1
07BBBBB4391B1Z182,190904.38,94.06597731864605,20.5,35,1.0,25.0,39,0,0,0.0,1
07BBBBB3034B1Z183,27883.860000000004,81.7551467386763,22.333333333333332,30,0.0,0.0,28,0,0,0.0,1
07BBBBB9977B1Z184,56873.63,94.7712820184678,26.333333333333332,39,0.0,0.0,35,0,0,0.0,1
07BBBBB5798B1Z185,88945.36,89.25838021357097,25.666666666666668,31,1.0,50.0,27,0,0,0.0,1
07BBBBB9096B1Z186,72968.91,87.30704997311473,21.833333333333332,40,1.0,50.0,40,0,0,0.0,0
07BBBBB3466B1Z187,109942.25,87.86146814036066,16.0,29,0.0,0.0,38,1,0,0.0,1
07BBBBB4265B1Z188,198918.42,95.98151651132112,29.333333333333332,39,0.0,0.0,40,0,0,0.0,1
07BBBBB2465B1Z189,175757.55,97.59857296191974,19.166666666666668,26,1.0,33.33333333333333,37,0,0,0.0,1
07BBBBB7144B1Z190,118572.41,86.60724387635247,28.333333333333332,36,0.0,0.0,40,0,0,0.0,1
07BBBBB6651B1Z191,66201.83,95.61797256215576,28.0,40,0.0,0.0,29,0,0,0.0,1
07BBBBB4657B1Z192,172198.42,93.51032397117336,23.666666666666668,37,0.0,0.0,37,1,0,0.0,1
07BBBBB8784B1Z193,68758.96,94.48063172717495,21.166666666666668,28,0.0,0.0,35,0,0,0.0,1
07BBBBB7949B1Z194,43201.85,85.67975745733995,26.166666666666668,35,1.0,33.33333333333333,31,1,0,0.0,1
07BBBBB5790B1Z195,158493.89,88.9973225653465,26.166666666666668,40,1.0,25.0,36,0,0,0.0,1
07BBBBB3240B1Z196,157857.42,93.22991293969775,25.833333333333332,36,0.0,0.0,23,0,0,0.0,1
07BBBBB3646B1Z197,147943.18,81.94363646343653,21.0,38,1.0,20.0,12,1,0,0.0,1
07BBBBB1734B1Z198,61061.259999999995,83.99251978549749,28.666666666666668,38,0.0,0.0,17,1,0,0.0,1
07BBBBB3812B1Z199,267397.68,82.71616505971438,22.333333333333332,40,1.0,16.666666666666664,16,0,0,0.0,1
07BBBBB5362B1Z200,198074.38,86.12055001670676,25.333333333333332,40,1.0,20.0,30,0,0,0.0,1
07BBBBB5500B1Z201,52126.44,96.68621668243281,23.833333333333332,37,0.0,0.0,28,0,0,0.0,1
07BBBBB1720B1Z202,0.0,0.0,27.666666666666668,40,0.0,0.0,23,0,0,0.0,0
07BBBBB2169B1Z203,84019.41,86.59745967320104,21.166666666666668,29,0.0,0.0,12,1,0,0.0,1
07BBBBB9720B1Z204,60594.05,88.76090211025597,27.833333333333332,38,1.0,33.33333333333333,17,1,0,0.0,1
07BBBBB3059B1Z205,134341.54,85.12090464096865,23.333333333333332,39,0.0,0.0,34,0,0,0.0,1
07BBBBB8234B1Z206,314465.52999999997,88.78097892365444,25.333333333333332,36,0.0,0.0,38,1,0,0.0,1
07BBBBB7821B1Z207,154892.86000000002,90.48651390857601,20.666666666666668,29,1.0,25.0,18,0,0,0.0,1
07BBBBB3900B1Z208,38975.490000000005,96.58144395806721,26.0,35,0.0,0.0,31,0,0,0.0,1
07BBBBB6879B1Z209,137237.28,94.10426855383614,20.166666666666668,32,1.0,33.33333333333333,24,0,0,0.0,1
07BBBBB6279B1Z210,163485.1,94.31800225149226,24.166666666666668,33,0.0,0.0,34,0,0,0.0,1
07BBBBB4256B1Z211,157845.32,86.14973546307688,28.5,39,1.0,25.0,11,0,0,0.0,1
07BBBBB4090B1Z212,144905.34,89.91908883362113,27.166666666666668,40,0.0,0.0,20,0,0,0.0,1
07BBBBB1628B1Z213,127320.31,80.68150868223945,20.0,32,0.0,0.0,11,1,0,0.0,1
07BBBBB9690B1Z214,194775.79,87.81362388528096,21.833333333333332,35,0.0,0.0,12,0,0,0.0,0
07BBBBB7503B1Z215,111154.07,87.5273557264969,24.666666666666668,37,1.0,50.0,28,0,0,0.0,0
07BBBBB7054B1Z216,287062.76999999996,90.16906017361883,27.166666666666668,40,0.0,0.0,10,0,0,0.0,1
07BBBBB2036B1Z217,261359.78,91.02957087789659,22.5,38,0.0,0.0,14,0,0,0.0,1
07BBBBB5287B1Z218,126475.30000000002,86.54827151245509,21.333333333333332,29,1.0,25.0,37,0,0,0.0,1
07BBBBB6542B1Z219,33571.44,94.30691045890973,22.166666666666668,40,0.0,0.0,30,0,0,0.0,1
07BBBBB5892B1Z220,194996.51,82.50200219019234,34.0,39,0.0,0.0,36,0,0,0.0,1
07BBBBB3340B1Z221,0.0,0.0,25.666666666666668,36,0.0,0.0,10,0,0,0.0,0
07BBBBB4324B1Z222,132905.26,87.10211588160007,24.166666666666668,32,1.0,33.33333333333333,37,1,0,0.0,1
07BBBBB5365B1Z223,216090.95,88.43337178975155,26.666666666666668,39,1.0,16.666666666666664,17,0,0,0.0,1
07BBBBB6881B1Z224,25410.23,84.80436933787445,18.666666666666668,26,0.0,0.0,22,0,0,0.0,1
07BBBBB2529B1Z225,54859.99,95.39814298768745,29.166666666666668,40,0.0,0.0,26,0,0,0.0,1
07BBBBB1466B1Z226,0.0,0.0,24.0,34,0.0,0.0,11,0,0,0.0,0
07BBBBB3095B1Z227,48335.97,98.1844518437628,22.666666666666668,35,0.0,0.0,32,1,0,0.0,1
07BBBBB9701B1Z228,176661.11,86.77272001886531,19.166666666666668,40,0.0,0.0,11,0,0,0.0,1
07BBBBB4826B1Z229,235270.18,96.8556418543179,28.0,37,0.0,0.0,19,0,0,0.0,1
07BBBBB5865B1Z230,146688.58000000002,86.32452970359958,28.0,38,0.0,0.0,23,0,0,0.0,1
07BBBBB6840B1Z231,216928.75000000003,86.58470561948475,27.666666666666668,33,3.0,60.0,40,0,0,0.0,1
07BBBBB7014B1Z232,26887.129999999997,81.93211615551394,22.166666666666668,26,0.0,0.0,12,0,0,0.0,1
07BBBBB6646B1Z233,106958.32000000002,80.12514581717097,28.166666666666668,39,0.0,0.0,28,1,0,0.0,1
07BBBBB5385B1Z234,125925.87,94.14435502609632,32.5,40,1.0,25.0,26,0,0,0.0,1
07BBBBB2259B1Z235,136033.98,91.6280987399097,24.666666666666668,36,2.0,50.0,30,0,0,0.0,1
07BBBBB2980B1Z236,50135.41,86.83543334744351,23.5,34,1.0,50.0,17,0,0,0.0,1
07BBBBB8570B1Z237,159873.88,98.4074349330714,24.666666666666668,38,0.0,0.0,20,1,0,0.0,1
07BBBBB8991B1Z238,311248.88,93.58451135735193,27.5,38,3.0,50.0,22,0,0,0.0,1
07BBBBB5838B1Z239,60488.85,89.50404877020223,29.833333333333332,40,0.0,0.0,14,0,0,0.0,1
07BBBBB3076B1Z240,108335.34999999999,82.29693665864501,23.5,35,1.0,25.0,17,0,0,0.0,1
07BBBBB7063B1Z241,220209.55000000002,94.68991901396035,21.333333333333332,38,1.0,25.0,15,0,0,0.0,1
07BBBBB9317B1Z242,0.0,0.0,23.0,33,0.0,0.0,39,0,0,0.0,0
07BBBBB7979B1Z243,194850.66,87.41023266430152,24.166666666666668,40,0.0,0.0,14,0,0,0.0,1
07BBBBB7305B1Z244,129395.07,96.57940626182331,27.5,36,1.0,50.0,40,0,0,0.0,1
07BBBBB5128B1Z245,66979.3,91.6655843591533,25.5,39,0.0,0.0,30,1,0,0.0,1
07BBBBB2829B1Z246,27736.899999999998,81.47540425011925,25.0,37,1.0,100.0,16,0,0,0.0,1
07BBBBB1727B1Z247,101935.7,81.3815780229494,22.5,36,0.0,0.0,25,0,0,0.0,1
07BBBBB1145B1Z248,198420.43000000002,84.49178421163592,25.666666666666668,37,0.0,0.0,27,0,0,0.0,1
07BBBBB9094B1Z249,145330.09,83.6285804596732,22.666666666666668,34,0.0,0.0,29,0,0,0.0,1
07BBBBB2526B1Z250,31890.29,97.17494377982412,23.166666666666668,33,0.0,0.0,22,0,0,0.0,1
07BBBBB9658B1Z251,274491.49,89.22949969955218,26.5,39,2.0,25.0,32,0,0,0.0,1
07BBBBB3189B1Z252,112092.02,81.70472536219418,21.333333333333332,31,0.0,0.0,30,0,0,0.0,1
07BBBBB9438B1Z253,46555.76,86.1651923846427,28.833333333333332,40,1.0,100.0,24,0,0,0.0,1
07BBBBB4916B1Z254,111048.67000000001,95.09234557820008,28.333333333333332,34,0.0,0.0,22,1,0,0.0,1
07BBBBB1722B1Z255,66285.94,95.66851549566945,24.5,31,0.0,0.0,16,0,0,0.0,1
07BBBBB8056B1Z256,0.0,0.0,16.666666666666668,23,0.0,0.0,13,0,0,0.0,0
07BBBBB4823B1Z257,278446.24000000005,85.82251473195953,22.666666666666668,27,1.0,20.0,13,0,0,0.0,0
07BBBBB1792B1Z258,369689.51,89.87848385647159,21.333333333333332,34,1.0,12.5,27,1,0,0.0,1
07BBBBB4692B1Z259,9324.720000000001,80.7084204996023,21.333333333333332,38,0.0,0.0,13,0,0,0.0,1
07BBBBB2083B1Z260,87336.1,87.90105767790746,21.5,28,1.0,33.33333333333333,31,0,0,0.0,1
07BBBBB4325B1Z261,117062.42,90.56754566019366,26.666666666666668,35,0.0,0.0,32,0,0,0.0,1
07BBBBB2227B1Z262,113115.78,89.94260696985793,22.5,34,1.0,50.0,29,1,0,0.0,1
07BBBBB7925B1Z263,78582.34999999999,97.56007779246197,26.666666666666668,40,0.0,0.0,37,0,0,0.0,0
07BBBBB4283B1Z264,80663.49,82.01960210114025,22.666666666666668,34,0.0,0.0,24,0,0,0.0,1
07BBBBB1159B1Z265,216727.22,98.76711556538757,19.833333333333332,37,0.0,0.0,40,0,0,0.0,1
07BBBBB3871B1Z266,54496.58,83.79131363196485,24.5,40,0.0,0.0,25,0,0,0.0,1
07BBBBB9495B1Z267,117975.16,93.78114408150566,20.5,35,0.0,0.0,11,1,0,0.0,1
07BBBBB2723B1Z268,39503.46,84.64340926646304,24.166666666666668,36,0.0,0.0,22,1,0,0.0,1
07BBBBB6442B1Z269,213522.48,82.94989910702472,28.5,39,0.0,0.0,14,0,0,0.0,1
07BBBBB2722B1Z270,63503.97,97.65869083406687,28.5,39,0.0,0.0,34,0,0,0.0,1
07BBBBB9506B1Z271,67663.38,94.31846741679976,18.5,29,1.0,100.0,12,0,0,0.0,1
07BBBBB1795B1Z272,65605.45999999999,92.59844329000857,24.0,34,1.0,50.0,37,0,0,0.0,1
07BBBBB8955B1Z273,8337.939999999999,82.05713138486429,25.5,38,0.0,0.0,15,0,0,0.0,1
07BBBBB2123B1Z274,108706.73,84.37112053666955,14.333333333333334,18,0.0,0.0,11,0,0,0.0,1
07BBBBB1681B1Z275,0.0,0.0,30.833333333333332,40,0.0,0.0,16,0,0,0.0,0
07BBBBB8489B1Z276,8131.140000000001,84.84484856326577,28.5,39,0.0,0.0,20,0,0,0.0,1
07BBBBB4424B1Z277,74310.98999999999,83.08184016836621,20.166666666666668,29,0.0,0.0,26,0,0,0.0,1
07BBBBB7149B1Z278,86490.02,85.21784539502045,23.666666666666668,28,0.0,0.0,11,1,0,0.0,1
07BBBBB8713B1Z279,56168.08,88.67478370475293,31.166666666666668,40,0.0,0.0,27,1,0,0.0,1
07BBBBB3150B1Z280,13932.759999999998,87.11889905526296,27.0,40,0.0,0.0,22,1,0,0.0,1
07BBBBB3698B1Z281,237099.8,92.45349197445692,28.5,39,1.0,16.666666666666664,36,1,0,0.0,1
07BBBBB1713B1Z282,136963.2,90.89407457612901,17.666666666666668,29,0.0,0.0,14,0,0,0.0,1
07BBBBB1288B1Z283,141909.93,88.40798270090849,26.166666666666668,39,0.0,0.0,25,0,0,0.0,1
07BBBBB2316B1Z284,86719.21,94.13530205853377,28.666666666666668,40,0.0,0.0,18,0,0,0.0,1
07BBBBB5545B1Z285,189620.16,83.26867888744673,22.333333333333332,35,1.0,33.33333333333333,34,0,0,0.0,1
07BBBBB9740B1Z286,293503.39,80.75009117639226,26.666666666666668,36,0.0,0.0,31,0,0,0.0,1
07BBBBB8823B1Z287,158279.28999999998,81.7624072349207,23.5,33,1.0,33.33333333333333,21,1,0,0.0,1
07BBBBB6536B1Z288,224852.85,92.37384967052101,25.5,37,0.0,0.0,17,1,0,0.0,1
07BBBBB2159B1Z289,75166.59,81.92017972906153,23.166666666666668,37,1.0,50.0,40,0,0,0.0,1
07BBBBB8430B1Z290,129571.72,88.06056735888136,31.166666666666668,39,1.0,25.0,14,1,0,0.0,1
07BBBBB8631B1Z291,0.0,0.0,27.166666666666668,36,0.0,0.0,20,0,0,0.0,0
07BBBBB4325B1Z292,343699.66000000003,89.77713515941478,30.5,36,2.0,33.33333333333333,30,0,0,0.0,1
07BBBBB7201B1Z293,278372.88,82.64752952443114,31.0,39,0.0,0.0,23,0,0,0.0,1
07BBBBB8250B1Z294,117557.82,90.68959468035028,28.0,40,0.0,0.0,26,0,0,0.0,1
07BBBBB1183B1Z295,209785.88999999998,80.3846314632125,27.5,40,2.0,28.57142857142857,34,1,0,0.0,1
07BBBBB6301B1Z296,156347.63999999998,90.17043767609022,31.0,38,0.0,0.0,14,0,0,0.0,1
07BBBBB8173B1Z297,74796.51000000001,98.06907663000575,28.666666666666668,40,0.0,0.0,11,1,0,0.0,1
07BBBBB3013B1Z298,192715.43,81.65336131329445,22.5,33,1.0,20.0,12,0,0,0.0,1
07BBBBB8084B1Z299,0.0,0.0,25.5,39,0.0,0.0,40,1,0,0.0,1
07BBBBB8798B1Z300,168904.46,97.79046286205616,19.666666666666668,30,0.0,0.0,31,0,0,0.0,1
07BBBBB7862B1Z301,47322.41,95.98576026809738,26.0,38,0.0,0.0,21,0,0,0.0,1
07BBBBB7103B1Z302,152195.6,82.70357881555597,29.5,40,1.0,25.0,12,0,0,0.0,1
07BBBBB4639B1Z303,102893.95,97.23100250585357,17.666666666666668,25,0.0,0.0,33,0,0,0.0,1
07BBBBB4845B1Z304,207201.4,80.2316945578342,24.666666666666668,36,1.0,16.666666666666664,20,0,0,0.0,1
07BBBBB2673B1Z305,205164.05,94.85975773048303,21.5,37,0.0,0.0,16,1,0,0.0,1
07BBBBB7116B1Z306,26159.77,98.03475317585176,22.666666666666668,34,0.0,0.0,27,0,0,0.0,1
07BBBBB7238B1Z307,93129.28000000001,95.60858264339191,25.166666666666668,36,0.0,0.0,13,0,0,0.0,1
07BBBBB6638B1Z308,178851.00999999998,96.8777535321451,32.666666666666664,39,0.0,0.0,24,0,0,0.0,1
07BBBBB6350B1Z309,274037.93,91.04755011166566,25.666666666666668,34,0.0,0.0,23,1,0,0.0,1
07BBBBB1067B1Z310,269592.06,91.72570009678094,23.333333333333332,32,0.0,0.0,40,0,0,0.0,0
07BBBBB3164B1Z311,245645.1,89.86175646235614,25.833333333333332,36,0.0,0.0,27,1,0,0.0,1
07BBBBB3020B1Z312,81667.7,96.84647746741048,19.0,30,0.0,0.0,20,0,0,0.0,1
07BBBBB9602B1Z313,99203.91,98.18210915361648,27.0,31,0.0,0.0,36,0,0,0.0,1
07BBBBB6391B1Z314,116695.52,97.1107405356874,27.0,37,1.0,33.33333333333333,24,0,0,0.0,1
07BBBBB7685B1Z315,86302.12,96.15118382819152,20.0,37,0.0,0.0,34,0,0,0.0,1
07BBBBB2605B1Z316,0.0,0.0,19.5,38,0.0,0.0,28,0,0,0.0,0
07BBBBB4336B1Z317,75561.93999999999,85.55083883183758,26.666666666666668,35,0.0,0.0,17,0,0,0.0,1
07BBBBB4633B1Z318,101284.72,81.56329449137615,23.5,38,1.0,25.0,29,1,0,0.0,1
07BBBBB1318B1Z319,108495.98,97.65756281436661,19.833333333333332,34,0.0,0.0,27,0,0,0.0,1
07BBBBB8200B1Z320,64625.58000000001,89.66270753001818,23.333333333333332,38,0.0,0.0,22,0,0,0.0,1
07BBBBB5795B1Z321,39912.780000000006,98.18888444433293,24.833333333333332,35,1.0,100.0,21,0,0,0.0,1
07BBBBB6853B1Z322,42695.46000000001,85.96916580302431,25.333333333333332,38,1.0,100.0,24,1,0,0.0,1
07BBBBB6112B1Z323,115625.61,92.25950616988426,26.333333333333332,36,1.0,33.33333333333333,20,1,0,0.0,1
07BBBBB7606B1Z324,165742.44,90.60299411865451,32.333333333333336,38,1.0,33.33333333333333,31,0,0,0.0,1
07BBBBB4086B1Z325,227908.79,87.50917150210745,14.166666666666666,20,0.0,0.0,26,0,0,0.0,1
07BBBBB8584B1Z326,184631.53,98.10134061334216,29.333333333333332,40,0.0,0.0,37,0,0,0.0,1
07BBBBB2651B1Z327,192646.2,90.80501970057651,24.666666666666668,39,0.0,0.0,20,0,0,0.0,1
07BBBBB2017B1Z328,273848.36000000004,87.00931543799787,26.333333333333332,40,1.0,14.285714285714285,15,0,0,0.0,0
07BBBBB9078B1Z329,73674.17,91.5492646215484,21.166666666666668,34,1.0,50.0,36,1,0,0.0,1
07BBBBB5594B1Z330,321135.87999999995,97.41428402206577,22.0,33,1.0,16.666666666666664,15,0,0,0.0,1
07BBBBB2029B1Z331,225422.83000000002,97.8243363080521,21.5,29,1.0,20.0,10,1,0,0.0,1
07BBBBB5569B1Z332,247778.57,92.26494812124052,20.833333333333332,30,0.0,0.0,30,0,0,0.0,1
07BBBBB9452B1Z333,251989.63000000003,86.3428675886203,29.166666666666668,36,1.0,20.0,13,0,0,0.0,1
07BBBBB8156B1Z334,181816.74,85.39797593492428,23.166666666666668,38,0.0,0.0,10,0,0,0.0,1
07BBBBB2628B1Z335,70329.85,86.01426790548024,28.333333333333332,39,0.0,0.0,20,0,0,0.0,1
07BBBBB8243B1Z336,33163.840000000004,86.79009357118463,21.0,40,0.0,0.0,10,0,0,0.0,1
07BBBBB3150B1Z337,94497.48,96.55949843308876,26.166666666666668,34,2.0,66.66666666666666,13,0,0,0.0,1
07BBBBB5531B1Z338,118978.39,86.68504626288626,25.0,34,1.0,50.0,39,0,0,0.0,1
07BBBBB6218B1Z339,10317.539999999999,81.57796110839647,26.666666666666668,39,1.0,100.0,15,1,0,0.0,1
07BBBBB7325B1Z340,118604.40999999999,94.86644445068332,21.5,39,1.0,33.33333333333333,23,0,0,0.0,0
07BBBBB6096B1Z341,20022.850000000002,80.66525260704654,26.0,40,1.0,50.0,35,0,0,0.0,1
07BBBBB8684B1Z342,33237.490000000005,86.40356475414589,26.0,38,1.0,100.0,32,0,0,0.0,1
07BBBBB2797B1Z343,83641.09,88.90502305771257,22.0,37,1.0,50.0,40,0,0,0.0,1
07BBBBB1039B1Z344,70522.18999999999,95.45858901643076,26.0,38,0.0,0.0,34,0,0,0.0,1
07BBBBB2450B1Z345,169480.09999999998,98.67661738758059,24.333333333333332,40,1.0,50.0,24,0,0,0.0,1
07BBBBB5082B1Z346,211856.54,81.8796514109958,26.166666666666668,40,0.0,0.0,10,0,0,0.0,1
07BBBBB3812B1Z347,119842.33,95.39774530093248,24.0,37,1.0,33.33333333333333,34,0,0,0.0,1
07BBBBB3762B1Z348,189392.98,94.05375018467548,22.0,37,1.0,20.0,15,0,0,0.0,1
07BBBBB9855B1Z349,91502.63,85.9671211049323,25.333333333333332,33,0.0,0.0,15,0,0,0.0,1
07BBBBB2233B1Z350,126141.97,84.5201492714824,18.833333333333332,26,0.0,0.0,35,0,0,0.0,1
07BBBBB8545B1Z351,354917.91000000003,96.01722314347934,25.666666666666668,38,0.0,0.0,38,1,0,0.0,1
07BBBBB2812B1Z352,134321.86000000002,83.38801198456375,25.666666666666668,40,0.0,0.0,29,0,0,0.0,1
07BBBBB5970B1Z353,55610.659999999996,84.55847648751815,29.333333333333332,39,1.0,50.0,16,0,0,0.0,1
07BBBBB2942B1Z354,116960.09999999999,85.41879236656375,30.333333333333332,37,0.0,0.0,24,1,0,0.0,1
07BBBBB9206B1Z355,155891.82,97.9265493496557,24.833333333333332,34,0.0,0.0,11,0,0,0.0,1
07BBBBB8022B1Z356,246720.91000000003,87.16639290071353,26.333333333333332,36,0.0,0.0,19,0,0,0.0,1
07BBBBB8224B1Z357,86842.67,88.64551590890045,28.833333333333332,39,0.0,0.0,23,0,0,0.0,1
07BBBBB5812B1Z358,114808.15000000001,92.47217191966092,31.0,37,1.0,33.33333333333333,27,0,0,0.0,1
07BBBBB9416B1Z359,144830.74000000002,97.31118665759787,28.5,39,0.0,0.0,32,0,0,0.0,1
07BBBBB5933B1Z360,42792.659999999996,80.0200084334612,20.333333333333332,30,0.0,0.0,29,0,0,0.0,1
07BBBBB9330B1Z361,83573.58,82.5024995498441,24.333333333333332,38,1.0,33.33333333333333,20,0,0,0.0,1
07BBBBB9122B1Z362,237898.41999999998,86.35183331713243,26.333333333333332,37,0.0,0.0,18,0,0,0.0,1
07BBBBB1969B1Z363,190229.66,96.56575460436929,19.166666666666668,30,4.0,80.0,12,0,0,0.0,1
07BBBBB2004B1Z364,168698.50999999998,92.3275257876286,23.833333333333332,38,0.0,0.0,37,0,0,0.0,1
07BBBBB9958B1Z365,156790.76,90.62361914381874,29.333333333333332,40,1.0,33.33333333333333,24,0,0,0.0,1
07BBBBB2942B1Z366,147724.15,97.42016594859892,34.5,37,0.0,0.0,33,1,0,0.0,1
07BBBBB8125B1Z367,144842.02000000002,94.4435630965033,23.666666666666668,37,0.0,0.0,33,1,0,0.0,1
07BBBBB2380B1Z368,59315.18,93.37766036578617,27.666666666666668,40,1.0,50.0,21,0,0,0.0,1
07BBBBB6341B1Z369,251255.58000000002,90.99485645115121,28.0,40,0.0,0.0,29,0,0,0.0,1
07BBBBB5633B1Z370,164378.71000000002,86.00611277102433,21.666666666666668,35,2.0,50.0,38,0,0,0.0,1
07BBBBB3492B1Z371,37042.759999999995,90.32413805883895,25.333333333333332,36,0.0,0.0,37,0,0,0.0,1
07BBBBB6851B1Z372,73049.08,93.99662199808581,26.666666666666668,38,0.0,0.0,20,1,0,0.0,1
07BBBBB2688B1Z373,0.0,0.0,24.333333333333332,33,0.0,0.0,23,0,0,0.0,0
07BBBBB9703B1Z374,0.0,0.0,25.166666666666668,39,0.0,0.0,11,1,0,0.0,0
07BBBBB9128B1Z375,171733.75999999998,80.80238070323492,23.0,39,1.0,33.33333333333333,16,0,0,0.0,1
07BBBBB6677B1Z376,166224.65000000002,80.87433796996008,27.0,40,1.0,25.0,19,0,0,0.0,1
07BBBBB2050B1Z377,69632.53,89.47074382140423,20.333333333333332,35,0.0,0.0,12,0,0,0.0,1
07BBBBB6087B1Z378,110081.71,83.71454877395605,20.333333333333332,26,0.0,0.0,15,0,0,0.0,1
07BBBBB1355B1Z379,184073.67,91.6226958336969,24.0,32,1.0,25.0,19,0,0,0.0,1
07BBBBB8917B1Z380,146234.19,83.75488214886543,26.166666666666668,36,0.0,0.0,28,0,0,0.0,1
07BBBBB5012B1Z381,28090.3,93.77518365918944,29.166666666666668,39,0.0,0.0,30,1,0,0.0,1
07BBBBB5908B1Z382,0.0,0.0,27.666666666666668,35,0.0,0.0,33,0,0,0.0,0
07BBBBB7595B1Z383,0.0,0.0,26.333333333333332,40,0.0,0.0,21,0,0,0.0,0
07BBBBB1303B1Z384,228706.36999999997,84.68650665300068,30.5,38,0.0,0.0,40,0,0,0.0,1
07BBBBB3037B1Z385,152650.81,96.84774783708373,20.5,26,0.0,0.0,12,1,0,0.0,1
07BBBBB1400B1Z386,71849.28000000001,98.36866563108137,21.666666666666668,40,0.0,0.0,37,0,0,0.0,1
07BBBBB6886B1Z387,66307.84999999999,80.65371891869668,31.166666666666668,37,1.0,50.0,12,0,0,0.0,1
07BBBBB1881B1Z388,108186.73999999999,98.46185013926049,27.666666666666668,37,1.0,33.33333333333333,24,0,0,0.0,1
07BBBBB5682B1Z389,149188.05000000002,98.19118921490055,23.833333333333332,37,1.0,33.33333333333333,21,0,0,0.0,1
07BBBBB5954B1Z390,150648.4,89.2034124679332,24.166666666666668,39,0.0,0.0,24,1,0,0.0,1
07BBBBB5425B1Z391,145321.6,86.71381932277922,28.5,36,0.0,0.0,23,0,0,0.0,1
07BBBBB3708B1Z392,140702.69,88.13319546316272,21.0,26,1.0,33.33333333333333,15,0,0,0.0,1
07BBBBB6431B1Z393,33923.16,88.76678777634005,25.0,40,0.0,0.0,24,0,0,0.0,1
07BBBBB6129B1Z394,26249.87,89.82673790789241,21.0,32,0.0,0.0,23,1,0,0.0,1
07BBBBB7075B1Z395,96862.06,83.55744961448882,22.666666666666668,37,0.0,0.0,10,0,0,0.0,1
07BBBBB9968B1Z396,205354.91,94.36939521348366,27.0,40,0.0,0.0,15,0,0,0.0,1
07BBBBB2551B1Z397,131234.22,83.8648897825328,23.333333333333332,40,1.0,33.33333333333333,35,0,0,0.0,1
07BBBBB2831B1Z398,125049.54999999999,89.83433067399768,25.666666666666668,40,1.0,25.0,19,0,0,0.0,1
07BBBBB7446B1Z399,330243.42,97.74978906048402,25.833333333333332,32,1.0,20.0,13,0,0,0.0,1
07BBBBB7801B1Z400,207831.93000000002,93.03455089300343,26.333333333333332,33,2.0,50.0,38,0,0,0.0,1
07BBBBB7026B1Z401,22405.92,84.02723113046393,24.5,31,0.0,0.0,13,0,0,0.0,1
07BBBBB1019B1Z402,171440.73,98.83232047546306,22.666666666666668,36,0.0,0.0,13,0,0,0.0,1
07BBBBB4251B1Z403,7797.81,84.92329708195658,28.0,39,0.0,0.0,20,0,0,0.0,1
07BBBBB5650B1Z404,21151.45,97.56212874735125,25.833333333333332,37,1.0,100.0,14,1,0,0.0,1
07BBBBB6919B1Z405,101078.51000000001,88.66454300201622,19.833333333333332,29,1.0,50.0,27,0,0,0.0,1
07BBBBB9268B1Z406,106137.1,90.83289294921855,22.0,36,0.0,0.0,26,1,0,0.0,1
07BBBBB8883B1Z407,63199.69000000001,88.14143254797351,23.833333333333332,40,1.0,25.0,25,0,0,0.0,1
07BBBBB9296B1Z408,253954.62,93.79866721517912,31.0,40,0.0,0.0,17,0,0,0.0,1
07BBBBB4924B1Z409,202668.46,97.79924688168734,24.333333333333332,40,0.0,0.0,34,0,0,0.0,1
07BBBBB5245B1Z410,329662.73,98.55056593761795,26.666666666666668,38,1.0,16.666666666666664,10,0,0,0.0,1
07BBBBB8656B1Z411,339584.6300000001,86.27839782808441,27.0,40,0.0,0.0,31,0,0,0.0,1
07BBBBB6649B1Z412,95980.49,98.88499953741261,25.0,39,0.0,0.0,37,0,0,0.0,1
07BBBBB7084B1Z413,78188.02,89.43641052020274,16.0,34,0.0,0.0,40,0,0,0.0,1
07BBBBB5857B1Z414,252620.18,92.8399132990049,24.5,37,0.0,0.0,33,0,0,0.0,1
07BBBBB3363B1Z415,156392.49,93.35033178862153,25.166666666666668,33,0.0,0.0,15,1,0,0.0,1
07BBBBB8019B1Z416,30455.42,96.98656346203023,19.833333333333332,31,0.0,0.0,21,0,0,0.0,1
07BBBBB4813B1Z417,0.0,0.0,22.333333333333332,33,0.0,0.0,22,0,0,0.0,0
07BBBBB9760B1Z418,163231.86000000002,95.50989814851114,23.5,36,0.0,0.0,36,0,0,0.0,1
07BBBBB1374B1Z419,96798.36,98.32337521424803,27.333333333333332,33,0.0,0.0,16,0,0,0.0,1
07BBBBB4234B1Z420,120343.96,83.00699176737618,20.333333333333332,28,1.0,50.0,32,0,0,0.0,1
07BBBBB7514B1Z421,151799.96,93.73470983017403,21.0,34,0.0,0.0,22,0,0,0.0,1
07BBBBB6284B1Z422,258559.69,85.07123968120094,28.166666666666668,37,0.0,0.0,33,1,0,0.0,1
07BBBBB1083B1Z423,192565.81,88.5765950769256,28.166666666666668,40,0.0,0.0,31,0,0,0.0,1
07BBBBB3562B1Z424,134161.88999999998,98.27398850307222,22.5,35,1.0,25.0,16,0,0,0.0,1
07BBBBB5207B1Z425,205880.93,84.62680192863397,22.5,38,0.0,0.0,29,0,0,0.0,1
07BBBBB9864B1Z426,226035.99,86.57958530232224,25.166666666666668,39,1.0,25.0,38,0,0,0.0,1
07BBBBB3122B1Z427,259911.65,97.18751417410189,24.0,40,0.0,0.0,32,0,0,0.0,1
07BBBBB2978B1Z428,194408.47999999998,94.99011540013818,27.0,33,0.0,0.0,16,0,0,0.0,1
07BBBBB7728B1Z429,22171.43,89.58975227222861,26.5,35,1.0,50.0,35,0,0,0.0,1
07BBBBB5711B1Z430,127814.54999999999,98.77121880859767,26.333333333333332,37,0.0,0.0,22,0,0,0.0,1
07BBBBB8691B1Z431,93653.43,83.89932020299577,20.333333333333332,33,0.0,0.0,38,0,0,0.0,1
07BBBBB7985B1Z432,180581.43,80.27786912090295,29.5,39,1.0,33.33333333333333,14,0,0,0.0,1
07BBBBB4912B1Z433,90726.05,82.11047684072408,17.0,22,0.0,0.0,39,1,0,0.0,1
07BBBBB8103B1Z434,78808.92,92.07570289739255,25.833333333333332,39,0.0,0.0,27,0,0,0.0,1
07BBBBB9536B1Z435,386286.98,83.29132079281261,26.0,39,2.0,28.57142857142857,24,0,0,0.0,1
07BBBBB9688B1Z436,41831.729999999996,87.25754596371796,22.333333333333332,30,1.0,100.0,37,0,0,0.0,1
07BBBBB8471B1Z437,192801.16,83.8357512714324,22.666666666666668,39,0.0,0.0,20,0,0,0.0,1
07BBBBB4388B1Z438,34361.119999999995,97.85372427222951,28.666666666666668,38,0.0,0.0,21,1,0,0.0,1
07BBBBB9963B1Z439,262703.94,92.88350154588427,21.5,34,0.0,0.0,23,0,0,0.0,1
07BBBBB9254B1Z440,24090.03,93.57440981966847,26.166666666666668,38,0.0,0.0,14,1,0,0.0,1
07BBBBB1268B1Z441,233320.59,96.41702481004774,18.166666666666668,30,2.0,66.66666666666666,18,0,0,0.0,1
07BBBBB8784B1Z442,203890.03000000003,91.95235904285857,24.0,37,1.0,25.0,28,0,0,0.0,1
07BBBBB5190B1Z443,137851.75999999998,88.1551044479166,29.666666666666668,40,2.0,50.0,16,1,0,0.0,1
07BBBBB1141B1Z444,170233.84,87.48214860724963,19.666666666666668,34,0.0,0.0,24,0,0,0.0,1
07BBBBB8777B1Z445,120859.31999999999,98.93724137908451,24.666666666666668,37,0.0,0.0,23,0,0,0.0,1
07BBBBB4803B1Z446,138154.37,93.51456557512482,22.333333333333332,34,0.0,0.0,19,0,0,0.0,1
07BBBBB8966B1Z447,158767.43,87.56095365718633,24.5,40,0.0,0.0,17,1,0,0.0,1
07BBBBB1009B1Z448,49476.729999999996,94.51073707583402,24.333333333333332,38,0.0,0.0,13,0,0,0.0,1
07BBBBB1498B1Z449,96532.06999999999,94.71004757574262,24.666666666666668,39,0.0,0.0,37,0,0,0.0,1
07BBBBB4424B1Z450,44768.71,92.68270011096573,25.0,39,0.0,0.0,15,0,0,0.0,1
07BBBBB5535B1Z451,299155.62,80.0456124322856,29.5,35,2.0,33.33333333333333,10,0,0,0.0,1
07BBBBB2827B1Z452,438176.7400000001,94.34754562996737,20.833333333333332,31,1.0,14.285714285714285,40,0,0,0.0,1
07BBBBB8011B1Z453,254799.45,85.12489382333706,24.333333333333332,39,1.0,20.0,20,1,0,0.0,1
07BBBBB3158B1Z454,198154.55,80.97283759779805,20.666666666666668,34,1.0,20.0,37,1,0,0.0,1
07BBBBB6250B1Z455,168077.31,90.4006699481,22.0,39,0.0,0.0,11,0,0,0.0,1
07BBBBB7057B1Z456,256954.43000000002,90.05069316285385,20.833333333333332,29,0.0,0.0,17,0,0,0.0,1
07BBBBB2980B1Z457,169749.96000000002,81.90506151686763,20.666666666666668,34,2.0,66.66666666666666,31,0,0,0.0,1
07BBBBB3025B1Z458,136284.99,87.003201214987,22.166666666666668,28,1.0,50.0,38,0,0,0.0,1
07BBBBB2928B1Z459,0.0,0.0,23.666666666666668,33,0.0,0.0,30,0,0,0.0,0
07BBBBB5095B1Z460,268725.10000000003,89.46124161603912,23.333333333333332,36,2.0,33.33333333333333,39,1,0,0.0,1
07BBBBB5092B1Z461,159329.43,82.3653087430677,17.5,31,1.0,20.0,13,0,0,0.0,1
07BBBBB3016B1Z462,179269.16,93.8384437496169,27.166666666666668,40,1.0,33.33333333333333,39,0,0,0.0,1
07BBBBB2367B1Z463,331080.68,96.85558186043896,30.0,34,0.0,0.0,40,1,0,0.0,1
07BBBBB1309B1Z464,218528.95,91.60151001327564,29.833333333333332,39,0.0,0.0,35,1,0,0.0,0
07BBBBB3766B1Z465,179538.77,89.82655511100039,26.0,36,1.0,25.0,16,0,0,0.0,1
07BBBBB9613B1Z466,12203.22,81.07105132037867,30.333333333333332,38,0.0,0.0,11,0,0,0.0,1
07BBBBB2877B1Z467,116879.84000000001,85.8546864837889,31.333333333333332,38,0.0,0.0,18,0,0,0.0,1
07BBBBB7927B1Z468,43269.92,92.61606513915874,22.833333333333332,37,0.0,0.0,22,0,0,0.0,1
07BBBBB5662B1Z469,186749.37,91.14873713303724,21.0,31,0.0,0.0,34,0,0,0.0,1
07BBBBB6405B1Z470,268562.43000000005,92.20112434504784,24.666666666666668,37,1.0,16.666666666666664,13,0,0,0.0,1
07BBBBB8654B1Z471,157493.74,97.30753858181012,30.5,40,1.0,33.33333333333333,17,0,0,0.0,1
07BBBBB7024B1Z472,157415.03000000003,82.30928709394391,22.166666666666668,33,1.0,25.0,13,0,0,0.0,1
07BBBBB8854B1Z473,103773.65,80.48989529390731,25.5,39,0.0,0.0,17,0,0,0.0,1
07BBBBB1105B1Z474,163134.66,87.1506913305035,27.5,39,0.0,0.0,22,0,0,0.0,1
07BBBBB5752B1Z475,70043.7,92.74478549995193,21.666666666666668,37,0.0,0.0,29,0,0,0.0,1
07BBBBB4299B1Z476,9217.05,93.59663187995487,28.833333333333332,37,0.0,0.0,16,0,0,0.0,1
07BBBBB5525B1Z477,165267.03,84.67735973020397,32.333333333333336,37,2.0,50.0,24,1,0,0.0,1
07BBBBB7057B1Z478,0.0,0.0,27.0,38,0.0,0.0,36,0,0,0.0,0
07BBBBB9335B1Z479,67327.68000000001,87.34204950452792,21.666666666666668,35,1.0,50.0,10,0,0,0.0,1
07BBBBB3631B1Z480,105272.1,88.28016363245123,24.0,36,1.0,25.0,31,0,0,0.0,1
07BBBBB7776B1Z481,147375.74,94.59965914124673,25.666666666666668,36,0.0,0.0,27,0,0,0.0,1
07BBBBB9351B1Z482,124971.87,94.71266160575007,29.0,40,1.0,33.33333333333333,29,1,0,0.0,1
07BBBBB1959B1Z483,168618.66,85.72731552148038,25.333333333333332,38,0.0,0.0,21,0,0,0.0,1
07BBBBB3565B1Z484,25158.809999999998,94.74330542491332,22.333333333333332,37,0.0,0.0,30,1,0,0.0,1
07BBBBB4697B1Z485,185938.99,96.12756922538304,27.833333333333332,34,0.0,0.0,27,0,0,0.0,1
07BBBBB6030B1Z486,0.0,0.0,24.5,30,0.0,0.0,11,0,0,0.0,0
07BBBBB8689B1Z487,93491.16,85.51696002824613,27.833333333333332,38,0.0,0.0,12,0,0,0.0,1
07BBBBB5182B1Z488,35147.71,88.84975425059388,25.0,38,1.0,100.0,31,0,0,0.0,1
07BBBBB9395B1Z489,209478.36000000002,81.40711836752968,20.0,32,1.0,20.0,15,0,0,0.0,1
07BBBBB9739B1Z490,93970.31999999999,83.60641823209816,18.166666666666668,23,0.0,0.0,34,1,0,0.0,1
07BBBBB4896B1Z491,0.0,0.0,24.166666666666668,38,0.0,0.0,27,0,0,0.0,0
07BBBBB5575B1Z492,131147.47,83.18310295640924,23.666666666666668,37,1.0,33.33333333333333,18,0,0,0.0,1
07BBBBB7487B1Z493,181912.63,86.76325097406331,25.333333333333332,36,0.0,0.0,35,0,0,0.0,1
07BBBBB7283B1Z494,144603.27999999997,97.47129734252489,27.833333333333332,37,0.0,0.0,16,1,0,0.0,0
07BBBBB4561B1Z495,316492.5,83.49126042105759,21.333333333333332,37,2.0,25.0,15,0,0,0.0,1
07BBBBB7941B1Z496,184351.22,82.04810475028012,28.166666666666668,40,0.0,0.0,31,1,0,0.0,1
07BBBBB5482B1Z497,110916.59999999998,80.51516768748587,22.166666666666668,35,0.0,0.0,36,1,0,0.0,1
07BBBBB1539B1Z498,177963.80000000002,85.4342184486541,19.333333333333332,32,0.0,0.0,27,0,0,0.0,1
07BBBBB2404B1Z499,84869.68000000001,97.97658596661071,22.666666666666668,40,0.0,0.0,39,1,0,0.0,1
11ABCDE3573F1Z0,4736.010000000009,1.0000003378372404,0.3333333333333333,5,4.0,44.44444444444444,99,0,0,0.0,1
33ABCDE6274F1Z1,5053.289999999979,0.9999997625309974,-1.0,3,2.0,18.181818181818183,93,0,0,0.0,0
18ABCDE1814F1Z2,4017.4199999999837,1.0000006720735692,-0.5,5,0.0,0.0,93,0,0,0.0,0
22ABCDE6648F1Z3,4414.919999999984,1.0000010192720525,3.6666666666666665,5,0.0,0.0,80,0,0,0.0,0
14ABCDE8703F1Z4,7741.289999999921,0.9999997933161336,1.3333333333333333,5,2.0,11.76470588235294,91,0,0,0.0,0
20ABCDE8432F1Z5,4364.020000000019,1.0000002978905702,-1.5,-1,1.0,11.11111111111111,80,0,0,0.0,0
27ABCDE2814F1Z6,4938.870000000112,1.0000009516356136,1.6666666666666667,5,2.0,20.0,87,0,0,0.0,0
25ABCDE1216F1Z7,3155.1600000000326,0.9999995562826145,1.5,4,2.0,28.57142857142857,82,0,0,0.0,0
32ABCDE7693F1Z8,3711.990000000049,0.999999973060286,-0.16666666666666666,5,0.0,0.0,77,0,0,0.0,0
35ABCDE9331F1Z9,4520.130000000121,0.9999998893837512,0.0,5,1.0,12.5,82,0,0,0.0,0
26ABCDE7298F1Z10,5553.489999999991,0.9999999099665319,-2.5,2,4.0,30.76923076923077,94,0,0,0.0,1
16ABCDE2783F1Z11,1444.4399999999732,1.0000007615413662,0.8333333333333334,4,2.0,50.0,80,0,0,0.0,1
12ABCDE9263F1Z12,7080.269999999902,1.0000005931980551,-0.16666666666666666,5,3.0,25.0,74,0,0,0.0,0
18ABCDE3334F1Z13,5174.950000000012,1.000000347829571,3.3333333333333335,5,1.0,12.5,74,0,0,0.0,0
26ABCDE1891F1Z14,5757.319999999949,1.0000004689684114,0.0,4,2.0,18.181818181818183,100,0,0,0.0,0
30ABCDE7513F1Z15,3556.25,1.0000012653794572,0.5,5,2.0,28.57142857142857,90,0,0,0.0,0
24ABCDE5728F1Z16,4261.090000000026,1.000000821386758,1.0,5,1.0,9.090909090909092,84,0,0,0.0,0
30ABCDE6530F1Z17,2716.3300000000163,0.9999989691984783,-2.5,2,2.0,33.33333333333333,83,0,0,0.0,1
35ABCDE4671F1Z18,5354.439999999944,0.9999999252956377,-2.8333333333333335,-1,2.0,16.666666666666664,99,0,0,0.0,0
17ABCDE6687F1Z19,3555.4199999999837,0.9999998031175281,-2.1666666666666665,1,1.0,11.11111111111111,79,0,0,0.0,0
31ABCDE8067F1Z20,5402.650000000023,1.0000005737928241,-0.6666666666666666,3,3.0,27.27272727272727,81,0,0,0.0,0
26ABCDE4287F1Z21,2449.3000000000175,0.9999984077108673,1.5,5,0.0,0.0,85,0,0,0.0,1
36ABCDE7412F1Z22,5945.939999999944,0.9999993777270283,-1.0,1,1.0,9.090909090909092,77,0,0,0.0,0
23ABCDE9697F1Z23,4760.249999999884,1.0000003361168894,0.16666666666666666,5,1.0,14.285714285714285,100,0,0,0.0,0
35ABCDE6794F1Z24,3387.0599999999977,1.0000004723863036,-2.1666666666666665,0,2.0,28.57142857142857,80,0,0,0.0,0
11ABCDE5920F1Z25,5731.170000000042,1.000000017448452,-2.3333333333333335,5,0.0,0.0,93,0,0,0.0,0
25ABCDE8939F1Z26,6412.539999999921,0.9999995789501599,0.16666666666666666,5,3.0,25.0,77,0,0,0.0,0
13ABCDE3199F1Z27,7457.6900000000605,1.0000000536359224,-3.0,3,2.0,16.666666666666664,82,0,0,0.0,0
31ABCDE4676F1Z28,4357.239999999991,1.0000007114600518,1.3333333333333333,5,0.0,0.0,75,0,0,0.0,0
12ABCDE2824F1Z29,5757.929999999818,0.9999995831836823,0.8333333333333334,5,0.0,0.0,84,0,0,0.0,0
29ABCDE7299F1Z30,3204.869999999937,0.9999999687974678,1.1666666666666667,5,0.0,0.0,78,0,0,0.0,0
29ABCDE3989F1Z31,5521.729999999981,1.000000706300876,0.3333333333333333,4,0.0,0.0,98,0,0,0.0,0
31ABCDE7167F1Z32,5528.900000000023,0.9999992765293126,-1.3333333333333333,1,3.0,27.27272727272727,79,0,0,0.0,0
33ABCDE3742F1Z33,3265.350000000035,0.9999999081262536,2.5,5,0.0,0.0,96,0,0,0.0,0
20ABCDE9440F1Z34,5897.70000000007,1.0000004238942517,0.8333333333333334,5,2.0,16.666666666666664,82,0,0,0.0,0
12ABCDE5551F1Z35,3353.7300000000396,1.0000008348920089,0.5,5,0.0,0.0,73,0,0,0.0,0
13ABCDE1278F1Z36,2734.649999999965,0.9999983544539046,-1.8333333333333333,4,1.0,16.666666666666664,90,0,0,0.0,0
29ABCDE1885F1Z37,3021.5,0.9999994373658635,0.16666666666666666,5,1.0,14.285714285714285,92,0,0,0.0,0
35ABCDE5420F1Z38,1107.9599999999919,0.9999961190085203,0.5,5,0.0,0.0,80,0,0,0.0,0
33ABCDE6704F1Z39,2756.3700000000536,1.000001487465816,0.16666666666666666,5,1.0,14.285714285714285,87,0,0,0.0,0
16ABCDE8074F1Z40,5574.579999999958,1.000000681666161,0.5,5,1.0,9.090909090909092,78,0,0,0.0,1
15ABCDE2773F1Z41,8551.480000000098,0.9999999415306037,1.3333333333333333,4,0.0,0.0,87,0,0,0.0,0
19ABCDE2700F1Z42,6904.969999999972,1.0000006517049176,-1.5,4,2.0,11.76470588235294,93,0,0,0.0,0
14ABCDE4898F1Z43,5175.910000000033,1.0000001932027847,1.8333333333333333,5,1.0,7.142857142857142,81,0,0,0.0,0
27ABCDE6878F1Z44,3387.960000000021,1.000000295162964,1.0,4,0.0,0.0,92,0,0,0.0,0
21ABCDE9896F1Z45,2807.880000000063,0.9999991808773688,-2.5,1,1.0,20.0,70,0,0,0.0,0
11ABCDE9399F1Z46,7306.519999999902,0.9999995757215772,-0.5,4,4.0,30.76923076923077,86,0,0,0.0,1
27ABCDE6371F1Z47,1598.469999999972,0.9999993118424051,-1.0,2,0.0,0.0,95,0,0,0.0,0
18ABCDE9015F1Z48,5783.710000000079,1.0000004668286167,2.3333333333333335,5,2.0,16.666666666666664,75,0,0,0.0,0
33ABCDE2626F1Z49,4725.2900000000955,1.0000005502311022,-0.5,4,1.0,12.5,83,0,0,1.0,1
31ABCDE8165F1Z50,4282.900000000023,1.0000004202761632,0.8333333333333334,5,1.0,10.0,78,0,0,0.0,0
36ABCDE4759F1Z51,2927.4199999999837,0.9999993168050194,0.8333333333333334,4,0.0,0.0,79,0,0,0.0,0
22ABCDE2214F1Z52,6221.910000000033,1.000000739323364,2.5,4,2.0,13.333333333333334,93,0,0,0.0,0
36ABCDE5218F1Z53,4389.369999999995,0.9999999772176866,-0.16666666666666666,5,0.0,0.0,82,0,0,0.0,0
20ABCDE6812F1Z54,4369.140000000014,1.0000010299520383,-1.0,3,3.0,30.0,94,0,0,0.0,0
27ABCDE6962F1Z55,3256.4200000001,0.9999993551204862,1.1666666666666667,5,2.0,25.0,90,0,0,0.0,0
14ABCDE1190F1Z56,3606.8000000000466,0.999999251414569,-1.1666666666666667,5,1.0,12.5,73,0,0,0.0,1
23ABCDE4037F1Z57,3215.6900000000023,1.0000004042679886,-0.5,5,0.0,0.0,77,0,0,0.0,0
17ABCDE9303F1Z58,3244.469999999972,1.0000008013641846,0.0,5,1.0,14.285714285714285,85,0,0,0.0,0
36ABCDE1234F1Z59,4657.889999999956,1.0000001932205633,2.1666666666666665,5,1.0,10.0,89,0,0,0.0,0
18ABCDE5376F1Z60,5611.0,0.9999995544468213,-0.16666666666666666,5,0.0,0.0,93,0,0,0.0,0
12ABCDE4680F1Z61,3929.6299999998882,1.0000012214905099,1.3333333333333333,5,0.0,0.0,95,0,0,0.0,0
34ABCDE3914F1Z62,1484.6100000000151,1.0000011450831947,0.0,4,1.0,20.0,84,0,0,0.0,0
13ABCDE3488F1Z63,3679.0200000000186,0.9999990758417079,0.8333333333333334,3,0.0,0.0,99,0,0,0.0,0
17ABCDE3922F1Z64,5085.559999999998,0.9999996263932994,-0.16666666666666666,4,0.0,0.0,70,0,0,0.0,0
14ABCDE6695F1Z65,7280.610000000219,1.0000000686755988,0.0,5,2.0,13.333333333333334,81,0,0,0.0,0
36ABCDE6093F1Z66,4325.089999999967,0.9999997687909844,0.6666666666666666,5,1.0,11.11111111111111,87,0,0,0.0,0
32ABCDE6645F1Z67,5245.410000000091,1.0000008197650165,-0.5,4,0.0,0.0,96,0,0,0.0,0
21ABCDE3359F1Z68,2949.210000000021,1.0000012545748398,1.6666666666666667,5,1.0,16.666666666666664,99,0,0,0.0,0
23ABCDE2626F1Z69,7606.349999999977,1.0000002366444356,2.1666666666666665,4,3.0,18.75,98,0,0,0.0,0
34ABCDE2511F1Z70,2653.0800000000163,0.9999990576998704,0.16666666666666666,5,0.0,0.0,94,0,0,0.0,0
32ABCDE3766F1Z71,6063.869999999879,1.000000346313593,-0.16666666666666666,5,1.0,8.333333333333332,91,0,0,0.0,0
20ABCDE8471F1Z72,3693.0899999999674,1.000000243698417,0.8333333333333334,5,0.0,0.0,89,0,0,0.0,0
10ABCDE9125F1Z73,4669.820000000007,0.9999994432336694,0.6666666666666666,5,2.0,18.181818181818183,81,0,0,0.0,0
34ABCDE3157F1Z74,5174.300000000047,1.0000001352840269,0.8333333333333334,5,0.0,0.0,76,0,0,0.0,1
26ABCDE2194F1Z75,6416.619999999995,1.000000623381545,2.3333333333333335,5,5.0,41.66666666666667,75,0,0,0.0,1
19ABCDE2941F1Z76,1684.1300000000047,1.0000005937787455,1.5,5,0.0,0.0,93,0,0,0.0,0
11ABCDE8464F1Z77,2557.4499999999825,1.0000010166386932,1.1666666666666667,5,2.0,33.33333333333333,77,0,0,0.0,1
22ABCDE5255F1Z78,4042.9199999999837,0.9999988374752525,-0.5,5,0.0,0.0,84,0,0,0.0,1
11ABCDE6917F1Z79,2140.5200000000186,0.9999981780161475,0.5,4,0.0,0.0,79,0,0,0.0,0
13ABCDE3078F1Z80,3026.5299999999697,1.0000002312880203,-0.3333333333333333,4,2.0,28.57142857142857,75,0,0,0.0,0
26ABCDE7636F1Z81,6191.730000000098,0.9999996285369277,-3.1666666666666665,-1,0.0,0.0,72,0,0,0.0,0
13ABCDE5149F1Z82,7519.969999999972,1.0000005452152345,1.5,4,0.0,0.0,72,0,0,0.0,1
26ABCDE3416F1Z83,4034.1699999999837,0.9999993555060047,-0.16666666666666666,5,2.0,28.57142857142857,81,0,0,0.0,0
16ABCDE6638F1Z84,3838.780000000028,1.0000004688992001,0.0,5,1.0,11.11111111111111,86,0,0,0.0,0
20ABCDE4637F1Z85,5238.820000000007,1.0000006871781204,-1.0,5,3.0,30.0,71,0,0,0.0,0
30ABCDE1490F1Z86,2932.369999999937,0.9999995566727643,0.8333333333333334,5,0.0,0.0,83,0,0,0.0,0
30ABCDE6657F1Z87,2773.8699999999953,1.000001405979905,-2.6666666666666665,0,2.0,25.0,94,0,0,0.0,0
36ABCDE4854F1Z88,4665.76999999996,1.0000001928942348,-0.6666666666666666,2,1.0,12.5,90,0,0,0.0,0
28ABCDE3655F1Z89,3474.1599999999744,1.0000009210868015,-1.8333333333333333,2,0.0,0.0,81,0,0,0.0,0
33ABCDE9723F1Z90,7849.939999999944,0.9999996942652655,-0.3333333333333333,3,1.0,7.142857142857142,86,0,0,0.0,0
26ABCDE1293F1Z91,4353.859999999986,0.9999989204992948,1.5,3,1.0,11.11111111111111,74,0,0,0.0,0
19ABCDE6745F1Z92,2025.820000000007,1.0000018757871554,0.6666666666666666,5,0.0,0.0,75,0,0,0.0,0
21ABCDE1674F1Z93,6684.479999999865,1.0000007180817825,-2.0,4,2.0,15.384615384615385,95,0,0,0.0,0
24ABCDE8176F1Z94,4814.22000000003,0.9999990444982626,0.3333333333333333,5,3.0,27.27272727272727,89,0,0,0.0,0
26ABCDE7520F1Z95,3880.490000000049,1.0000007473288723,-0.6666666666666666,2,3.0,33.33333333333333,81,0,0,0.0,1
13ABCDE7985F1Z96,3770.9000000000815,1.0000010077180277,-1.0,3,0.0,0.0,85,0,0,0.0,0
25ABCDE6399F1Z97,4222.550000000047,1.000000094729508,-1.8333333333333333,3,5.0,45.45454545454545,84,0,0,0.0,1
29ABCDE9213F1Z98,5204.840000000026,0.9999995004652062,-3.1666666666666665,0,2.0,16.666666666666664,83,0,0,0.0,1
33ABCDE9918F1Z99,3994.0200000000186,0.9999995242890427,-0.3333333333333333,5,0.0,0.0,95,0,0,0.0,0
13ABCDE3134F1Z100,4288.780000000028,1.0000003963832842,-0.5,2,2.0,18.181818181818183,92,0,0,0.0,0
29ABCDE9893F1Z101,7635.20000000007,0.9999998690276876,-2.1666666666666665,5,4.0,26.666666666666668,89,0,0,0.0,1
29ABCDE2802F1Z102,4913.119999999995,0.999999999999999,-0.5,5,2.0,25.0,87,0,0,0.0,0
20ABCDE9023F1Z103,6471.760000000126,0.9999998145790862,1.3333333333333333,4,2.0,15.384615384615385,87,0,0,0.0,0
24ABCDE3017F1Z104,3636.5200000000186,1.0000008249652121,-2.0,4,1.0,11.11111111111111,78,0,0,0.0,0
11ABCDE7117F1Z105,5513.70000000007,0.9999992563982658,1.6666666666666667,5,2.0,20.0,72,0,0,0.0,0
29ABCDE3890F1Z106,2213.0800000000163,1.0000019429972578,-2.3333333333333335,0,1.0,25.0,89,0,0,0.0,0
28ABCDE9620F1Z107,3585.429999999993,0.9999986054690695,0.8333333333333334,4,0.0,0.0,73,0,0,0.0,0
17ABCDE9252F1Z108,4851.659999999974,1.0000001855035476,-3.0,5,0.0,0.0,88,0,0,0.0,0
31ABCDE2200F1Z109,6440.359999999986,0.9999995497148128,2.8333333333333335,5,0.0,0.0,70,0,0,0.0,0
14ABCDE2903F1Z110,4729.219999999914,1.0000005709189794,0.16666666666666666,3,1.0,12.5,97,0,0,0.0,0
23ABCDE5782F1Z111,4177.399999999965,1.0000006702738167,0.0,4,2.0,25.0,81,0,0,0.0,0
16ABCDE8946F1Z112,5430.139999999898,0.9999997974269764,0.3333333333333333,3,1.0,10.0,77,0,0,0.0,0
21ABCDE4573F1Z113,5551.3099999999395,0.9999992434223846,0.6666666666666666,2,2.0,20.0,78,0,0,0.0,0
33ABCDE9745F1Z114,3842.5200000000186,0.9999995055330767,1.0,5,2.0,28.57142857142857,80,0,0,0.0,0
21ABCDE1194F1Z115,6419.489999999991,1.0000005296373686,-0.5,5,3.0,21.428571428571427,90,0,0,0.0,0
15ABCDE8579F1Z116,4311.269999999902,0.9999995129047651,0.5,5,2.0,18.181818181818183,83,0,0,0.0,0
27ABCDE8491F1Z117,4041.3800000000047,0.9999998267918695,-0.8333333333333334,2,0.0,0.0,78,0,0,0.0,0
12ABCDE2905F1Z118,7150.0,1.0000006573430893,-0.3333333333333333,2,3.0,25.0,93,0,0,0.0,0
32ABCDE2670F1Z119,4538.1699999999255,1.0000007051305224,0.6666666666666666,5,0.0,0.0,82,0,0,0.0,0
19ABCDE1403F1Z120,8315.850000000093,0.9999997835459372,0.6666666666666666,5,0.0,0.0,85,0,0,0.0,0
12ABCDE4058F1Z121,6601.70000000007,1.0000006664954484,1.5,5,1.0,9.090909090909092,88,0,0,0.0,0
14ABCDE8617F1Z122,1930.2300000000105,0.9999980313265732,-1.1666666666666667,2,0.0,0.0,93,0,0,0.0,0
36ABCDE7264F1Z123,6051.9700000000885,0.9999999008587531,-0.16666666666666666,5,1.0,11.11111111111111,70,0,0,0.0,0
32ABCDE9754F1Z124,4080.530000000028,0.9999999264801508,0.0,4,1.0,10.0,100,0,0,0.0,0
14ABCDE5100F1Z125,4581.510000000009,1.0000003710568437,0.16666666666666666,5,3.0,27.27272727272727,72,0,0,0.0,1
14ABCDE5687F1Z126,3458.3800000000047,1.000000086745826,-1.0,4,3.0,33.33333333333333,93,0,0,0.0,1
14ABCDE7330F1Z127,6136.070000000065,1.000000749666075,-0.5,3,0.0,0.0,83,0,0,0.0,0
16ABCDE1693F1Z128,4664.169999999984,0.9999990995190496,-0.8333333333333334,4,1.0,12.5,99,0,0,0.0,0
35ABCDE3302F1Z129,3595.079999999958,1.0000005841319761,-1.8333333333333333,5,1.0,16.666666666666664,84,0,0,0.0,0
30ABCDE4266F1Z130,8852.759999999893,0.9999995029800967,1.8333333333333333,5,3.0,17.647058823529413,92,0,0,0.0,0
31ABCDE6748F1Z131,6955.20000000007,1.0000001006441426,0.5,4,3.0,23.076923076923077,96,0,0,0.0,0
15ABCDE1809F1Z132,3852.3400000000256,0.999999013587527,0.5,5,1.0,16.666666666666664,100,0,0,0.0,0
12ABCDE5973F1Z133,4574.23000000004,0.9999999344152041,-0.8333333333333334,1,1.0,10.0,74,0,0,0.0,0
18ABCDE2635F1Z134,3729.649999999965,0.999998686205516,1.3333333333333333,5,0.0,0.0,79,0,0,0.0,0
19ABCDE2000F1Z135,4733.820000000007,0.9999999788754133,-0.16666666666666666,4,3.0,30.0,91,0,0,0.0,0
34ABCDE4453F1Z136,3147.170000000042,0.9999999046762871,0.8333333333333334,3,3.0,42.857142857142854,77,0,0,0.0,0
27ABCDE3147F1Z137,5552.039999999921,0.9999998559088256,-1.6666666666666667,2,0.0,0.0,99,0,0,0.0,0
15ABCDE5656F1Z138,6458.400000000023,0.9999994425867135,0.6666666666666666,5,1.0,9.090909090909092,84,0,0,0.0,0
19ABCDE6787F1Z139,3565.3699999999953,0.999999579286477,-0.8333333333333334,2,4.0,44.44444444444444,82,0,0,0.0,1
24ABCDE9252F1Z140,7606.760000000009,0.9999993821289108,-1.5,1,1.0,6.666666666666667,77,0,0,0.0,0
31ABCDE4288F1Z141,5793.689999999944,0.9999994304151282,-1.3333333333333333,4,2.0,20.0,91,0,0,0.0,0
11ABCDE6992F1Z142,5556.469999999972,0.9999996040653226,2.0,5,1.0,9.090909090909092,71,0,0,0.0,0
19ABCDE7173F1Z143,5079.389999999956,0.9999991928171031,0.8333333333333334,5,5.0,62.5,84,0,0,0.0,1
28ABCDE2360F1Z144,4931.9000000000815,1.000000405523407,1.0,4,0.0,0.0,74,0,0,0.0,0
32ABCDE4452F1Z145,2905.8000000000466,1.0000014109731679,-1.5,2,2.0,33.33333333333333,80,0,0,0.0,0
32ABCDE5551F1Z146,5247.219999999972,0.9999990852307248,-1.1666666666666667,2,0.0,0.0,98,0,0,0.0,0
20ABCDE8920F1Z147,2208.829999999987,1.000000316909952,1.0,5,0.0,0.0,71,0,0,0.0,0
32ABCDE1904F1Z148,2307.8699999999953,0.9999978768346567,-1.1666666666666667,2,1.0,16.666666666666664,70,0,0,0.0,0
23ABCDE4296F1Z149,3518.4700000000303,1.0000009379085584,-3.1666666666666665,-1,2.0,33.33333333333333,78,0,0,0.0,1
10ABCDE6651F1Z150,3286.929999999993,1.0000007910122972,0.0,5,4.0,57.14285714285714,83,0,0,0.0,1
16ABCDE3580F1Z151,2602.7399999999907,0.9999990394747045,-1.5,1,0.0,0.0,85,0,0,0.0,0
23ABCDE6292F1Z152,856.2700000000041,1.0000033867936817,-0.3333333333333333,3,1.0,33.33333333333333,89,0,0,0.0,1
24ABCDE1154F1Z153,6768.5800000000745,0.999999822710271,2.8333333333333335,5,0.0,0.0,86,0,0,0.0,0
36ABCDE7762F1Z154,8716.10000000021,0.9999999541079413,0.5,5,0.0,0.0,99,0,0,0.0,0
21ABCDE7622F1Z155,6956.520000000019,0.9999995687500808,-0.5,4,2.0,16.666666666666664,100,0,0,0.0,0
16ABCDE8549F1Z156,4513.370000000054,0.9999998449052839,0.3333333333333333,4,3.0,27.27272727272727,80,0,0,0.0,0
18ABCDE6106F1Z157,4041.2700000000186,1.0000003959153068,-0.6666666666666666,5,1.0,16.666666666666664,71,0,0,0.0,1
13ABCDE8211F1Z158,4671.530000000028,1.000000000000006,-0.5,2,0.0,0.0,93,0,0,0.0,0
25ABCDE5512F1Z159,5854.04999999993,1.00000030747952,1.5,5,1.0,10.0,80,0,0,0.0,0
33ABCDE5889F1Z160,6160.6900000000605,0.999999545505671,0.0,4,0.0,0.0,90,0,0,0.0,0
13ABCDE8839F1Z161,8350.94000000006,0.9999996287844495,1.0,4,2.0,11.11111111111111,94,0,0,0.0,0
10ABCDE6950F1Z162,4427.900000000023,0.9999994353985941,0.16666666666666666,5,0.0,0.0,85,0,0,0.0,0
26ABCDE5131F1Z163,4009.0299999999697,1.0000000498873742,2.0,4,2.0,25.0,87,0,0,0.0,0
25ABCDE6753F1Z164,3427.9599999999627,0.9999987164394016,0.0,4,1.0,14.285714285714285,98,0,0,0.0,0
21ABCDE5946F1Z165,3648.2799999999697,0.9999996710779777,-0.3333333333333333,4,2.0,25.0,77,0,0,0.0,0
25ABCDE7411F1Z166,2802.2399999999907,1.0000006423436776,-0.5,4,0.0,0.0,77,0,0,0.0,0
23ABCDE1490F1Z167,3209.490000000049,0.9999994703211255,-1.0,5,3.0,33.33333333333333,77,0,0,0.0,1
13ABCDE6098F1Z168,3064.6900000000023,1.0000003915568858,2.0,5,1.0,14.285714285714285,94,0,0,0.0,0
35ABCDE8847F1Z169,5419.659999999916,1.0000001291593952,0.5,5,2.0,18.181818181818183,94,0,0,0.0,0
24ABCDE4801F1Z170,4593.729999999981,0.9999989768673367,0.5,5,3.0,30.0,85,0,0,0.0,0
20ABCDE4438F1Z171,3765.6299999999464,0.9999994157687377,0.6666666666666666,4,0.0,0.0,92,0,0,0.0,0
24ABCDE2254F1Z172,6492.119999999995,1.0000003080658724,1.3333333333333333,4,2.0,15.384615384615385,82,0,0,0.0,0
36ABCDE1422F1Z173,3786.140000000014,0.999998943516151,-1.8333333333333333,3,2.0,22.22222222222222,85,0,0,0.0,0
15ABCDE6150F1Z174,2880.2200000000303,0.9999998958413112,-0.16666666666666666,5,0.0,0.0,71,0,0,0.0,1
34ABCDE4644F1Z175,2081.5599999999977,0.9999987028975863,-1.5,3,2.0,50.0,76,0,0,0.0,1
13ABCDE5696F1Z176,3993.3699999999953,1.0000006510795865,-0.5,3,1.0,12.5,96,0,0,0.0,0
14ABCDE5687F1Z177,6354.619999999995,0.9999992918543017,0.3333333333333333,5,1.0,9.090909090909092,89,0,0,0.0,0
17ABCDE3400F1Z178,3104.920000000042,0.999998937171827,0.5,5,0.0,0.0,92,0,0,0.0,0
26ABCDE1845F1Z179,6396.34999999986,1.000000140705244,0.8333333333333334,3,2.0,14.285714285714285,89,0,0,0.0,0
32ABCDE6645F1Z180,5034.670000000042,1.0000000794491144,0.6666666666666666,3,2.0,18.181818181818183,93,0,0,0.0,0
35ABCDE3063F1Z181,5124.119999999995,1.0000000195155456,0.0,4,0.0,0.0,96,0,0,0.0,0
13ABCDE3042F1Z182,2700.5999999999767,0.9999986669646654,2.0,5,1.0,16.666666666666664,100,0,0,0.0,0
33ABCDE5021F1Z183,2533.1900000000023,0.9999984604415803,0.3333333333333333,5,0.0,0.0,80,0,0,0.0,0
33ABCDE8614F1Z184,2768.7600000000093,0.9999990248351761,-1.3333333333333333,5,1.0,20.0,73,0,0,0.0,0
18ABCDE6417F1Z185,8501.599999999977,1.0000004116873784,-0.16666666666666666,4,2.0,13.333333333333334,86,0,0,0.0,0
20ABCDE4145F1Z186,1674.6600000000035,0.9999997611456051,0.0,3,2.0,40.0,81,0,0,0.0,1
14ABCDE1625F1Z187,5282.459999999963,1.0000005679175359,0.5,4,1.0,10.0,95,0,0,0.0,0
20ABCDE8514F1Z188,3159.5,0.9999993036877772,1.0,5,2.0,28.57142857142857,95,0,0,0.0,0
29ABCDE2754F1Z189,3358.9899999999325,1.000000148854271,1.3333333333333333,5,1.0,14.285714285714285,76,0,0,0.0,0
12ABCDE4679F1Z190,3234.649999999965,0.9999993198650432,-2.1666666666666665,2,0.0,0.0,74,0,0,0.0,0
28ABCDE4249F1Z191,4912.709999999963,1.0000001628429305,-1.1666666666666667,2,2.0,16.666666666666664,72,0,0,0.0,0
14ABCDE1347F1Z192,4005.280000000028,1.0000007739789545,-0.6666666666666666,5,1.0,12.5,86,0,0,0.0,0
19ABCDE3312F1Z193,6412.660000000033,1.0000001403474001,-1.0,5,1.0,9.090909090909092,93,0,0,0.0,0
28ABCDE3893F1Z194,5025.479999999981,1.000000358174866,1.1666666666666667,4,2.0,15.384615384615385,73,0,0,0.0,0
15ABCDE5767F1Z195,3635.1699999999837,0.9999998074368237,2.8333333333333335,5,3.0,33.33333333333333,71,0,0,0.0,1
10ABCDE6453F1Z196,5071.4199999999255,1.0000001774651057,-1.0,2,1.0,11.11111111111111,76,0,0,0.0,0
35ABCDE6394F1Z197,6289.079999999958,1.0000005883216838,0.16666666666666666,4,3.0,23.076923076923077,90,0,0,0.0,0
22ABCDE3575F1Z198,5992.04999999993,1.0000006508628045,1.1666666666666667,5,7.0,46.666666666666664,99,0,0,0.0,1
30ABCDE4958F1Z199,5158.639999999956,0.999999069523057,-0.8333333333333334,5,3.0,33.33333333333333,70,0,0,0.0,1
13ABCDE2745F1Z200,5821.140000000014,0.9999991754199302,2.8333333333333335,5,0.0,0.0,77,0,0,0.0,0
11ABCDE4435F1Z201,5593.84999999986,0.9999991240387486,2.5,4,2.0,18.181818181818183,90,0,0,0.0,0
32ABCDE5215F1Z202,6938.859999999986,0.9999994955946296,0.8333333333333334,5,2.0,13.333333333333334,76,0,0,0.0,0
26ABCDE9345F1Z203,4168.850000000035,1.000000455761397,-0.16666666666666666,5,2.0,20.0,98,0,0,0.0,0
23ABCDE7239F1Z204,3470.640000000014,1.000001440658558,0.3333333333333333,5,2.0,25.0,96,0,0,0.0,0
14ABCDE2119F1Z205,4892.540000000037,1.000000735814666,0.16666666666666666,4,1.0,11.11111111111111,98,0,0,0.0,0
11ABCDE5000F1Z206,4150.489999999991,1.0000000481870817,0.16666666666666666,5,1.0,14.285714285714285,90,0,0,0.0,0
19ABCDE1195F1Z207,5154.679999999935,1.0000003879970651,0.0,5,3.0,33.33333333333333,80,0,0,0.0,1
22ABCDE3943F1Z208,3925.1900000000023,1.0000001273823855,0.3333333333333333,4,0.0,0.0,79,0,0,0.0,0
36ABCDE6769F1Z209,6122.689999999944,1.0000004246501208,0.5,3,1.0,8.333333333333332,88,0,0,0.0,0
31ABCDE6714F1Z210,5284.350000000035,0.9999995079813627,-1.0,5,0.0,0.0,70,0,0,0.0,0
20ABCDE8817F1Z211,3784.7399999999907,1.0000002377971025,-0.6666666666666666,5,1.0,12.5,97,0,0,0.0,0
10ABCDE6103F1Z212,3509.469999999972,1.0000007123587757,-2.1666666666666665,4,0.0,0.0,70,0,0,0.0,0
24ABCDE9901F1Z213,3753.530000000028,1.000000106566371,-0.16666666666666666,3,1.0,11.11111111111111,94,0,0,0.0,1
20ABCDE3243F1Z214,2446.039999999979,0.9999991414702057,-0.6666666666666666,3,1.0,16.666666666666664,97,0,0,0.0,0
14ABCDE5091F1Z215,2696.8699999999953,1.0000013719627092,2.6666666666666665,5,0.0,0.0,82,0,0,0.0,0
36ABCDE8262F1Z216,4110.559999999998,0.999999537776088,-0.3333333333333333,5,0.0,0.0,95,0,0,0.0,0
18ABCDE7285F1Z217,4886.459999999963,1.000000306970777,2.0,5,0.0,0.0,99,0,0,0.0,0
20ABCDE8643F1Z218,2548.930000000022,1.0000018046820915,-0.5,3,0.0,0.0,100,0,0,0.0,0
25ABCDE7716F1Z219,2429.439999999973,0.9999995472209527,-1.0,2,1.0,16.666666666666664,76,0,0,0.0,1
30ABCDE4720F1Z220,6110.499999999884,1.0000001145569044,-0.5,5,1.0,10.0,82,0,0,0.0,0
36ABCDE2747F1Z221,7452.489999999874,1.0000005233152836,-0.5,5,4.0,33.33333333333333,80,0,0,0.0,1
34ABCDE6082F1Z222,3287.7299999999814,0.999998844188657,0.16666666666666666,4,0.0,0.0,98,0,0,0.0,0
28ABCDE2013F1Z223,3142.460000000079,1.000000954667026,-1.1666666666666667,1,1.0,11.11111111111111,91,0,0,0.0,0
29ABCDE7543F1Z224,4106.609999999986,1.0000009253382967,-0.6666666666666666,5,2.0,25.0,90,0,0,0.0,0
25ABCDE7090F1Z225,6454.9199999999255,0.9999999999999886,-0.16666666666666666,4,2.0,16.666666666666664,95,0,0,0.0,0
21ABCDE3051F1Z226,4801.690000000002,1.0000002707380848,-0.16666666666666666,3,1.0,9.090909090909092,84,0,0,0.0,0
18ABCDE5246F1Z227,2828.4000000000233,1.0000010960272314,-1.8333333333333333,3,1.0,16.666666666666664,97,0,0,0.0,0
23ABCDE2439F1Z228,4101.989999999991,1.0000002925410207,2.0,5,1.0,11.11111111111111,76,0,0,0.0,0
29ABCDE9226F1Z229,6584.359999999986,1.0000000911250357,1.6666666666666667,5,0.0,0.0,78,0,0,0.0,0
17ABCDE6855F1Z230,3026.3099999999977,0.9999998347823191,0.0,3,0.0,0.0,99,0,0,0.0,1
11ABCDE9526F1Z231,3535.820000000007,0.9999990666954445,-0.16666666666666666,5,0.0,0.0,73,0,0,0.0,0
24ABCDE7881F1Z232,5768.550000000047,0.9999998439816221,0.3333333333333333,5,2.0,18.181818181818183,99,0,0,0.0,0
12ABCDE1403F1Z233,1910.9800000000105,0.9999985347853526,1.8333333333333333,5,1.0,25.0,92,0,0,0.0,0
30ABCDE1637F1Z234,3849.9199999999837,0.9999996883053044,-0.8333333333333334,4,0.0,0.0,80,0,0,0.0,0
15ABCDE2702F1Z235,5093.090000000026,1.0000007068405565,-0.16666666666666666,4,2.0,20.0,91,0,0,0.0,0
27ABCDE1740F1Z236,4620.580000000016,0.999999134308567,-1.0,1,2.0,20.0,91,0,0,0.0,0
33ABCDE4255F1Z237,4940.380000000005,0.9999999595172867,-2.1666666666666665,2,1.0,11.11111111111111,87,0,0,0.0,0
23ABCDE8791F1Z238,5211.270000000019,1.0000009018922944,0.0,3,2.0,15.384615384615385,83,0,0,0.0,0
18ABCDE2440F1Z239,7256.4400000000605,0.999999379861592,-1.6666666666666667,5,4.0,25.0,98,0,0,0.0,0
19ABCDE3423F1Z240,2553.779999999999,0.9999981204367724,-3.0,-1,2.0,33.33333333333333,77,0,0,0.0,1
33ABCDE5912F1Z241,5656.680000000051,0.9999993989410917,0.6666666666666666,4,3.0,27.27272727272727,84,0,0,0.0,0
28ABCDE7687F1Z242,4222.039999999979,0.9999992420731222,-3.8333333333333335,-1,0.0,0.0,77,0,0,0.0,0
16ABCDE2611F1Z243,5002.010000000009,1.0000006397432344,-0.8333333333333334,3,0.0,0.0,73,0,0,0.0,0
29ABCDE9837F1Z244,5670.9400000000605,1.0000006171820228,-1.5,1,3.0,25.0,97,0,0,0.0,0
26ABCDE9014F1Z245,5948.630000000005,0.9999994452507276,0.0,4,0.0,0.0,92,0,0,0.0,0
29ABCDE2567F1Z246,3514.1199999999953,0.9999998292602693,1.3333333333333333,5,1.0,14.285714285714285,89,0,0,0.0,0
24ABCDE4544F1Z247,3364.4899999999907,0.9999991083351907,0.5,4,0.0,0.0,71,0,0,0.0,1
32ABCDE5706F1Z248,6969.930000000051,0.9999994404538113,1.8333333333333333,5,2.0,14.285714285714285,95,0,0,0.0,0
11ABCDE5245F1Z249,4863.410000000033,0.9999990541624876,0.8333333333333334,4,3.0,25.0,79,0,0,0.0,1
10ABCDE2632F1Z250,4280.439999999886,0.9999991122415595,1.6666666666666667,5,2.0,18.181818181818183,96,0,0,0.0,0
22ABCDE7366F1Z251,3694.6100000000442,1.0000006225288938,-0.6666666666666666,3,0.0,0.0,70,0,0,0.0,0
33ABCDE6017F1Z252,6809.729999999981,1.0000000587394808,0.3333333333333333,4,1.0,7.6923076923076925,95,0,0,0.0,0
34ABCDE8198F1Z253,3912.0299999999697,1.00000053680598,0.5,5,1.0,11.11111111111111,98,0,0,0.0,0
24ABCDE8202F1Z254,5883.229999999981,0.9999992011197483,0.0,3,2.0,16.666666666666664,81,0,0,0.0,0
16ABCDE4144F1Z255,4556.200000000012,0.9999999780518883,2.1666666666666665,4,3.0,27.27272727272727,90,0,0,0.0,0
24ABCDE2224F1Z256,4004.4000000000233,1.000001023874793,0.5,5,2.0,22.22222222222222,81,0,0,0.0,0
21ABCDE3055F1Z257,3534.7600000000093,0.9999991512868074,1.1666666666666667,5,3.0,37.5,70,0,0,0.0,1
14ABCDE3531F1Z258,3956.9899999999907,1.0000006570655218,2.0,5,1.0,14.285714285714285,77,0,0,0.0,0
10ABCDE2230F1Z259,5612.670000000042,1.0000008552086879,1.3333333333333333,5,0.0,0.0,75,0,0,0.0,0
13ABCDE5429F1Z260,3864.329999999958,0.9999990684034004,0.16666666666666666,4,1.0,12.5,71,0,0,0.0,0
33ABCDE2828F1Z261,3000.780000000028,0.9999997000780789,-0.3333333333333333,5,1.0,14.285714285714285,95,0,0,0.0,0
36ABCDE2823F1Z262,6093.7799999999115,1.0000004758953052,1.3333333333333333,4,1.0,11.11111111111111,88,0,0,0.0,0
36ABCDE2858F1Z263,5730.390000000014,1.0000006805824155,0.6666666666666666,5,4.0,33.33333333333333,83,0,0,0.0,1
36ABCDE4648F1Z264,4132.429999999993,0.9999989836498772,-0.5,2,0.0,0.0,73,0,0,0.0,0
18ABCDE8021F1Z265,3976.640000000014,0.9999990695671362,-1.1666666666666667,3,0.0,0.0,98,0,0,0.0,0
17ABCDE5363F1Z266,1884.0,1.0000006369430807,-0.6666666666666666,3,1.0,20.0,71,0,0,0.0,0
19ABCDE8619F1Z267,6675.719999999972,0.9999996854272848,-0.3333333333333333,3,0.0,0.0,72,0,0,0.0,0
18ABCDE7642F1Z268,4782.159999999974,1.0000000418221018,1.1666666666666667,3,3.0,30.0,72,0,0,0.0,0
14ABCDE5616F1Z269,3470.990000000049,0.9999995102264428,0.3333333333333333,4,0.0,0.0,86,0,0,0.0,0
28ABCDE8211F1Z270,3058.0200000000186,0.9999984303593673,0.6666666666666666,5,1.0,16.666666666666664,98,0,0,0.0,0
21ABCDE2404F1Z271,1355.9200000000128,1.000001253762865,1.5,5,1.0,33.33333333333333,92,0,0,0.0,1
34ABCDE9504F1Z272,7535.780000000261,1.0000000398101152,0.6666666666666666,5,3.0,23.076923076923077,100,0,0,0.0,1
32ABCDE6190F1Z273,7592.350000000093,0.9999998419462065,0.5,5,2.0,15.384615384615385,86,0,0,0.0,1
36ABCDE6998F1Z274,4568.580000000016,1.0000010506557966,-2.1666666666666665,5,2.0,22.22222222222222,100,0,0,0.0,0
32ABCDE4830F1Z275,5318.179999999935,0.9999991162397829,-0.3333333333333333,4,3.0,25.0,93,0,0,0.0,0
31ABCDE2214F1Z276,8339.079999999842,0.9999999400413323,-2.6666666666666665,0,3.0,21.428571428571427,71,0,0,0.0,0
23ABCDE6337F1Z277,4452.1500000000815,0.9999992587856489,0.3333333333333333,4,0.0,0.0,70,0,0,0.0,0
31ABCDE8652F1Z278,4006.899999999965,1.0000007986230055,1.0,5,3.0,30.0,91,0,0,0.0,0
10ABCDE8383F1Z279,4872.590000000026,0.9999990969903068,-1.3333333333333333,5,2.0,25.0,96,0,0,0.0,0
32ABCDE6115F1Z280,2717.5500000000466,0.9999990064590271,0.0,2,1.0,14.285714285714285,89,0,0,0.0,0
32ABCDE9072F1Z281,3209.0100000000093,0.999999283268565,0.0,4,0.0,0.0,97,0,0,0.0,0
23ABCDE8663F1Z282,6721.890000000014,0.9999994793133831,2.8333333333333335,5,3.0,23.076923076923077,77,0,0,0.0,0
20ABCDE3438F1Z283,5843.290000000154,0.9999999828863798,1.6666666666666667,5,2.0,18.181818181818183,79,0,0,0.0,0
16ABCDE9999F1Z284,3150.929999999993,1.0000008568906027,-1.1666666666666667,3,0.0,0.0,94,0,0,0.0,0
16ABCDE7459F1Z285,4709.050000000047,1.000000637071587,0.3333333333333333,5,1.0,9.090909090909092,96,0,0,0.0,0
14ABCDE9497F1Z286,5996.4400000000605,1.0000005670034202,-1.5,4,0.0,0.0,99,0,0,0.0,0
27ABCDE4129F1Z287,1852.75,0.9999976791310105,0.8333333333333334,5,1.0,16.666666666666664,92,0,0,0.0,0
15ABCDE9848F1Z288,5489.739999999991,0.9999998542736283,-1.3333333333333333,3,1.0,9.090909090909092,75,0,0,0.0,0
29ABCDE9053F1Z289,5006.590000000026,1.0000001398157474,-0.5,3,4.0,36.36363636363637,70,0,0,0.0,1
35ABCDE7124F1Z290,4139.059999999998,0.9999997100791836,0.0,4,1.0,14.285714285714285,92,0,0,0.0,0
19ABCDE3969F1Z291,5078.510000000009,1.0000004331981156,0.16666666666666666,3,2.0,18.181818181818183,93,0,0,0.0,0
13ABCDE6500F1Z292,4157.479999999981,1.0000003607956076,-1.1666666666666667,3,0.0,0.0,91,0,0,0.0,0
33ABCDE3009F1Z293,4322.1700000001,0.9999998843174047,1.0,5,2.0,22.22222222222222,79,0,0,0.0,0
25ABCDE5606F1Z294,6520.229999999865,0.999999248493312,1.3333333333333333,5,5.0,38.46153846153847,89,0,0,0.0,1
34ABCDE2965F1Z295,4896.359999999986,0.9999996323801044,1.3333333333333333,3,1.0,9.090909090909092,89,0,0,0.0,0
25ABCDE8926F1Z296,1619.359999999986,1.0000005557754215,0.8333333333333334,5,1.0,20.0,94,0,0,0.0,0
17ABCDE2794F1Z297,3183.5800000000163,1.0000002198783038,-2.3333333333333335,0,0.0,0.0,93,0,0,0.0,0
20ABCDE6941F1Z298,6889.510000000126,0.9999996226148312,-0.5,5,1.0,7.6923076923076925,71,0,0,0.0,0
22ABCDE4849F1Z299,3383.780000000028,0.9999985519174187,-0.16666666666666666,5,1.0,12.5,98,0,0,0.0,0
17ABCDE9382F1Z300,3953.3600000000442,1.0000004047191988,-0.5,4,0.0,0.0,91,0,0,0.0,0
14ABCDE6012F1Z301,6658.7799999999115,1.0000007058354878,0.6666666666666666,4,2.0,16.666666666666664,70,0,0,0.0,0
11ABCDE7783F1Z302,2850.0,1.0000004912283116,1.3333333333333333,5,1.0,20.0,72,0,0,0.0,0
24ABCDE9818F1Z303,1867.3500000000058,1.0000011781415363,1.3333333333333333,4,0.0,0.0,72,0,0,0.0,0
10ABCDE5467F1Z304,7825.489999999991,1.0000003450264356,0.16666666666666666,4,4.0,33.33333333333333,73,0,0,0.0,1
30ABCDE4660F1Z305,3606.9799999999814,0.9999998891039114,2.1666666666666665,5,0.0,0.0,97,0,0,0.0,0
28ABCDE6130F1Z306,3152.2300000000396,1.0000003172358478,2.1666666666666665,5,1.0,14.285714285714285,91,0,0,0.0,0
22ABCDE7516F1Z307,4934.680000000051,1.0000005066187305,-1.6666666666666667,3,3.0,30.0,93,0,0,0.0,0
12ABCDE9551F1Z308,2494.9400000000023,1.0000001603245234,-0.3333333333333333,5,0.0,0.0,83,0,0,0.0,0
36ABCDE2325F1Z309,3331.2600000000675,0.9999992495337929,-1.3333333333333333,1,0.0,0.0,95,0,0,0.0,0
19ABCDE8897F1Z310,5251.090000000084,0.9999993715594586,-0.8333333333333334,3,2.0,20.0,70,0,0,0.0,0
12ABCDE7574F1Z311,2907.7299999999814,1.0000008597779473,1.8333333333333333,4,2.0,33.33333333333333,72,0,0,0.0,1
30ABCDE4896F1Z312,10636.060000000056,0.9999997461466691,1.5,5,0.0,0.0,81,0,0,0.0,0
23ABCDE5966F1Z313,5382.3099999999395,0.9999992754045691,-1.5,4,3.0,27.27272727272727,83,0,0,0.0,0
13ABCDE3080F1Z314,4030.259999999951,0.9999999007508179,1.3333333333333333,5,1.0,12.5,95,0,0,0.0,0
22ABCDE6794F1Z315,3642.6699999999837,0.9999989568102375,-0.5,4,2.0,25.0,72,0,0,0.0,0
22ABCDE3061F1Z316,4839.429999999993,1.000000785217056,-0.8333333333333334,4,2.0,20.0,90,0,0,0.0,0
15ABCDE1206F1Z317,4383.47000000003,1.0000007300158016,-2.3333333333333335,3,0.0,0.0,95,0,0,0.0,0
29ABCDE6322F1Z318,3468.649999999965,0.99999948106638,-1.0,3,0.0,0.0,79,0,0,0.0,0
29ABCDE9456F1Z319,2178.040000000008,1.0000016069519533,2.8333333333333335,4,0.0,0.0,70,0,0,0.0,0
35ABCDE4571F1Z320,2852.890000000014,0.9999990886442812,1.3333333333333333,5,0.0,0.0,92,0,0,0.0,0
13ABCDE2763F1Z321,5380.339999999967,1.0000005761720923,-1.5,1,0.0,0.0,89,0,0,0.0,0
10ABCDE7755F1Z322,5239.450000000012,0.9999997518824179,1.1666666666666667,5,2.0,16.666666666666664,93,0,0,0.0,0
20ABCDE1951F1Z323,7142.95000000007,0.999999538006229,0.6666666666666666,5,2.0,16.666666666666664,91,0,0,0.0,0
33ABCDE1289F1Z324,3118.420000000042,0.9999995510549158,1.5,4,2.0,28.57142857142857,81,0,0,0.0,0
19ABCDE3062F1Z325,7349.130000000121,1.000000625924837,-2.8333333333333335,2,1.0,7.142857142857142,80,0,0,0.0,0
24ABCDE6836F1Z326,3278.0200000000186,1.0000011287314279,0.6666666666666666,3,4.0,50.0,83,0,0,0.0,1
21ABCDE5342F1Z327,5799.829999999958,1.0000007586434942,0.6666666666666666,4,3.0,25.0,94,0,0,0.0,0
22ABCDE5239F1Z328,3683.4099999999744,1.0000010588026051,-2.3333333333333335,5,1.0,14.285714285714285,78,0,0,0.0,0
35ABCDE9732F1Z329,5949.150000000023,1.0000006723654158,1.1666666666666667,5,1.0,10.0,78,0,0,0.0,0
34ABCDE2620F1Z330,6048.1599999998,0.999999652787051,-0.16666666666666666,5,1.0,7.6923076923076925,77,0,0,0.0,0
35ABCDE5714F1Z331,3107.8800000000047,1.0000011905235755,0.6666666666666666,5,2.0,20.0,93,0,0,0.0,0
35ABCDE6339F1Z332,5097.160000000033,0.9999997057185714,1.8333333333333333,5,2.0,15.384615384615385,91,0,0,0.0,0
28ABCDE8522F1Z333,4871.030000000086,1.0000008827709708,-1.8333333333333333,2,2.0,20.0,79,0,0,0.0,0
25ABCDE5895F1Z334,6834.629999999888,1.0000001170509571,-1.5,1,1.0,8.333333333333332,78,0,0,0.0,0
11ABCDE9454F1Z335,6369.2200000000885,0.9999997173909201,-0.5,4,2.0,15.384615384615385,75,0,0,0.0,0
25ABCDE7371F1Z336,2310.3499999999767,0.9999984417969513,-0.5,3,1.0,20.0,98,0,0,0.0,0
23ABCDE9672F1Z337,4968.5800000000745,0.9999996377236003,0.3333333333333333,3,0.0,0.0,89,0,0,0.0,0
34ABCDE7302F1Z338,6019.5599999999395,0.9999994517874644,-0.3333333333333333,4,1.0,9.090909090909092,89,0,0,0.0,0
12ABCDE9342F1Z339,4358.060000000056,0.9999993575127132,2.1666666666666665,5,1.0,12.5,81,0,0,0.0,0
16ABCDE9404F1Z340,5880.359999999986,0.9999994388101815,-3.5,1,2.0,15.384615384615385,74,0,0,0.0,0
11ABCDE4401F1Z341,4987.609999999986,1.0000006014908525,0.16666666666666666,5,2.0,18.181818181818183,86,0,0,0.0,0
28ABCDE6170F1Z342,3747.2200000000303,1.0000004803563427,0.6666666666666666,3,3.0,33.33333333333333,85,0,0,0.0,1
31ABCDE9979F1Z343,3887.490000000049,1.0000001543412693,-1.6666666666666667,3,2.0,33.33333333333333,93,0,0,0.0,1
33ABCDE7671F1Z344,6113.479999999981,0.999999280279505,0.3333333333333333,5,1.0,8.333333333333332,97,0,0,0.0,0
33ABCDE1960F1Z345,4351.070000000007,1.0000001608799949,0.3333333333333333,3,1.0,11.11111111111111,76,0,0,0.0,0
34ABCDE5926F1Z346,5196.820000000007,1.0000003463657834,-2.5,0,3.0,25.0,73,0,0,0.0,0
23ABCDE6474F1Z347,9158.569999999949,0.9999994759009829,-1.1666666666666667,3,2.0,12.5,96,0,0,0.0,0
14ABCDE5126F1Z348,3822.7200000000303,0.999999005944408,0.16666666666666666,4,1.0,16.666666666666664,88,0,0,0.0,0
11ABCDE6606F1Z349,8252.400000000023,0.999999842470097,1.5,5,1.0,4.761904761904762,78,0,0,0.0,0
11ABCDE4242F1Z350,4916.669999999984,0.9999998983051607,-1.1666666666666667,2,2.0,22.22222222222222,86,0,0,0.0,0
16ABCDE1192F1Z351,5334.189999999944,1.0000000749879503,1.0,4,1.0,11.11111111111111,87,0,0,0.0,0
14ABCDE9542F1Z352,5444.869999999995,1.0000005142457828,0.16666666666666666,4,2.0,20.0,83,0,0,0.0,0
36ABCDE5527F1Z353,9535.030000000028,0.9999999790247153,-2.1666666666666665,1,1.0,5.88235294117647,97,0,0,0.0,0
13ABCDE2951F1Z354,4094.280000000086,0.9999998290298184,-1.1666666666666667,2,3.0,33.33333333333333,97,0,0,0.0,1
34ABCDE1872F1Z355,6097.910000000033,1.0000007051601392,-1.1666666666666667,4,1.0,8.333333333333332,72,0,0,0.0,0
33ABCDE3805F1Z356,5212.539999999979,1.0000004028747647,-1.6666666666666667,2,2.0,20.0,71,0,0,0.0,0
14ABCDE6233F1Z357,4533.140000000072,1.0000010809296356,1.1666666666666667,5,2.0,20.0,73,0,0,0.0,0
13ABCDE4011F1Z358,4879.110000000044,0.9999998565312411,3.6666666666666665,5,2.0,18.181818181818183,74,0,0,0.0,0
30ABCDE3270F1Z359,6575.9700000000885,0.9999995437937608,0.0,2,2.0,15.384615384615385,96,0,0,0.0,1
11ABCDE3056F1Z360,2007.929999999993,0.9999995517774009,-0.6666666666666666,3,1.0,20.0,93,0,0,0.0,0
34ABCDE6099F1Z361,8994.380000000005,0.9999998109931231,-0.3333333333333333,4,0.0,0.0,78,0,0,0.0,0
19ABCDE9087F1Z362,5624.989999999991,0.9999992355547793,-0.5,2,1.0,10.0,84,0,0,0.0,0
29ABCDE1420F1Z363,2186.209999999992,0.9999988564698041,-0.16666666666666666,5,0.0,0.0,89,0,0,0.0,0
30ABCDE5075F1Z364,3086.75,0.9999988985190719,0.16666666666666666,5,2.0,28.57142857142857,80,0,0,0.0,0
11ABCDE9778F1Z365,4629.150000000023,0.9999999567955309,-0.6666666666666666,4,1.0,8.333333333333332,98,0,0,0.0,0
35ABCDE9200F1Z366,5814.2200000000885,0.9999997076135035,-0.16666666666666666,5,1.0,10.0,92,0,0,0.0,0
29ABCDE6877F1Z367,4074.2500000001164,1.0000011044990087,1.3333333333333333,3,2.0,20.0,93,0,0,0.0,0
15ABCDE7557F1Z368,3342.929999999993,0.9999990128430001,-2.1666666666666665,4,1.0,14.285714285714285,76,0,0,0.0,1
17ABCDE4247F1Z369,7847.65000000014,0.9999996941760746,0.0,5,3.0,20.0,77,0,0,0.0,0
10ABCDE5380F1Z370,4615.959999999963,1.0000006065914049,-1.8333333333333333,2,0.0,0.0,84,0,0,0.0,0
11ABCDE2895F1Z371,2805.0100000000093,0.9999998573980364,-0.6666666666666666,5,1.0,20.0,87,0,0,0.0,0
16ABCDE4602F1Z372,4191.270000000019,0.9999998568453248,1.6666666666666667,5,1.0,12.5,79,0,0,0.0,0
28ABCDE4668F1Z373,3660.2600000000093,0.9999989891438722,1.1666666666666667,5,1.0,14.285714285714285,79,0,0,0.0,0
29ABCDE9884F1Z374,4042.280000000028,0.9999993073220972,0.16666666666666666,5,1.0,9.090909090909092,80,0,0,0.0,0
26ABCDE3547F1Z375,4191.140000000014,1.0000001431591643,-1.0,5,0.0,0.0,73,0,0,0.0,0
29ABCDE7813F1Z376,3556.0,0.9999990157490004,1.8333333333333333,5,1.0,14.285714285714285,73,0,0,0.0,0
23ABCDE7531F1Z377,6573.340000000084,1.0000004411762304,0.6666666666666666,4,1.0,8.333333333333332,89,0,0,0.0,0
27ABCDE7902F1Z378,5396.859999999986,0.9999992773580941,-1.1666666666666667,5,1.0,10.0,86,0,0,0.0,0
22ABCDE8896F1Z379,2469.9099999999453,0.9999989473311509,-0.3333333333333333,5,0.0,0.0,99,0,0,0.0,0
10ABCDE6952F1Z380,5310.680000000051,1.000000244789814,-0.5,5,0.0,0.0,94,0,0,0.0,0
17ABCDE8964F1Z381,6506.000000000116,1.0000000922225902,-1.3333333333333333,2,1.0,6.25,92,0,0,0.0,0
24ABCDE6266F1Z382,4434.650000000023,0.9999990078144586,0.3333333333333333,4,1.0,11.11111111111111,72,0,0,0.0,0
20ABCDE6034F1Z383,4934.790000000037,0.9999992096934458,-3.0,0,1.0,10.0,94,0,0,0.0,0
13ABCDE1907F1Z384,3813.9100000000326,1.00000112745316,1.0,5,1.0,12.5,75,0,0,0.0,0
16ABCDE3960F1Z385,3012.509999999951,0.9999986390105033,-1.5,4,1.0,14.285714285714285,97,0,0,0.0,0
11ABCDE1305F1Z386,8605.280000000028,1.0000001626908428,0.6666666666666666,4,1.0,6.666666666666667,81,0,0,0.0,0
15ABCDE1019F1Z387,5692.489999999991,0.9999992094854008,-2.3333333333333335,3,3.0,21.428571428571427,80,0,0,0.0,0
27ABCDE2953F1Z388,4419.260000000009,0.9999992758973961,-0.6666666666666666,5,1.0,14.285714285714285,92,0,0,0.0,0
29ABCDE3456F1Z389,4250.930000000051,0.9999992001756722,0.3333333333333333,4,2.0,25.0,79,0,0,0.0,0
17ABCDE4143F1Z390,2989.850000000035,1.0000003679115808,-0.6666666666666666,2,1.0,16.666666666666664,78,0,0,0.0,0
27ABCDE5718F1Z391,5430.170000000042,1.0000005708848547,0.8333333333333334,5,2.0,16.666666666666664,83,0,0,0.0,0
18ABCDE4534F1Z392,3485.2700000000186,1.0000010042273721,-1.3333333333333333,4,0.0,0.0,80,0,0,0.0,0
20ABCDE9079F1Z393,4820.340000000084,0.9999991909291126,0.5,5,3.0,37.5,70,0,0,0.0,1
20ABCDE4883F1Z394,7356.34999999986,0.9999999999999811,0.6666666666666666,4,0.0,0.0,77,0,0,0.0,1
25ABCDE3009F1Z395,1956.9500000000116,0.9999985692041278,-1.3333333333333333,3,1.0,16.666666666666664,92,0,0,0.0,0
36ABCDE3024F1Z396,5635.650000000023,1.0000000709767376,-1.5,4,0.0,0.0,100,0,0,0.0,0
17ABCDE1790F1Z397,4645.25,1.0000009472050304,2.0,5,1.0,11.11111111111111,79,0,0,0.0,0
31ABCDE9122F1Z398,1817.210000000021,0.9999976887699981,-0.8333333333333334,4,1.0,16.666666666666664,83,0,0,0.0,0
14ABCDE1947F1Z399,3606.4199999999837,1.0000004159251024,2.8333333333333335,5,5.0,55.55555555555556,80,0,0,0.0,1
17ABCDE9250F1Z400,4837.990000000107,1.0000005167438126,1.6666666666666667,4,1.0,11.11111111111111,76,0,0,0.0,0
23ABCDE4512F1Z401,3523.750000000058,1.0000005675774934,0.5,5,2.0,22.22222222222222,99,0,0,0.0,1
24ABCDE1083F1Z402,1176.9400000000023,0.9999974510235434,0.3333333333333333,4,0.0,0.0,77,0,0,0.0,1
15ABCDE8613F1Z403,6858.520000000135,1.0000002041257328,2.0,5,3.0,25.0,78,0,0,0.0,0
23ABCDE2691F1Z404,4733.719999999972,1.0000001690003015,1.6666666666666667,5,1.0,10.0,95,0,0,0.0,0
36ABCDE8584F1Z405,4457.98000000004,1.000000807541296,-2.0,1,1.0,11.11111111111111,99,0,0,0.0,0
36ABCDE1854F1Z406,4561.309999999998,0.9999998903823798,2.8333333333333335,5,1.0,10.0,76,0,0,0.0,0
11ABCDE4822F1Z407,6685.769999999902,0.9999998055571993,0.5,4,0.0,0.0,83,0,0,0.0,0
23ABCDE2097F1Z408,5521.1699999999255,1.0000006520361215,1.8333333333333333,5,1.0,9.090909090909092,90,0,0,0.0,0
24ABCDE4715F1Z409,7170.619999999995,0.9999999581626146,-0.6666666666666666,2,2.0,16.666666666666664,89,0,0,0.0,0
27ABCDE3137F1Z410,2429.610000000015,0.9999989298705542,0.3333333333333333,4,0.0,0.0,93,0,0,0.0,0
24ABCDE9550F1Z411,9341.949999999953,0.9999996039372313,3.0,5,1.0,6.666666666666667,91,0,0,0.0,0
36ABCDE8114F1Z412,3790.7999999999884,0.9999993932682768,-1.6666666666666667,4,1.0,14.285714285714285,88,0,0,0.0,0
11ABCDE1099F1Z413,2716.5499999999884,1.0000013988350311,0.16666666666666666,2,0.0,0.0,90,0,0,0.0,0
16ABCDE2466F1Z414,4742.060000000056,0.9999995782425568,-0.3333333333333333,3,0.0,0.0,79,0,0,0.0,0
14ABCDE6226F1Z415,2218.5800000000454,0.9999995492614627,-0.5,5,1.0,20.0,70,0,0,0.0,0
28ABCDE8598F1Z416,4831.569999999949,1.0000000620916116,-1.5,4,0.0,0.0,88,0,0,0.0,0
19ABCDE9720F1Z417,4107.589999999967,0.999998831432927,-0.6666666666666666,4,2.0,25.0,84,0,0,0.0,0
25ABCDE7928F1Z418,5057.990000000107,1.000000494267751,2.3333333333333335,4,1.0,12.5,72,0,0,0.0,0
23ABCDE6849F1Z419,7413.810000000056,1.00000016186013,0.5,5,3.0,23.076923076923077,80,0,0,0.0,0
36ABCDE1685F1Z420,8233.689999999944,0.9999995627721615,-2.0,5,3.0,18.75,94,0,0,0.0,0
18ABCDE6833F1Z421,3926.1699999999837,0.9999994396577878,1.1666666666666667,5,2.0,28.57142857142857,80,0,0,0.0,0
23ABCDE1864F1Z422,4324.030000000028,0.9999999537468605,0.6666666666666666,4,0.0,0.0,95,0,0,0.0,0
18ABCDE3627F1Z423,6621.939999999944,1.0000003775330022,-1.1666666666666667,5,1.0,7.6923076923076925,78,0,0,0.0,0
17ABCDE2947F1Z424,3976.5400000000373,0.9999999497050318,-0.5,4,0.0,0.0,84,0,0,0.0,0
26ABCDE7536F1Z425,4949.409999999974,0.9999998787734391,-0.6666666666666666,5,2.0,22.22222222222222,74,0,0,0.0,0
19ABCDE8579F1Z426,2497.0,0.9999992791354816,1.8333333333333333,5,1.0,25.0,96,0,0,0.0,0
35ABCDE7320F1Z427,5995.159999999916,1.000000100080728,1.0,4,0.0,0.0,90,0,0,0.0,0
33ABCDE8386F1Z428,5601.839999999967,1.0000007319029047,1.1666666666666667,4,1.0,8.333333333333332,92,0,0,0.0,0
24ABCDE4572F1Z429,4206.809999999998,0.999999477038694,1.0,4,2.0,33.33333333333333,92,0,0,0.0,1
13ABCDE9112F1Z430,7952.4199999999255,1.0000001886218546,1.1666666666666667,5,2.0,12.5,86,0,0,0.0,0
16ABCDE6161F1Z431,2908.2399999999907,0.999998968449332,-1.1666666666666667,3,1.0,12.5,100,0,0,0.0,0
31ABCDE9460F1Z432,4462.789999999979,1.0000006050030616,1.3333333333333333,5,4.0,44.44444444444444,75,0,0,0.0,1
20ABCDE3430F1Z433,5825.660000000149,1.0000006522870588,1.1666666666666667,5,2.0,18.181818181818183,73,0,0,0.0,1
28ABCDE8599F1Z434,4046.8300000000745,1.0000003212392148,2.1666666666666665,5,1.0,14.285714285714285,90,0,0,0.0,0
13ABCDE6009F1Z435,5744.519999999902,1.0000002088947646,-0.5,1,4.0,36.36363636363637,97,0,0,0.0,1
31ABCDE8221F1Z436,4319.340000000026,1.0000005093373399,-1.5,5,1.0,12.5,83,0,0,0.0,0
12ABCDE4849F1Z437,9264.260000000126,0.9999995250567464,2.0,4,5.0,29.411764705882355,77,0,0,0.0,0
17ABCDE5391F1Z438,2411.609999999986,1.0000010366529322,0.3333333333333333,5,1.0,16.666666666666664,93,0,0,0.0,0
24ABCDE9771F1Z439,5132.380000000063,0.9999993959921001,-1.1666666666666667,3,0.0,0.0,80,0,0,0.0,0
10ABCDE3047F1Z440,2542.359999999986,0.9999980726606107,-0.16666666666666666,3,1.0,20.0,92,0,0,0.0,0
11ABCDE6663F1Z441,4858.409999999974,1.0000000617485953,-2.8333333333333335,-1,1.0,10.0,85,0,0,0.0,0
30ABCDE1505F1Z442,4888.830000000016,0.9999990999899723,-0.3333333333333333,5,1.0,9.090909090909092,89,0,0,0.0,0
35ABCDE3179F1Z443,3149.7299999999814,0.999999873004998,1.6666666666666667,5,1.0,16.666666666666664,90,0,0,0.0,0
30ABCDE6342F1Z444,6246.95000000007,0.999999311664577,1.0,5,3.0,23.076923076923077,74,0,0,0.0,0
34ABCDE5599F1Z445,2356.040000000008,1.0000004244411949,-1.1666666666666667,3,2.0,40.0,85,0,0,0.0,1
32ABCDE1655F1Z446,2286.7399999999907,1.0000000437303738,0.5,5,1.0,14.285714285714285,80,0,0,0.0,0
13ABCDE1838F1Z447,3689.520000000077,1.0000005420762483,1.6666666666666667,4,0.0,0.0,72,0,0,0.0,1
17ABCDE9882F1Z448,4350.049999999988,1.000000413788516,-1.8333333333333333,5,2.0,22.22222222222222,97,0,0,0.0,0
28ABCDE7679F1Z449,2686.6500000000815,0.9999988461480498,-1.6666666666666667,1,0.0,0.0,72,0,0,0.0,0
15ABCDE8119F1Z450,3531.640000000014,0.9999998301072918,0.3333333333333333,4,2.0,28.57142857142857,91,0,0,0.0,0
21ABCDE1160F1Z451,2956.7900000000373,0.9999993235912561,-0.8333333333333334,3,1.0,16.666666666666664,95,0,0,0.0,0
34ABCDE5292F1Z452,5337.119999999995,1.000000131156895,-0.16666666666666666,4,3.0,27.27272727272727,88,0,0,0.0,0
29ABCDE9529F1Z453,4449.200000000012,1.0000009664668181,0.16666666666666666,4,1.0,12.5,90,0,0,0.0,0
22ABCDE3776F1Z454,9159.920000000042,1.000000513105186,-0.16666666666666666,5,4.0,25.0,99,0,0,0.0,0
16ABCDE2489F1Z455,3660.140000000072,1.0000001366068347,0.6666666666666666,4,1.0,14.285714285714285,81,0,0,0.0,0
19ABCDE3449F1Z456,5150.340000000084,0.9999996310924684,2.1666666666666665,4,0.0,0.0,83,0,0,0.0,0
36ABCDE4144F1Z457,3621.8699999999953,1.0000010767929812,2.0,5,2.0,25.0,88,0,0,0.0,0
22ABCDE1578F1Z458,5387.70000000007,0.9999994431764463,3.8333333333333335,5,2.0,18.181818181818183,83,0,0,0.0,0
15ABCDE1596F1Z459,2672.2700000000186,1.0000006361636735,1.6666666666666667,5,1.0,20.0,95,0,0,0.0,0
31ABCDE1856F1Z460,5375.570000000065,0.9999995163306072,-0.8333333333333334,5,1.0,10.0,93,0,0,0.0,0
15ABCDE8307F1Z461,7559.040000000154,1.0000005159388183,-0.8333333333333334,2,4.0,33.33333333333333,84,0,0,0.0,1
24ABCDE4610F1Z462,5511.079999999958,1.0000003991959538,-0.5,3,1.0,9.090909090909092,80,0,0,0.0,0
33ABCDE6138F1Z463,4343.75,0.9999998848920996,-0.8333333333333334,4,1.0,14.285714285714285,84,0,0,0.0,0
11ABCDE1356F1Z464,5032.210000000021,0.999999205121249,-3.1666666666666665,-2,2.0,22.22222222222222,70,0,0,0.0,1
30ABCDE1063F1Z465,6066.789999999921,1.0000001813150152,1.0,5,1.0,11.11111111111111,76,0,0,0.0,0
21ABCDE2424F1Z466,6102.119999999995,1.0000004260816082,0.8333333333333334,5,5.0,41.66666666666667,89,0,0,0.0,1
30ABCDE2820F1Z467,5471.180000000051,0.9999999086120539,-1.0,2,1.0,10.0,74,0,0,0.0,0
29ABCDE8990F1Z468,4398.280000000028,1.0000000909446565,-0.5,2,2.0,28.57142857142857,97,0,0,0.0,0
23ABCDE9173F1Z469,3526.5500000000466,0.999999744793148,1.6666666666666667,4,1.0,16.666666666666664,81,0,0,0.0,0
13ABCDE7151F1Z470,5060.630000000005,1.0000007904160482,-1.3333333333333333,3,1.0,9.090909090909092,98,0,0,0.0,0
29ABCDE3742F1Z471,4218.309999999998,0.9999991465783857,-3.0,0,1.0,9.090909090909092,97,0,0,0.0,0
25ABCDE9668F1Z472,8717.709999999963,0.9999999197036858,-0.5,4,0.0,0.0,82,0,0,0.0,0
14ABCDE4876F1Z473,2778.469999999972,1.0000001079730947,-0.3333333333333333,5,1.0,16.666666666666664,85,0,0,0.0,1
21ABCDE2583F1Z474,5586.959999999963,1.0000005190660874,-0.5,4,1.0,11.11111111111111,96,0,0,0.0,0
23ABCDE7990F1Z475,7819.899999999907,1.0000004347883458,1.1666666666666667,4,1.0,6.666666666666667,99,0,0,0.0,0
32ABCDE7086F1Z476,4152.02999999997,1.0000006502847345,1.6666666666666667,5,2.0,22.22222222222222,89,0,0,0.0,0
15ABCDE8796F1Z477,2437.9500000000116,1.0000013946162774,-0.5,4,1.0,14.285714285714285,70,0,0,0.0,0
15ABCDE8508F1Z478,4433.950000000128,0.9999988948918102,-1.1666666666666667,2,2.0,20.0,88,0,0,0.0,0
18ABCDE4930F1Z479,1440.9199999999837,1.000000902202174,0.6666666666666666,4,1.0,33.33333333333333,74,0,0,0.0,1
29ABCDE8493F1Z480,9480.589999999967,1.000000158218023,1.5,5,1.0,6.25,84,0,0,0.0,0
15ABCDE1633F1Z481,2797.8699999999953,1.000001429661033,0.16666666666666666,5,0.0,0.0,92,0,0,0.0,0
30ABCDE9252F1Z482,4479.0,1.0000000446528263,0.3333333333333333,4,2.0,18.181818181818183,74,0,0,0.0,0
36ABCDE9719F1Z483,5079.660000000033,1.0000008071412931,0.5,5,2.0,20.0,85,0,0,0.0,1
23ABCDE5269F1Z484,4837.040000000037,1.0000003307809253,-0.5,2,2.0,16.666666666666664,96,0,0,0.0,0
24ABCDE9303F1Z485,6123.739999999991,0.9999995917529175,0.5,5,1.0,7.6923076923076925,90,0,0,0.0,0
33ABCDE6890F1Z486,7226.289999999921,1.0000001660603326,1.6666666666666667,4,2.0,14.285714285714285,93,0,0,0.0,0
11ABCDE8895F1Z487,4306.719999999972,0.9999998839023736,-0.5,4,1.0,10.0,81,0,0,0.0,0
11ABCDE1137F1Z488,4560.880000000005,0.99999894757263,-1.6666666666666667,4,0.0,0.0,90,0,0,0.0,1
18ABCDE9406F1Z489,5668.539999999921,0.9999997353816535,0.0,4,2.0,18.181818181818183,76,0,0,0.0,0
18ABCDE6882F1Z490,2495.8399999999965,0.9999980768034921,2.6666666666666665,5,1.0,16.666666666666664,93,0,0,0.0,0
35ABCDE9533F1Z491,4488.690000000002,0.999999086594028,0.5,5,1.0,9.090909090909092,80,0,0,0.0,0
21ABCDE1578F1Z492,5717.929999999935,1.0000004896879302,0.8333333333333334,5,4.0,44.44444444444444,93,0,0,0.0,1
24ABCDE2403F1Z493,6869.689999999944,0.9999997234228138,-0.3333333333333333,3,2.0,15.384615384615385,72,0,0,0.0,0
33ABCDE6837F1Z494,2479.1900000000023,1.0000002016788156,-0.3333333333333333,4,1.0,25.0,81,0,0,0.0,0
31ABCDE7376F1Z495,4955.849999999977,0.9999990516267512,0.3333333333333333,5,1.0,9.090909090909092,74,0,0,0.0,0
21ABCDE8263F1Z496,3342.390000000014,0.9999994614634987,0.3333333333333333,4,1.0,11.11111111111111,92,0,0,0.0,0
31ABCDE2202F1Z497,5697.630000000005,0.9999992453008092,-1.1666666666666667,4,3.0,25.0,89,0,0,0.0,0
33ABCDE5213F1Z498,4275.380000000005,0.9999991579702942,-1.1666666666666667,4,1.0,11.11111111111111,72,0,0,0.0,0
11ABCDE8859F1Z499,5482.739999999991,0.9999997993704263,-2.0,3,2.0,20.0,90,0,0,0.0,0
23ABCDE7029F1Z500,5358.14000000013,1.0000003546008136,-1.5,1,3.0,25.0,84,0,0,0.0,1
34ABCDE2531F1Z501,5156.460000000021,1.000000814512949,2.5,5,4.0,36.36363636363637,79,0,0,0.0,1
33ABCDE1137F1Z502,4029.5,1.0000006204247551,-2.1666666666666665,1,3.0,37.5,70,0,0,0.0,1
31ABCDE8675F1Z503,5147.309999999998,1.000000835388502,-3.5,-1,4.0,40.0,74,0,0,0.0,1
26ABCDE7188F1Z504,5770.180000000051,0.9999999480085657,1.3333333333333333,4,3.0,30.0,83,0,0,0.0,0
29ABCDE3626F1Z505,4728.580000000016,1.0000008036245702,-2.3333333333333335,-1,4.0,33.33333333333333,88,0,0,0.0,1
36ABCDE6194F1Z506,6786.750000000116,0.9999998673886963,-0.5,5,2.0,16.666666666666664,82,0,0,0.0,0
12ABCDE8728F1Z507,5629.960000000079,1.0000000177621298,-1.1666666666666667,4,0.0,0.0,83,0,0,0.0,0
15ABCDE9697F1Z508,5471.869999999995,0.9999995248427376,1.1666666666666667,4,4.0,36.36363636363637,77,0,0,0.0,1
35ABCDE9382F1Z509,3593.8699999999953,0.9999987478694637,-1.1666666666666667,4,3.0,37.5,75,0,0,0.0,1
28ABCDE9326F1Z510,7436.130000000005,1.0000001748221496,3.0,5,1.0,7.142857142857142,79,0,0,0.0,0
18ABCDE4939F1Z511,2086.529999999999,0.9999991373244341,-0.6666666666666666,3,1.0,12.5,95,0,0,0.0,0
33ABCDE9503F1Z512,5423.369999999995,1.0000007006718439,-1.0,5,2.0,20.0,73,0,0,0.0,0
20ABCDE4702F1Z513,5037.850000000093,1.0000007344408446,-1.6666666666666667,5,3.0,25.0,75,0,0,0.0,0
31ABCDE3087F1Z514,6436.120000000228,0.999999906776176,-0.3333333333333333,4,1.0,10.0,71,0,0,0.0,0
35ABCDE7026F1Z515,7601.910000000033,1.0000001841642812,1.5,4,0.0,0.0,76,0,0,0.0,0
23ABCDE1380F1Z516,4689.819999999949,1.0000005970381851,1.1666666666666667,5,2.0,18.181818181818183,83,0,0,0.0,0
17ABCDE7689F1Z517,6831.750000000116,1.0000005708643234,-0.6666666666666666,4,0.0,0.0,87,0,0,0.0,0
28ABCDE9229F1Z518,5191.669999999984,1.0000004622792074,-0.8333333333333334,5,1.0,10.0,93,0,0,0.0,0
33ABCDE3804F1Z519,2912.7700000000186,0.9999993133688523,-1.8333333333333333,5,0.0,0.0,98,0,0,0.0,0
27ABCDE6431F1Z520,6409.95000000007,0.9999998439925779,0.8333333333333334,5,4.0,30.76923076923077,87,0,0,0.0,1
33ABCDE1015F1Z521,4317.839999999967,1.000000208437588,-1.5,3,1.0,12.5,99,0,0,0.0,0
29ABCDE7939F1Z522,4984.299999999988,1.0000002407560293,1.6666666666666667,3,2.0,20.0,74,0,0,0.0,0
21ABCDE6789F1Z523,4315.979999999981,1.0000004402246576,-0.8333333333333334,4,0.0,0.0,86,0,0,0.0,0
16ABCDE8114F1Z524,5872.3300000000745,0.9999995402167992,0.16666666666666666,5,1.0,10.0,97,0,0,0.0,0
25ABCDE9282F1Z525,4139.140000000014,1.0000009422256044,0.0,5,2.0,22.22222222222222,98,0,0,0.0,0
11ABCDE1080F1Z526,7191.5299999999115,1.0000000973367253,2.0,5,4.0,30.76923076923077,77,0,0,0.0,1
17ABCDE2606F1Z527,2911.3000000000466,0.9999990382312847,-0.6666666666666666,5,1.0,11.11111111111111,83,0,0,0.0,0
16ABCDE1567F1Z528,6838.619999999879,1.000000014622816,0.3333333333333333,5,2.0,13.333333333333334,86,0,0,0.0,0
30ABCDE3787F1Z529,7389.219999999972,1.0000000135332245,0.8333333333333334,4,2.0,15.384615384615385,72,0,0,0.0,0
29ABCDE2291F1Z530,5073.429999999993,1.0000004139213239,-0.6666666666666666,5,2.0,18.181818181818183,86,0,0,0.0,0
33ABCDE6309F1Z531,3421.0200000000186,0.999999912306869,-0.5,4,2.0,28.57142857142857,80,0,0,0.0,0
27ABCDE8750F1Z532,4087.969999999972,1.0000011252541356,-0.8333333333333334,5,0.0,0.0,94,0,0,0.0,0
24ABCDE7103F1Z533,7570.3300000000745,1.0000005680072752,-2.0,3,0.0,0.0,97,0,0,0.0,0
10ABCDE4034F1Z534,8005.639999999898,1.0000005121391917,1.0,5,1.0,7.142857142857142,88,0,0,0.0,0
34ABCDE8100F1Z535,4299.559999999998,1.0000009303286195,0.6666666666666666,4,3.0,30.0,84,0,0,0.0,0
14ABCDE6638F1Z536,2459.2000000000116,0.9999993493823408,-1.5,4,0.0,0.0,88,0,0,0.0,0
18ABCDE6498F1Z537,7932.109999999986,0.9999995713626568,-0.16666666666666666,5,2.0,15.384615384615385,75,0,0,0.0,0
36ABCDE1622F1Z538,3374.3300000000163,0.9999987553100153,0.16666666666666666,4,0.0,0.0,91,0,0,0.0,0
28ABCDE1056F1Z539,4152.649999999965,1.000000626106605,0.16666666666666666,5,1.0,14.285714285714285,87,0,0,0.0,1
19ABCDE8897F1Z540,3379.430000000051,0.999998993914202,-1.1666666666666667,2,2.0,22.22222222222222,89,0,0,0.0,0
27ABCDE1954F1Z541,5396.350000000093,0.9999996479103027,-1.1666666666666667,4,1.0,11.11111111111111,84,0,0,0.0,0
34ABCDE9177F1Z542,6553.239999999874,1.000000183115542,-0.8333333333333334,4,1.0,9.090909090909092,79,0,0,0.0,0
14ABCDE9427F1Z543,3545.6399999999558,1.0000000564072966,-0.8333333333333334,4,1.0,16.666666666666664,95,0,0,0.0,0
12ABCDE8685F1Z544,3220.6199999999953,0.9999995963511745,1.8333333333333333,5,2.0,22.22222222222222,73,0,0,0.0,0
13ABCDE2846F1Z545,4184.759999999951,1.0000002150661316,-0.5,5,0.0,0.0,89,0,0,0.0,0
19ABCDE6081F1Z546,5841.190000000177,0.9999993323283064,-0.3333333333333333,5,2.0,16.666666666666664,100,0,0,0.0,0
19ABCDE1983F1Z547,2923.7999999999884,0.9999983241015803,1.3333333333333333,5,2.0,28.57142857142857,75,0,0,0.0,0
20ABCDE4120F1Z548,4596.119999999995,0.999999999999999,-0.3333333333333333,5,0.0,0.0,71,0,0,0.0,0
28ABCDE2485F1Z549,5094.490000000049,1.0000008047917157,-0.5,3,1.0,9.090909090909092,75,0,0,0.0,1
31ABCDE4326F1Z550,3393.7999999999884,0.9999990276395772,-0.8333333333333334,3,2.0,25.0,79,0,0,0.0,0
15ABCDE1988F1Z551,1022.4899999999907,1.0000023472167199,1.5,4,0.0,0.0,83,0,0,0.0,0
12ABCDE3312F1Z552,3646.2200000000303,1.0000009873248417,-1.5,5,2.0,22.22222222222222,73,0,0,0.0,0
13ABCDE2701F1Z553,4735.870000000112,1.0000005490018808,-1.5,0,0.0,0.0,81,0,0,0.0,0
32ABCDE2459F1Z554,3696.530000000086,1.000000216419252,0.5,5,2.0,22.22222222222222,84,0,0,0.0,0
11ABCDE3591F1Z555,6108.0299999999115,1.0000007203636985,-0.16666666666666666,5,0.0,0.0,71,0,0,0.0,0
17ABCDE7092F1Z556,3782.3099999999977,0.9999989953239727,-1.5,1,1.0,12.5,96,0,0,0.0,0
19ABCDE7061F1Z557,7230.960000000079,1.0000006776421662,-0.5,5,0.0,0.0,72,0,0,0.0,0
31ABCDE1063F1Z558,4004.960000000021,1.0000007241026427,0.5,4,0.0,0.0,97,0,0,0.0,0
14ABCDE8875F1Z559,6423.740000000107,1.0000006693924388,-0.8333333333333334,2,2.0,18.181818181818183,72,0,0,0.0,0
27ABCDE3452F1Z560,4970.759999999893,0.9999992958827941,-1.3333333333333333,1,0.0,0.0,77,0,0,0.0,0
21ABCDE5637F1Z561,3534.6699999999255,0.99999963221472,-0.8333333333333334,3,1.0,12.5,96,0,0,0.0,0
10ABCDE3373F1Z562,3092.4700000000303,0.9999997413071872,1.1666666666666667,5,1.0,20.0,94,0,0,0.0,0
30ABCDE9527F1Z563,5765.6699999999255,0.999999392959023,-1.1666666666666667,2,1.0,10.0,92,0,0,0.0,0
26ABCDE6502F1Z564,3138.170000000042,0.9999989165672112,0.6666666666666666,5,1.0,16.666666666666664,85,0,0,0.0,0
34ABCDE3423F1Z565,2710.2000000000116,0.9999993358428186,-1.8333333333333333,1,1.0,16.666666666666664,79,0,0,0.0,0
14ABCDE2846F1Z566,8303.819999999949,1.0000003974076102,0.0,4,3.0,20.0,84,0,0,0.0,0
16ABCDE6562F1Z567,1579.6100000000151,1.0000021524346727,-1.0,3,1.0,33.33333333333333,84,0,0,0.0,1
12ABCDE9094F1Z568,4490.210000000079,0.9999999777293447,1.5,5,1.0,11.11111111111111,88,0,0,0.0,0
17ABCDE2450F1Z569,6208.239999999991,0.9999999033542597,1.3333333333333333,5,2.0,18.181818181818183,91,0,0,0.0,0
20ABCDE9380F1Z570,6361.949999999953,1.0000003929614247,-1.1666666666666667,3,2.0,14.285714285714285,82,0,0,0.0,0
21ABCDE5463F1Z571,3081.7600000000093,1.0000015900030503,0.3333333333333333,4,1.0,14.285714285714285,72,0,0,0.0,0
25ABCDE5557F1Z572,7552.480000000098,0.9999996425016765,-0.8333333333333334,4,0.0,0.0,99,0,0,0.0,0
13ABCDE6001F1Z573,2950.3099999999977,1.0000009490537114,0.8333333333333334,5,1.0,16.666666666666664,86,0,0,0.0,0
36ABCDE3920F1Z574,3143.890000000014,1.000000922424986,-0.16666666666666666,4,0.0,0.0,87,0,0,0.0,0
16ABCDE2218F1Z575,4847.4000000000815,0.9999995048894808,-0.3333333333333333,5,2.0,18.181818181818183,84,0,0,0.0,0
26ABCDE9263F1Z576,5302.790000000037,0.9999996794141539,-0.3333333333333333,5,0.0,0.0,85,0,0,0.0,0
30ABCDE6757F1Z577,7909.339999999967,1.0000005057314505,-0.3333333333333333,4,0.0,0.0,73,0,0,0.0,0
14ABCDE8611F1Z578,3928.8099999999977,1.0000003054360898,2.3333333333333335,5,2.0,28.57142857142857,97,0,0,0.0,0
35ABCDE4733F1Z579,4408.26999999996,1.0000004763775723,-1.1666666666666667,3,0.0,0.0,80,0,0,0.0,0
33ABCDE6745F1Z580,4485.320000000007,1.0000006019641035,1.8333333333333333,4,2.0,22.22222222222222,72,0,0,0.0,0
28ABCDE2311F1Z581,3091.5900000000256,1.0000014232179195,-1.0,3,0.0,0.0,79,0,0,0.0,0
35ABCDE4518F1Z582,7511.290000000037,1.0000000266265905,2.6666666666666665,5,1.0,7.142857142857142,84,0,0,0.0,0
36ABCDE9365F1Z583,1908.0499999999884,0.999999056629379,-1.1666666666666667,5,0.0,0.0,81,0,0,0.0,0
31ABCDE4072F1Z584,5267.630000000005,0.9999992786134839,-0.5,5,1.0,8.333333333333332,70,0,0,0.0,0
26ABCDE5871F1Z585,3996.939999999886,0.9999988241017912,2.0,4,5.0,71.42857142857143,92,0,0,0.0,1
15ABCDE4390F1Z586,4785.72000000003,0.9999998119405646,0.16666666666666666,3,0.0,0.0,72,0,0,0.0,0
35ABCDE5913F1Z587,3631.7699999999604,0.9999993942351232,1.0,5,1.0,12.5,74,0,0,0.0,0
11ABCDE4134F1Z588,5880.310000000056,1.0000003061064138,0.0,5,2.0,16.666666666666664,76,0,0,0.0,0
10ABCDE5485F1Z589,6571.400000000023,1.000000502176352,0.5,3,3.0,25.0,83,0,0,0.0,0
32ABCDE1708F1Z590,2433.850000000006,0.9999989728218969,-0.6666666666666666,4,1.0,20.0,77,0,0,0.0,0
14ABCDE8033F1Z591,3315.75,0.9999987031608464,0.16666666666666666,3,1.0,16.666666666666664,95,0,0,0.0,0
18ABCDE3535F1Z592,4656.22000000003,1.0000007946366303,0.3333333333333333,5,3.0,30.0,74,0,0,0.0,0
20ABCDE8845F1Z593,4904.450000000012,1.0000004485724185,1.1666666666666667,5,2.0,18.181818181818183,70,0,0,0.0,0
14ABCDE4798F1Z594,4038.5100000000093,0.9999988114442492,0.8333333333333334,4,3.0,42.857142857142854,92,0,0,0.0,1
19ABCDE3933F1Z595,7143.539999999921,1.000000041995976,-0.5,5,1.0,9.090909090909092,74,0,0,0.0,0
12ABCDE7845F1Z596,3138.2000000000116,1.0000001593270318,1.1666666666666667,5,4.0,57.14285714285714,86,0,0,0.0,1
36ABCDE1776F1Z597,5151.930000000051,0.999999825308226,-1.5,3,3.0,33.33333333333333,83,0,0,0.0,1
19ABCDE7167F1Z598,1690.5899999999965,0.9999981663239941,0.16666666666666666,5,0.0,0.0,79,0,0,0.0,0
10ABCDE6923F1Z599,6678.989999999991,0.9999999700553522,-0.5,1,2.0,18.181818181818183,72,0,0,0.0,0
20ABCDE9393F1Z600,5054.840000000026,0.9999997428208132,-0.5,4,5.0,55.55555555555556,75,0,0,0.0,1
35ABCDE7011F1Z601,6095.010000000009,1.0000005578336877,-0.8333333333333334,3,1.0,9.090909090909092,82,0,0,0.0,0
28ABCDE6163F1Z602,5934.869999999995,0.9999992754690684,0.8333333333333334,5,2.0,20.0,81,0,0,0.0,1
23ABCDE9939F1Z603,5321.780000000028,1.0000002066978069,-0.8333333333333334,1,1.0,9.090909090909092,80,0,0,0.0,0
10ABCDE1295F1Z604,3778.9899999999907,1.0000008732499617,-1.1666666666666667,4,1.0,10.0,70,0,0,0.0,0
34ABCDE3461F1Z605,4445.169999999984,0.9999998650220496,-0.16666666666666666,4,4.0,36.36363636363637,82,0,0,0.0,1
10ABCDE1047F1Z606,2650.3099999999977,0.9999983398196068,0.6666666666666666,5,1.0,20.0,84,0,0,0.0,0
31ABCDE8214F1Z607,3542.1900000000023,1.0000010163214454,-1.0,2,2.0,28.57142857142857,84,0,0,0.0,0
28ABCDE3737F1Z608,3274.3400000000256,1.0000003664862125,2.1666666666666665,5,2.0,25.0,82,0,0,0.0,0
16ABCDE2440F1Z609,3811.6900000000023,1.000001180580088,-1.0,2,1.0,14.285714285714285,77,0,0,0.0,0
20ABCDE6585F1Z610,2618.5899999999965,0.9999999618115093,-1.3333333333333333,5,0.0,0.0,96,0,0,0.0,0
32ABCDE4273F1Z611,3692.670000000042,1.0000004603717159,0.3333333333333333,5,0.0,0.0,98,0,0,0.0,0
10ABCDE5082F1Z612,6684.909999999916,1.000000179508794,-0.8333333333333334,4,1.0,8.333333333333332,72,0,0,0.0,0
17ABCDE3362F1Z613,2239.4400000000023,0.9999994641520404,2.1666666666666665,5,1.0,20.0,77,0,0,0.0,0
28ABCDE2086F1Z614,7401.750000000116,1.0000005269027148,-1.5,3,1.0,7.6923076923076925,72,0,0,0.0,0
36ABCDE1106F1Z615,2920.890000000014,1.0000003765976904,-0.16666666666666666,4,0.0,0.0,70,0,0,0.0,0
12ABCDE7970F1Z616,5709.599999999977,0.9999992994260156,-3.1666666666666665,0,2.0,20.0,80,0,0,0.0,1
20ABCDE8709F1Z617,7015.820000000065,0.9999994868742231,-0.16666666666666666,5,2.0,16.666666666666664,98,0,0,0.0,0
12ABCDE7785F1Z618,2978.820000000065,1.0000002685628133,1.1666666666666667,5,1.0,12.5,98,0,0,0.0,0
32ABCDE7393F1Z619,3299.3800000000047,1.0000011820416608,0.16666666666666666,5,4.0,44.44444444444444,88,0,0,0.0,1
30ABCDE8730F1Z620,4129.630000000005,0.9999990798215582,0.6666666666666666,4,3.0,30.0,73,0,0,0.0,0
16ABCDE8095F1Z621,5680.150000000023,1.000000035210343,0.16666666666666666,3,1.0,9.090909090909092,91,0,0,0.0,0
34ABCDE4682F1Z622,4772.849999999977,0.9999991200233975,0.6666666666666666,5,2.0,25.0,92,0,0,0.0,1
26ABCDE7783F1Z623,2744.509999999951,0.9999982874932138,-0.8333333333333334,4,2.0,33.33333333333333,85,0,0,0.0,1
35ABCDE1787F1Z624,6436.040000000037,1.0000003573627352,-1.5,4,3.0,25.0,96,0,0,0.0,0
30ABCDE8411F1Z625,7445.829999999958,1.0000002551764469,0.16666666666666666,5,0.0,0.0,98,0,0,0.0,0
14ABCDE8360F1Z626,5173.0800000000745,1.000000328624462,-0.5,5,4.0,36.36363636363637,79,0,0,0.0,0
32ABCDE6248F1Z627,2518.4400000000314,0.9999996426360576,2.5,5,2.0,25.0,93,0,0,0.0,0
24ABCDE8017F1Z628,4959.690000000002,0.9999992943112317,0.3333333333333333,4,4.0,36.36363636363637,96,0,0,0.0,1
25ABCDE6419F1Z629,2475.959999999992,1.0000008885450278,1.8333333333333333,5,1.0,14.285714285714285,74,0,0,0.0,0
33ABCDE8909F1Z630,3757.4500000000116,0.999999787089697,-0.3333333333333333,1,2.0,25.0,80,0,0,0.0,0
33ABCDE6633F1Z631,5774.219999999972,1.0000004675958372,0.0,4,1.0,11.11111111111111,90,0,0,0.0,0
30ABCDE9783F1Z632,3044.579999999958,0.9999998029285081,0.16666666666666666,5,2.0,25.0,70,0,0,0.0,0
24ABCDE3557F1Z633,3936.9199999999837,1.000000711216376,-2.8333333333333335,1,1.0,14.285714285714285,74,0,0,0.0,0
16ABCDE7568F1Z634,4014.5599999999977,1.000000946555437,2.1666666666666665,5,1.0,11.11111111111111,95,0,0,0.0,0
12ABCDE4674F1Z635,6316.469999999972,0.9999997941888809,-2.8333333333333335,0,1.0,10.0,90,0,0,0.0,1
14ABCDE8181F1Z636,2924.289999999921,1.0000010942838855,0.5,4,1.0,14.285714285714285,80,0,0,0.0,0
13ABCDE5601F1Z637,3558.8800000000047,1.0000001123949247,0.16666666666666666,3,1.0,14.285714285714285,75,0,0,0.0,0
13ABCDE7271F1Z638,4031.0500000000466,1.0000005457638201,-0.6666666666666666,4,1.0,12.5,89,0,0,0.0,0
30ABCDE8231F1Z639,3996.6199999999953,0.9999993244295978,-1.0,4,4.0,40.0,95,0,0,0.0,1
13ABCDE8262F1Z640,5398.949999999953,1.0000007038410483,0.3333333333333333,5,1.0,10.0,100,0,0,0.0,0
28ABCDE2110F1Z641,3777.1699999999837,0.9999993646040577,-1.1666666666666667,1,0.0,0.0,91,0,0,0.0,0
18ABCDE2874F1Z642,7119.890000000014,1.00000056180675,0.0,3,1.0,7.142857142857142,90,0,0,0.0,0
36ABCDE4925F1Z643,2492.99000000002,1.000001885289905,-0.6666666666666666,3,0.0,0.0,94,0,0,0.0,0
34ABCDE7399F1Z644,6599.450000000186,0.9999995757224273,0.6666666666666666,5,0.0,0.0,87,0,0,0.0,0
27ABCDE8886F1Z645,4077.329999999958,1.0000009810351094,1.5,4,2.0,22.22222222222222,76,0,0,0.0,0
26ABCDE5015F1Z646,4557.700000000012,1.0000008556954931,-1.3333333333333333,4,2.0,25.0,97,0,0,0.0,0
19ABCDE4556F1Z647,4271.780000000028,1.000000561827008,-0.3333333333333333,5,2.0,25.0,71,0,0,0.0,0
36ABCDE2030F1Z648,4237.690000000002,0.9999997404246862,0.0,5,0.0,0.0,87,0,0,0.0,0
29ABCDE6735F1Z649,5379.8099999999395,0.9999991077759665,-1.3333333333333333,3,2.0,18.181818181818183,100,0,0,0.0,0
35ABCDE5742F1Z650,4348.090000000026,1.0000009659423061,0.8333333333333334,3,0.0,0.0,82,0,0,0.0,0
33ABCDE6864F1Z651,6444.229999999981,1.0000006362284697,-0.8333333333333334,4,2.0,18.181818181818183,77,0,0,0.0,0
32ABCDE7898F1Z652,4109.240000000107,0.9999988805728688,-1.3333333333333333,0,3.0,33.33333333333333,80,0,0,0.0,1
19ABCDE1154F1Z653,4179.6900000000605,1.0000001196261254,-0.3333333333333333,4,3.0,30.0,72,0,0,0.0,0
28ABCDE6731F1Z654,9877.69000000006,0.9999999493808861,1.0,5,4.0,23.52941176470588,77,0,0,0.0,1
22ABCDE8081F1Z655,5895.510000000009,1.0000003731654818,0.6666666666666666,5,0.0,0.0,79,0,0,0.0,0
26ABCDE9663F1Z656,7523.070000000065,1.000000106339586,-0.8333333333333334,5,1.0,8.333333333333332,71,0,0,0.0,0
15ABCDE5200F1Z657,4787.239999999991,1.0000008146663146,-1.1666666666666667,4,1.0,12.5,93,0,0,0.0,0
23ABCDE5620F1Z658,2385.9400000000023,1.0000008801570244,0.5,5,4.0,66.66666666666666,79,0,0,0.0,1
35ABCDE5994F1Z659,3954.7700000000186,1.000000783864156,0.6666666666666666,5,1.0,14.285714285714285,72,0,0,0.0,0
36ABCDE5861F1Z660,4005.5500000000466,1.0000010984770829,0.6666666666666666,4,1.0,11.11111111111111,79,0,0,0.0,0
14ABCDE8524F1Z661,6521.070000000065,1.0000003527029884,-1.3333333333333333,5,3.0,30.0,95,0,0,0.0,0
27ABCDE6642F1Z662,6216.109999999986,1.0000007721877013,0.6666666666666666,4,0.0,0.0,83,0,0,0.0,0
22ABCDE6465F1Z663,5973.5299999999115,1.000000585918538,0.5,5,4.0,33.33333333333333,77,0,0,0.0,1
15ABCDE7319F1Z664,4331.619999999995,1.0000003001187512,-1.1666666666666667,5,0.0,0.0,78,0,0,0.0,0
21ABCDE2110F1Z665,6787.369999999995,1.0000005303971795,-1.3333333333333333,4,4.0,36.36363636363637,74,0,0,0.0,0
19ABCDE7121F1Z666,4113.699999999953,0.9999997569098856,-1.6666666666666667,3,2.0,25.0,75,0,0,0.0,0
18ABCDE6884F1Z667,3634.1900000000023,0.9999998349013401,-0.8333333333333334,3,1.0,11.11111111111111,89,0,0,0.0,0
10ABCDE8772F1Z668,6424.3300000000745,1.0000005136725183,-0.6666666666666666,5,3.0,27.27272727272727,94,0,0,0.0,0
27ABCDE1838F1Z669,4583.770000000019,1.0000001308966413,-1.1666666666666667,2,1.0,10.0,76,0,0,0.0,0
26ABCDE5264F1Z670,1885.0899999999965,1.000002068871017,0.16666666666666666,3,2.0,33.33333333333333,82,0,0,0.0,1
21ABCDE1480F1Z671,3233.820000000007,0.9999995979988154,-2.8333333333333335,0,2.0,33.33333333333333,100,0,0,0.0,1
28ABCDE7457F1Z672,2760.4400000000023,1.0000016664037863,-2.8333333333333335,-2,0.0,0.0,99,0,0,0.0,0
19ABCDE4250F1Z673,6423.879999999888,0.9999996263941398,1.6666666666666667,5,1.0,7.6923076923076925,97,0,0,0.0,0
29ABCDE8384F1Z674,5707.509999999893,1.0000004029779748,1.3333333333333333,5,3.0,33.33333333333333,99,0,0,0.0,1
30ABCDE3091F1Z675,8347.699999999953,1.0000000119793422,2.3333333333333335,5,2.0,15.384615384615385,97,0,0,0.0,0
13ABCDE2128F1Z676,6774.5599999999395,1.0000000295222045,1.1666666666666667,5,5.0,33.33333333333333,97,0,0,0.0,1
22ABCDE7054F1Z677,3542.8800000000047,1.0000003387076082,-1.5,2,1.0,16.666666666666664,84,0,0,0.0,0
30ABCDE3918F1Z678,7071.590000000084,1.0000002545397204,0.3333333333333333,5,2.0,14.285714285714285,100,0,0,0.0,0
27ABCDE9920F1Z679,5317.8099999999395,1.0000000188047227,0.6666666666666666,5,2.0,20.0,80,0,0,0.0,0
33ABCDE1648F1Z680,3619.9100000000326,1.0000003315000732,-0.16666666666666666,3,0.0,0.0,78,0,0,0.0,0
23ABCDE1877F1Z681,4317.140000000014,1.000001019194304,1.0,3,3.0,30.0,82,0,0,0.0,0
33ABCDE3285F1Z682,5857.350000000093,0.9999999317097528,2.8333333333333335,5,0.0,0.0,86,0,0,0.0,0
32ABCDE8704F1Z683,3998.359999999928,0.9999997248872615,-0.6666666666666666,4,1.0,9.090909090909092,84,0,0,0.0,1
13ABCDE9700F1Z684,5442.599999999977,1.0000002939772255,-2.3333333333333335,2,2.0,20.0,87,0,0,0.0,0
27ABCDE1891F1Z685,3612.429999999993,0.9999999723178015,-0.5,4,1.0,12.5,98,0,0,0.0,0
31ABCDE7827F1Z686,6575.340000000084,1.000000425833687,-0.3333333333333333,5,0.0,0.0,99,0,0,0.0,0
13ABCDE3104F1Z687,2562.720000000001,0.999998985453986,-0.16666666666666666,3,1.0,14.285714285714285,91,0,0,0.0,0
17ABCDE2277F1Z688,3542.0499999999884,1.000001242220029,1.0,4,0.0,0.0,91,0,0,0.0,0
33ABCDE4027F1Z689,4623.899999999965,0.9999992214370484,-1.5,3,1.0,11.11111111111111,98,0,0,0.0,0
29ABCDE9153F1Z690,4067.3499999999767,1.000000614651189,0.0,2,1.0,11.11111111111111,73,0,0,0.0,0
19ABCDE2975F1Z691,4183.619999999995,0.9999994741398961,0.16666666666666666,3,2.0,18.181818181818183,97,0,0,0.0,0
26ABCDE4302F1Z692,4767.299999999988,1.0000010278365163,0.6666666666666666,4,1.0,12.5,85,0,0,0.0,0
10ABCDE7594F1Z693,4175.530000000028,1.0000006945231006,0.5,5,2.0,18.181818181818183,99,0,0,0.0,0
28ABCDE9365F1Z694,5675.050000000047,0.999999859032107,3.1666666666666665,5,3.0,25.0,83,0,0,0.0,0
30ABCDE4085F1Z695,6278.439999999944,1.0000007008115117,-1.6666666666666667,3,2.0,15.384615384615385,94,0,0,0.0,0
14ABCDE4016F1Z696,5316.020000000019,0.9999994544794037,-0.8333333333333334,2,0.0,0.0,73,0,0,0.0,0
19ABCDE9155F1Z697,7463.909999999916,0.9999997320439893,-2.0,4,2.0,16.666666666666664,82,0,0,0.0,0
23ABCDE1469F1Z698,4016.0299999999697,1.0000011454110749,0.3333333333333333,3,4.0,44.44444444444444,97,0,0,0.0,1
24ABCDE8010F1Z699,5015.51999999996,0.9999990629096017,0.3333333333333333,4,0.0,0.0,74,0,0,0.0,0
22ABCDE5107F1Z700,5343.150000000023,0.9999991203698488,1.1666666666666667,4,2.0,20.0,93,0,0,0.0,0
26ABCDE6236F1Z701,5984.609999999986,1.0000002673524948,0.8333333333333334,5,3.0,23.076923076923077,90,0,0,0.0,0
16ABCDE4036F1Z702,2915.1300000000047,0.999999451139703,1.0,5,1.0,16.666666666666664,80,0,0,0.0,1
14ABCDE9777F1Z703,5034.409999999974,1.0000000595899008,1.3333333333333333,5,1.0,11.11111111111111,75,0,0,0.0,0
16ABCDE4429F1Z704,4867.860000000044,1.0000009860605639,0.3333333333333333,5,2.0,18.181818181818183,87,0,0,0.0,0
25ABCDE6535F1Z705,4827.180000000051,1.0000006421973164,1.1666666666666667,4,2.0,25.0,97,0,0,0.0,0
27ABCDE5969F1Z706,5253.1900000000605,0.9999999238558077,1.6666666666666667,5,2.0,18.181818181818183,93,0,0,0.0,0
14ABCDE9891F1Z707,8916.290000000037,1.0000004710481618,0.5,3,2.0,11.11111111111111,100,0,0,0.0,0
32ABCDE6297F1Z708,7772.630000000005,0.9999996140304069,0.5,5,0.0,0.0,97,0,0,0.0,0
12ABCDE8560F1Z709,3500.350000000035,0.9999986858474381,0.16666666666666666,5,0.0,0.0,100,0,0,0.0,0
13ABCDE5965F1Z710,6567.7799999999115,0.9999995736765096,1.5,5,1.0,8.333333333333332,85,0,0,0.0,0
22ABCDE2253F1Z711,2745.4199999999837,0.9999997814542456,0.3333333333333333,5,2.0,28.57142857142857,93,0,0,0.0,0
11ABCDE5369F1Z712,3751.320000000007,1.0000001599437272,-1.3333333333333333,4,1.0,12.5,90,0,0,0.0,0
17ABCDE8496F1Z713,4417.01999999996,1.00000018111761,0.8333333333333334,3,1.0,11.11111111111111,95,0,0,0.0,1
10ABCDE6895F1Z714,5960.34999999986,0.9999993288988979,0.5,4,3.0,30.0,82,0,0,0.0,0
27ABCDE7203F1Z715,7136.239999999991,1.0000006445975689,-1.6666666666666667,2,2.0,14.285714285714285,83,0,0,0.0,1
36ABCDE7356F1Z716,6033.0,0.9999996519145916,1.1666666666666667,4,1.0,9.090909090909092,82,0,0,0.0,0
20ABCDE9612F1Z717,3868.2299999999814,1.0000003877743988,0.0,5,2.0,25.0,73,0,0,0.0,0
29ABCDE7665F1Z718,5013.4000000000815,1.0000004986638464,0.16666666666666666,5,2.0,20.0,97,0,0,0.0,0
13ABCDE4705F1Z719,3748.8499999999767,1.0000011736946373,-2.1666666666666665,4,2.0,33.33333333333333,85,0,0,0.0,1
26ABCDE6954F1Z720,5896.519999999902,0.999999508184714,1.1666666666666667,5,1.0,9.090909090909092,91,0,0,0.0,0
18ABCDE5731F1Z721,1540.1899999999732,1.0000019478154103,-1.6666666666666667,4,0.0,0.0,97,0,0,0.0,0
16ABCDE1269F1Z722,2762.569999999949,0.9999996380183347,2.3333333333333335,5,1.0,25.0,72,0,0,0.0,0
20ABCDE9165F1Z723,4358.5800000000745,0.9999998393972775,0.5,4,2.0,22.22222222222222,85,0,0,0.0,0
21ABCDE2778F1Z724,2682.670000000042,0.9999989562648273,0.5,5,1.0,12.5,71,0,0,0.0,0
24ABCDE9841F1Z725,3804.600000000035,0.9999999211480991,-0.6666666666666666,2,1.0,14.285714285714285,83,0,0,0.0,0
12ABCDE9188F1Z726,3511.899999999965,0.9999998861015436,-1.1666666666666667,4,2.0,33.33333333333333,91,0,0,0.0,1
35ABCDE6960F1Z727,3734.6900000000605,0.9999991699451984,-0.8333333333333334,5,3.0,37.5,79,0,0,0.0,1
27ABCDE3598F1Z728,6353.09999999986,1.0000001731438277,-2.0,2,1.0,7.6923076923076925,93,0,0,0.0,0
22ABCDE1681F1Z729,4714.339999999967,0.9999991303137943,0.6666666666666666,5,1.0,10.0,74,0,0,0.0,0
19ABCDE3781F1Z730,2942.7399999999907,0.9999997961084272,0.6666666666666666,4,1.0,12.5,84,0,0,0.0,0
15ABCDE8550F1Z731,3447.280000000028,1.0000000000000082,-1.5,3,1.0,14.285714285714285,77,0,0,0.0,0
19ABCDE3944F1Z732,3597.8699999999953,1.000000889415916,1.3333333333333333,4,1.0,12.5,81,0,0,0.0,0
10ABCDE3224F1Z733,3459.250000000058,1.0000011563213653,-2.1666666666666665,2,1.0,16.666666666666664,89,0,0,0.0,0
18ABCDE3507F1Z734,4476.379999999946,0.9999990394032852,-1.8333333333333333,4,1.0,12.5,95,0,0,0.0,0
35ABCDE3453F1Z735,3266.0999999999767,0.9999996019719218,0.6666666666666666,3,0.0,0.0,91,0,0,0.0,0
27ABCDE8704F1Z736,3024.8399999999674,0.9999999999999895,-1.8333333333333333,3,0.0,0.0,99,0,0,0.0,0
32ABCDE2548F1Z737,3779.7700000000186,0.9999989417356747,-1.1666666666666667,1,5.0,45.45454545454545,75,0,0,0.0,1
25ABCDE1666F1Z738,5201.73000000004,0.9999993463717383,-1.6666666666666667,2,0.0,0.0,99,0,0,0.0,0
35ABCDE2941F1Z739,5441.910000000033,0.9999990995816623,0.0,4,1.0,12.5,90,0,0,0.0,0
12ABCDE1494F1Z740,2364.9899999999907,1.000002029611006,-0.8333333333333334,3,2.0,40.0,79,0,0,0.0,1
15ABCDE6870F1Z741,3531.4899999999907,1.0000006796002883,-0.8333333333333334,5,1.0,14.285714285714285,76,0,0,0.0,0
18ABCDE3780F1Z742,2234.0199999999895,0.9999995076143147,-1.8333333333333333,2,1.0,20.0,77,0,0,0.0,0
17ABCDE4953F1Z743,3345.3300000000163,0.9999996412911274,-0.6666666666666666,3,0.0,0.0,99,0,0,0.0,0
33ABCDE5932F1Z744,3651.3400000000256,1.000001287200336,-0.6666666666666666,4,1.0,12.5,85,0,0,0.0,0
30ABCDE3471F1Z745,4292.289999999979,0.9999994874533423,-1.0,3,0.0,0.0,72,0,0,0.0,0
34ABCDE5263F1Z746,5088.850000000035,0.9999991550160976,0.0,3,0.0,0.0,93,0,0,0.0,0
16ABCDE2755F1Z747,3941.7600000000093,0.9999996448288344,-1.1666666666666667,5,1.0,12.5,84,0,0,0.0,0
30ABCDE5266F1Z748,4955.900000000023,1.0000006456954516,-1.8333333333333333,5,0.0,0.0,82,0,0,0.0,1
24ABCDE4359F1Z749,3522.749999999942,0.9999994322620334,2.3333333333333335,4,2.0,25.0,74,0,0,0.0,0
10ABCDE3284F1Z750,5619.5,1.0000001601566233,0.6666666666666666,5,1.0,9.090909090909092,85,0,0,0.0,0
24ABCDE8476F1Z751,5900.679999999818,0.9999994237955251,1.3333333333333333,5,4.0,36.36363636363637,86,0,0,0.0,1
22ABCDE3165F1Z752,7738.570000000065,0.9999997673989488,1.0,5,4.0,28.57142857142857,78,0,0,0.0,0
17ABCDE4217F1Z753,2490.3400000000256,1.0000004417069603,-1.5,3,0.0,0.0,78,0,0,0.0,0
29ABCDE6583F1Z754,2672.719999999972,1.0000011224532834,1.5,5,1.0,12.5,82,0,0,0.0,0
23ABCDE8997F1Z755,1521.0,0.9999989480615932,0.8333333333333334,5,0.0,0.0,85,0,0,0.0,0
13ABCDE9667F1Z756,4374.600000000035,1.0000009600887092,1.5,4,0.0,0.0,92,0,0,0.0,0
31ABCDE1404F1Z757,2539.0800000000163,0.999998779086835,-0.5,3,0.0,0.0,95,0,0,0.0,0
32ABCDE8453F1Z758,4889.25,1.000000695403664,0.6666666666666666,5,2.0,22.22222222222222,76,0,0,0.0,0
16ABCDE9602F1Z759,4426.379999999888,0.9999992318785329,0.16666666666666666,4,3.0,27.27272727272727,76,0,0,0.0,0
32ABCDE1654F1Z760,5052.840000000026,0.9999994458565038,-2.1666666666666665,3,2.0,16.666666666666664,91,0,0,0.0,0
10ABCDE8650F1Z761,3979.1399999999558,1.0000006534079362,-0.8333333333333334,2,0.0,0.0,78,0,0,0.0,0
10ABCDE9209F1Z762,3729.960000000021,0.999999758710613,-1.1666666666666667,4,1.0,12.5,95,0,0,0.0,0
23ABCDE7992F1Z763,4442.549999999988,0.9999999099616267,0.0,5,0.0,0.0,91,0,0,0.0,0
23ABCDE7331F1Z764,6404.969999999972,1.000000281031836,1.5,5,0.0,0.0,76,0,0,0.0,0
35ABCDE5639F1Z765,5460.189999999944,0.9999996153981366,1.1666666666666667,4,2.0,16.666666666666664,71,0,0,0.0,0
26ABCDE1332F1Z766,4644.089999999967,1.0000004306550538,-1.8333333333333333,1,2.0,28.57142857142857,89,0,0,0.0,0
28ABCDE3156F1Z767,2941.3899999999558,1.0000015638888926,1.6666666666666667,4,3.0,42.857142857142854,88,0,0,0.0,1
26ABCDE8242F1Z768,3943.0,0.9999989348223368,0.8333333333333334,5,2.0,22.22222222222222,86,0,0,0.0,0
30ABCDE7387F1Z769,2329.720000000001,1.0000003004653828,1.0,4,0.0,0.0,71,0,0,0.0,0
19ABCDE1501F1Z770,5898.609999999986,0.9999992032027428,0.16666666666666666,4,2.0,20.0,85,0,0,0.0,0
27ABCDE2893F1Z771,5188.020000000019,1.0000007131820343,-2.6666666666666665,1,2.0,18.181818181818183,82,0,0,0.0,0
35ABCDE5168F1Z772,2319.3699999999953,0.9999988358921339,-1.6666666666666667,2,1.0,20.0,77,0,0,0.0,0
25ABCDE7589F1Z773,6875.469999999972,0.9999998109220486,-0.5,5,2.0,16.666666666666664,82,0,0,0.0,0
15ABCDE7260F1Z774,3935.8099999999977,0.9999989582841318,-1.3333333333333333,2,1.0,12.5,81,0,0,0.0,0
33ABCDE3021F1Z775,4080.170000000042,1.0000005637023306,-0.16666666666666666,4,1.0,12.5,90,0,0,0.0,0
34ABCDE9260F1Z776,3667.670000000042,1.0000001363263624,-0.16666666666666666,5,0.0,0.0,91,0,0,0.0,1
13ABCDE7399F1Z777,4267.859999999986,0.9999990393321067,1.8333333333333333,5,2.0,25.0,72,0,0,0.0,0
12ABCDE4894F1Z778,3882.640000000014,0.9999992788417243,-1.1666666666666667,2,1.0,12.5,100,0,0,0.0,0
21ABCDE8237F1Z779,3359.0,0.9999996129802035,-0.6666666666666666,4,1.0,16.666666666666664,92,0,0,0.0,0
24ABCDE4637F1Z780,4837.899999999965,1.000000930156504,1.0,5,2.0,18.181818181818183,73,0,0,0.0,0
35ABCDE4154F1Z781,1878.1100000000151,0.999999787019983,1.3333333333333333,5,0.0,0.0,79,0,0,0.0,0
17ABCDE5015F1Z782,6281.290000000037,0.9999999681594136,-2.0,5,3.0,21.428571428571427,87,0,0,0.0,0
20ABCDE2036F1Z783,5277.239999999991,1.0000005495299786,-1.8333333333333333,4,1.0,10.0,81,0,0,0.0,0
30ABCDE5381F1Z784,7190.800000000047,0.9999999443733756,-0.6666666666666666,4,3.0,23.076923076923077,79,0,0,0.0,0
10ABCDE9599F1Z785,6233.910000000033,0.9999998395870637,-0.3333333333333333,3,1.0,9.090909090909092,84,0,0,0.0,0
21ABCDE6211F1Z786,6723.480000000098,1.000000044619767,2.0,5,1.0,7.142857142857142,71,0,0,0.0,0
12ABCDE2463F1Z787,4616.260000000009,1.0000010831290753,1.8333333333333333,4,3.0,37.5,96,0,0,0.0,1
14ABCDE3240F1Z788,8518.579999999958,0.9999996126116368,2.3333333333333335,4,4.0,28.57142857142857,74,0,0,0.0,0
20ABCDE7149F1Z789,3693.0499999999884,1.0000005415580813,-0.16666666666666666,5,0.0,0.0,80,0,0,0.0,0
19ABCDE2256F1Z790,2600.0,0.9999988076937293,-0.6666666666666666,3,0.0,0.0,76,0,0,0.0,0
25ABCDE6599F1Z791,3762.0499999999884,1.0000013024830532,-1.3333333333333333,3,0.0,0.0,99,0,0,0.0,0
26ABCDE7773F1Z792,1646.530000000028,0.999998117256208,0.0,5,0.0,0.0,71,0,0,0.0,0
13ABCDE8794F1Z793,4673.25,1.0000007061471847,0.5,5,2.0,20.0,73,0,0,0.0,0
31ABCDE6134F1Z794,5151.479999999981,1.000000776476486,-0.6666666666666666,5,4.0,40.0,94,0,0,0.0,1
31ABCDE6499F1Z795,2656.429999999993,0.9999983812887799,0.6666666666666666,5,0.0,0.0,78,0,0,0.0,0
10ABCDE5839F1Z796,5108.73000000004,0.9999999608513364,-0.3333333333333333,4,2.0,18.181818181818183,92,0,0,0.0,0
29ABCDE7072F1Z797,4173.209999999963,0.9999994488657965,0.6666666666666666,5,2.0,20.0,77,0,0,0.0,0
34ABCDE3978F1Z798,1389.6000000000058,0.999997841110019,0.3333333333333333,4,2.0,40.0,97,0,0,0.0,1
32ABCDE3484F1Z799,5025.549999999988,1.0000004775598959,0.16666666666666666,4,3.0,27.27272727272727,80,0,0,0.0,0
22ABCDE4372F1Z800,5714.34999999986,1.0000004024956095,0.16666666666666666,4,0.0,0.0,75,0,0,0.0,0
10ABCDE3168F1Z801,2955.929999999993,1.000000372133441,1.3333333333333333,5,1.0,16.666666666666664,71,0,0,0.0,0
32ABCDE4346F1Z802,3342.6300000000047,0.9999990725874175,0.16666666666666666,5,0.0,0.0,83,0,0,0.0,0
31ABCDE2569F1Z803,9758.75,0.9999998770334466,-2.5,0,4.0,25.0,100,0,0,0.0,0
34ABCDE5089F1Z804,4317.5,0.9999993514769694,-1.0,4,1.0,12.5,73,0,0,0.0,0
30ABCDE4803F1Z805,5577.699999999953,0.9999995876438141,-1.0,5,1.0,11.11111111111111,94,0,0,0.0,0
16ABCDE2459F1Z806,5777.269999999902,0.9999994807238473,0.0,2,2.0,18.181818181818183,71,0,0,0.0,0
17ABCDE6143F1Z807,3372.240000000049,1.0000013640803511,-0.6666666666666666,1,1.0,12.5,96,0,0,0.0,0
20ABCDE4020F1Z808,5785.29999999993,1.000000086425937,-1.3333333333333333,4,0.0,0.0,97,0,0,0.0,0
35ABCDE7753F1Z809,3559.109999999986,1.0000001966784178,-1.3333333333333333,2,2.0,28.57142857142857,76,0,0,0.0,0
26ABCDE2981F1Z810,5191.219999999914,0.9999998266303626,0.8333333333333334,5,1.0,10.0,95,0,0,0.0,0
35ABCDE2711F1Z811,2616.1900000000023,1.0000018729561613,-1.8333333333333333,3,1.0,16.666666666666664,94,0,0,0.0,0
27ABCDE7919F1Z812,4327.190000000002,1.0000001155484413,-1.1666666666666667,5,3.0,30.0,86,0,0,0.0,0
21ABCDE3039F1Z813,4610.850000000035,0.999999132481756,0.6666666666666666,5,1.0,12.5,94,0,0,0.0,0
29ABCDE9044F1Z814,7369.899999999907,0.999999579370305,0.8333333333333334,5,0.0,0.0,100,0,0,0.0,0
32ABCDE7720F1Z815,7111.719999999972,1.0000005202682187,1.8333333333333333,5,1.0,7.142857142857142,100,0,0,0.0,0
22ABCDE6336F1Z816,6407.479999999981,0.9999998907526919,2.0,5,2.0,16.666666666666664,100,0,0,0.0,0
21ABCDE4958F1Z817,1751.5599999999977,1.0000017698540067,-1.8333333333333333,4,1.0,25.0,82,0,0,0.0,0
11ABCDE1729F1Z818,3676.54999999993,1.0000008703819385,-0.8333333333333334,3,1.0,11.11111111111111,93,0,0,0.0,0
28ABCDE5638F1Z819,3892.3400000000256,1.0000010533520567,-1.5,2,0.0,0.0,77,0,0,0.0,0
16ABCDE8969F1Z820,2906.710000000021,0.9999988302940429,0.6666666666666666,5,1.0,12.5,77,0,0,0.0,0
20ABCDE4362F1Z821,3612.2700000000186,1.0000011350216544,0.8333333333333334,4,3.0,37.5,75,0,0,0.0,1
27ABCDE2258F1Z822,3695.3099999999977,1.000001298945483,-1.6666666666666667,5,0.0,0.0,90,0,0,0.0,0
36ABCDE7777F1Z823,4125.030000000028,1.0000011878715667,-1.1666666666666667,2,2.0,25.0,82,0,0,0.0,0
27ABCDE7995F1Z824,8515.819999999949,0.9999997416573527,0.16666666666666666,4,0.0,0.0,89,0,0,0.0,0
21ABCDE6546F1Z825,3828.1300000000047,0.9999997387759209,-0.8333333333333334,5,3.0,33.33333333333333,74,0,0,0.0,1
18ABCDE7051F1Z826,6225.949999999953,0.9999994538988927,-1.0,3,1.0,8.333333333333332,95,0,0,0.0,0
15ABCDE1235F1Z827,3406.469999999972,1.0000005871183797,-1.1666666666666667,4,0.0,0.0,85,0,0,0.0,0
28ABCDE7803F1Z828,4450.290000000037,1.0000003595272695,1.0,5,1.0,10.0,82,0,0,0.0,0
36ABCDE7624F1Z829,3914.25,0.9999996678802917,1.0,4,0.0,0.0,93,0,0,0.0,0
30ABCDE4684F1Z830,4392.819999999891,1.0000005008174688,2.6666666666666665,5,2.0,20.0,90,0,0,0.0,0
36ABCDE1603F1Z831,5413.839999999967,0.9999991687976941,0.5,5,2.0,22.22222222222222,70,0,0,0.0,0
32ABCDE8317F1Z832,3643.6399999999558,1.0000010978044886,-0.3333333333333333,3,0.0,0.0,70,0,0,0.0,0
10ABCDE8819F1Z833,3766.680000000051,0.9999990973491564,-0.16666666666666666,5,2.0,25.0,76,0,0,0.0,0
17ABCDE9374F1Z834,7465.45000000007,1.0000005893821087,-0.16666666666666666,5,1.0,7.6923076923076925,85,0,0,0.0,0
31ABCDE2816F1Z835,6580.369999999879,0.9999993465417125,-1.0,1,2.0,14.285714285714285,93,0,0,0.0,0
32ABCDE6131F1Z836,4253.410000000033,0.9999999529789139,0.16666666666666666,4,0.0,0.0,89,0,0,0.0,0
20ABCDE1450F1Z837,2279.0400000000373,1.0000017990063417,-1.0,5,1.0,16.666666666666664,81,0,0,0.0,0
24ABCDE8086F1Z838,5299.619999999995,0.9999990754062604,1.1666666666666667,5,2.0,22.22222222222222,74,0,0,0.0,0
14ABCDE5144F1Z839,5212.130000000005,0.9999996738378666,1.3333333333333333,5,0.0,0.0,90,0,0,0.0,0
11ABCDE1453F1Z840,7069.090000000084,0.9999992926958943,0.6666666666666666,5,2.0,13.333333333333334,72,0,0,0.0,0
20ABCDE3925F1Z841,4858.829999999958,1.0000006791763036,0.3333333333333333,5,1.0,10.0,83,0,0,0.0,0
28ABCDE1821F1Z842,3431.2700000000186,0.9999993879820893,-1.0,4,1.0,20.0,78,0,0,0.0,0
20ABCDE4606F1Z843,3270.0800000000163,1.0000003058030145,-0.8333333333333334,3,0.0,0.0,94,0,0,0.0,0
19ABCDE5044F1Z844,8023.739999999991,1.0000004735948311,-1.0,4,3.0,18.75,96,0,0,0.0,0
30ABCDE4512F1Z845,4820.940000000002,1.0000007882286437,-2.3333333333333335,2,1.0,10.0,92,0,0,0.0,0
33ABCDE2137F1Z846,3660.329999999958,0.9999993989616457,-2.8333333333333335,3,0.0,0.0,85,0,0,0.0,0
10ABCDE4273F1Z847,4302.200000000012,0.9999989772684933,-2.1666666666666665,3,5.0,50.0,71,0,0,0.0,1
11ABCDE6312F1Z848,4427.179999999993,1.0000011068005856,1.1666666666666667,4,1.0,12.5,100,0,0,0.0,0
25ABCDE8657F1Z849,2322.9899999999907,0.999998966849823,1.3333333333333333,5,1.0,25.0,99,0,0,0.0,0
25ABCDE7110F1Z850,6040.579999999958,0.9999993874764054,1.3333333333333333,4,2.0,16.666666666666664,76,0,0,0.0,1
35ABCDE7354F1Z851,8243.959999999846,0.9999995633168307,2.5,5,2.0,14.285714285714285,74,0,0,0.0,0
20ABCDE9438F1Z852,3447.560000000056,0.9999990718081848,-1.6666666666666667,1,1.0,14.285714285714285,100,0,0,0.0,0
33ABCDE9053F1Z853,4244.680000000051,1.0000001413534436,2.1666666666666665,5,0.0,0.0,75,0,0,0.0,0
34ABCDE7901F1Z854,7052.609999999986,1.0000006805995585,-2.0,1,3.0,25.0,81,0,0,0.0,0
22ABCDE2752F1Z855,4563.280000000028,1.000000504023682,1.1666666666666667,5,1.0,11.11111111111111,96,0,0,0.0,0
30ABCDE3115F1Z856,7499.379999999888,0.9999997466457722,-2.3333333333333335,5,3.0,21.428571428571427,74,0,0,0.0,0
16ABCDE6496F1Z857,9722.910000000033,1.0000001337048483,0.8333333333333334,5,2.0,11.76470588235294,99,0,0,0.0,0
26ABCDE6753F1Z858,7565.770000000135,1.0000005286973102,0.3333333333333333,3,3.0,20.0,90,0,0,0.0,0
13ABCDE5235F1Z859,4071.4099999999744,1.000000687722902,-1.1666666666666667,5,2.0,22.22222222222222,73,0,0,0.0,0
28ABCDE9487F1Z860,4468.25,0.999999216696188,1.1666666666666667,5,5.0,41.66666666666667,80,0,0,0.0,1
36ABCDE4002F1Z861,2143.9800000000396,1.0000010261300465,-1.5,5,1.0,16.666666666666664,70,0,0,0.0,0
21ABCDE1100F1Z862,2333.7700000000186,0.9999985002829189,-0.5,3,2.0,33.33333333333333,90,0,0,0.0,1
21ABCDE8131F1Z863,6246.739999999874,0.9999995997913914,0.5,4,2.0,15.384615384615385,91,0,0,0.0,0
11ABCDE2304F1Z864,3316.3700000000536,1.0000008442973545,0.6666666666666666,5,1.0,11.11111111111111,85,0,0,0.0,0
28ABCDE4791F1Z865,4765.330000000016,1.000001028261433,2.6666666666666665,5,1.0,14.285714285714285,100,0,0,0.0,0
32ABCDE1432F1Z866,3347.9199999999255,0.9999994324837524,-3.1666666666666665,0,1.0,16.666666666666664,75,0,0,0.0,0
36ABCDE9385F1Z867,3989.8099999999977,0.9999997744253988,-2.3333333333333335,3,2.0,28.57142857142857,85,0,0,0.0,0
23ABCDE1961F1Z868,5692.699999999953,1.0000007026547622,-1.0,4,2.0,15.384615384615385,90,0,0,0.0,0
27ABCDE3022F1Z869,5450.660000000033,0.9999997614968358,0.16666666666666666,5,1.0,7.142857142857142,90,0,0,0.0,0
16ABCDE9684F1Z870,5237.770000000077,0.9999991790406235,-1.5,5,1.0,11.11111111111111,89,0,0,0.0,0
27ABCDE9003F1Z871,6716.119999999995,0.9999999553313533,2.0,4,2.0,16.666666666666664,99,0,0,0.0,0
15ABCDE4596F1Z872,4963.190000000002,1.0000010074176164,1.8333333333333333,5,3.0,30.0,98,0,0,0.0,0
21ABCDE8842F1Z873,3057.5499999999884,1.0000013736507196,-0.6666666666666666,3,2.0,33.33333333333333,80,0,0,0.0,1
23ABCDE9291F1Z874,6493.89999999979,1.0000002771832475,-0.6666666666666666,4,5.0,50.0,85,0,0,0.0,1
20ABCDE2810F1Z875,2346.2999999999884,1.0000012359901005,0.3333333333333333,5,1.0,14.285714285714285,84,0,0,0.0,0
25ABCDE5996F1Z876,7597.290000000037,1.0000006318046395,-0.5,5,2.0,15.384615384615385,88,0,0,0.0,0
35ABCDE5529F1Z877,3327.9000000000815,1.0000003605879124,1.3333333333333333,5,2.0,22.22222222222222,93,0,0,0.0,0
29ABCDE4254F1Z878,3974.2399999999907,0.999999270301267,1.3333333333333333,5,1.0,14.285714285714285,86,0,0,0.0,0
29ABCDE2689F1Z879,4913.559999999998,0.9999994708523705,0.6666666666666666,5,1.0,11.11111111111111,96,0,0,0.0,0
12ABCDE1045F1Z880,1801.9400000000023,1.0000012209078484,1.0,4,1.0,25.0,93,0,0,0.0,0
13ABCDE8879F1Z881,7297.030000000144,0.9999996710991913,2.3333333333333335,5,2.0,13.333333333333334,80,0,0,0.0,0
15ABCDE7277F1Z882,2004.179999999993,0.9999996507300928,-0.3333333333333333,3,0.0,0.0,89,0,0,0.0,0
31ABCDE9450F1Z883,4724.159999999916,0.9999996189800097,-0.6666666666666666,5,1.0,12.5,73,0,0,0.0,0
23ABCDE3993F1Z884,6896.010000000009,0.9999998984920381,0.0,5,4.0,36.36363636363637,87,0,0,0.0,1
34ABCDE8942F1Z885,3756.9100000000326,1.0000013042650537,1.3333333333333333,5,1.0,12.5,92,0,0,0.0,0
11ABCDE1057F1Z886,2395.209999999992,0.9999998747500343,-1.3333333333333333,3,1.0,16.666666666666664,80,0,0,0.0,0
22ABCDE7185F1Z887,4635.900000000023,1.0000001078539393,-0.5,5,3.0,21.428571428571427,85,0,0,0.0,0
32ABCDE6224F1Z888,3533.1699999999837,0.999999971696801,1.1666666666666667,5,0.0,0.0,81,0,0,0.0,0
31ABCDE3814F1Z889,3625.8800000000047,0.9999986486057526,0.5,5,0.0,0.0,95,0,0,0.0,0
21ABCDE3550F1Z890,5848.910000000033,1.00000082066641,1.6666666666666667,5,2.0,15.384615384615385,94,0,0,0.0,0
22ABCDE4436F1Z891,3584.069999999949,1.0000011997547784,-0.16666666666666666,5,1.0,14.285714285714285,81,0,0,0.0,0
12ABCDE4530F1Z892,5532.119999999995,0.9999999096187429,0.6666666666666666,5,0.0,0.0,72,0,0,0.0,0
17ABCDE3058F1Z893,5395.489999999991,0.9999993142425485,2.5,4,1.0,10.0,91,0,0,0.0,0
33ABCDE8660F1Z894,4632.380000000005,0.9999990933394525,0.5,4,2.0,20.0,94,0,0,0.0,0
33ABCDE6154F1Z895,4941.540000000037,1.0000000809464398,-0.16666666666666666,5,1.0,11.11111111111111,94,0,0,0.0,0
29ABCDE1772F1Z896,2445.1299999999756,0.9999999182047548,0.16666666666666666,4,0.0,0.0,92,0,0,0.0,1
36ABCDE5822F1Z897,4090.0,0.9999998044010161,0.5,4,0.0,0.0,85,0,0,0.0,0
25ABCDE4733F1Z898,5276.050000000047,0.9999998673250138,-0.5,5,1.0,9.090909090909092,74,0,0,0.0,0
28ABCDE5946F1Z899,4901.930000000051,1.000000714005004,-0.8333333333333334,3,3.0,33.33333333333333,84,0,0,0.0,1
23ABCDE7779F1Z900,3807.8099999999977,0.9999998161673315,0.0,5,2.0,28.57142857142857,90,0,0,0.0,0
33ABCDE3319F1Z901,4887.979999999981,1.000000675125964,-1.3333333333333333,5,1.0,10.0,82,0,0,0.0,0
29ABCDE2815F1Z902,6092.829999999958,0.9999992942529158,1.3333333333333333,5,4.0,33.33333333333333,81,0,0,0.0,1
30ABCDE2951F1Z903,4853.27999999997,1.0000007005576337,-1.5,4,2.0,25.0,71,0,0,0.0,0
15ABCDE6330F1Z904,3109.929999999993,1.0000015756006448,-1.0,1,1.0,20.0,88,0,0,0.0,0
17ABCDE7235F1Z905,2809.1900000000023,0.9999999288051062,-0.5,3,2.0,33.33333333333333,91,0,0,0.0,1
16ABCDE6580F1Z906,3794.2300000000396,0.9999991039033179,0.6666666666666666,5,4.0,57.14285714285714,76,0,0,0.0,1
19ABCDE6366F1Z907,3800.2699999999604,0.9999988948165793,-0.6666666666666666,3,2.0,22.22222222222222,87,0,0,0.0,0
27ABCDE4969F1Z908,5545.199999999953,0.999999765563056,-1.0,2,0.0,0.0,91,0,0,0.0,0
29ABCDE8917F1Z909,4724.149999999965,1.000000444524602,-0.3333333333333333,4,0.0,0.0,93,0,0,0.0,0
10ABCDE7910F1Z910,5578.449999999953,0.9999993546598566,0.16666666666666666,5,0.0,0.0,93,0,0,0.0,0
33ABCDE8751F1Z911,4657.139999999956,1.0000000644172122,-1.3333333333333333,2,0.0,0.0,97,0,0,0.0,0
16ABCDE4040F1Z912,2109.289999999979,1.0000022756524243,1.3333333333333333,5,0.0,0.0,75,0,0,0.0,0
21ABCDE1891F1Z913,3099.2000000000116,0.999999322406245,-2.3333333333333335,0,1.0,20.0,81,0,0,0.0,0
18ABCDE1526F1Z914,3530.570000000007,0.9999999433519285,1.8333333333333333,5,2.0,22.22222222222222,99,0,0,0.0,0
31ABCDE8949F1Z915,3783.9799999999814,1.000001136370929,-2.6666666666666665,4,0.0,0.0,94,0,0,0.0,0
16ABCDE8753F1Z916,2951.5100000000675,1.000000643738727,-1.8333333333333333,2,0.0,0.0,74,0,0,0.0,0
28ABCDE4010F1Z917,7017.689999999944,1.0000000712485133,-1.0,2,5.0,41.66666666666667,93,0,0,0.0,1
23ABCDE9572F1Z918,4768.570000000065,0.9999990563217718,0.6666666666666666,4,0.0,0.0,88,0,0,0.0,0
27ABCDE7945F1Z919,5244.95000000007,0.9999993517578382,-1.1666666666666667,5,1.0,12.5,99,0,0,0.0,0
13ABCDE7599F1Z920,1504.4499999999825,0.9999977400429834,-0.5,2,0.0,0.0,81,0,0,0.0,0
22ABCDE3274F1Z921,5866.0800000000745,1.0000007330283982,-1.3333333333333333,2,1.0,9.090909090909092,94,0,0,0.0,0
23ABCDE6545F1Z922,9011.819999999832,1.000000044386134,0.6666666666666666,4,3.0,17.647058823529413,77,0,0,0.0,0
35ABCDE1950F1Z923,6035.84999999986,0.9999993207257711,-1.5,3,3.0,30.0,70,0,0,0.0,0
33ABCDE9435F1Z924,6055.140000000014,0.9999998348510819,-1.5,3,0.0,0.0,86,0,0,0.0,0
12ABCDE2478F1Z925,5577.800000000163,0.9999997669332827,-0.16666666666666666,3,1.0,7.142857142857142,73,0,0,0.0,0
33ABCDE7938F1Z926,4539.570000000007,1.0000009251986184,-1.6666666666666667,4,0.0,0.0,73,0,0,0.0,0
32ABCDE9348F1Z927,3765.530000000028,0.9999991236301184,1.5,5,2.0,25.0,82,0,0,0.0,0
15ABCDE8290F1Z928,5181.569999999949,1.0000008877625957,-0.3333333333333333,5,3.0,33.33333333333333,83,0,0,0.0,1
31ABCDE1724F1Z929,4459.020000000019,1.0000005830881078,0.6666666666666666,5,0.0,0.0,85,0,0,0.0,0
31ABCDE8999F1Z930,4533.880000000063,1.000000419067302,3.6666666666666665,5,2.0,25.0,71,0,0,0.0,0
29ABCDE6278F1Z931,4945.310000000056,0.999999757345919,2.5,3,0.0,0.0,88,0,0,0.0,0
35ABCDE6419F1Z932,3141.5400000000373,1.0000011141045273,1.3333333333333333,5,0.0,0.0,78,0,0,0.0,0
35ABCDE5442F1Z933,3374.2099999999627,0.9999998518171771,2.3333333333333335,5,1.0,14.285714285714285,99,0,0,0.0,0
35ABCDE7844F1Z934,1788.8000000000175,0.999998378804069,-1.1666666666666667,3,1.0,20.0,81,0,0,0.0,0
27ABCDE1897F1Z935,5491.579999999958,0.9999998543224491,1.6666666666666667,5,3.0,25.0,88,0,0,0.0,0
32ABCDE4086F1Z936,4887.239999999991,1.0000004296905602,-1.0,4,2.0,22.22222222222222,80,0,0,0.0,0
27ABCDE8307F1Z937,2628.2300000000105,1.000000380484353,0.3333333333333333,5,0.0,0.0,73,0,0,0.0,0
15ABCDE6730F1Z938,5043.030000000028,0.9999997422185398,-0.5,4,1.0,8.333333333333332,91,0,0,0.0,0
17ABCDE1520F1Z939,3191.1600000000326,0.9999999373268795,-2.8333333333333335,2,1.0,14.285714285714285,80,0,0,0.0,0
35ABCDE9088F1Z940,7009.810000000056,0.9999996005599544,0.0,4,3.0,27.27272727272727,77,0,0,0.0,0
22ABCDE3520F1Z941,2659.3499999999767,0.9999990975246368,-1.5,1,0.0,0.0,94,0,0,0.0,0
22ABCDE2221F1Z942,3711.5599999999977,1.0000002155428365,-0.5,5,0.0,0.0,88,0,0,0.0,0
31ABCDE2874F1Z943,4146.239999999991,0.9999988182077693,0.3333333333333333,5,1.0,14.285714285714285,80,0,0,0.0,1
15ABCDE3539F1Z944,3953.710000000021,1.0000011128800337,-0.16666666666666666,3,1.0,14.285714285714285,88,0,0,0.0,0
29ABCDE9845F1Z945,5468.920000000042,1.0000000914257452,0.0,5,0.0,0.0,100,0,0,0.0,0
30ABCDE3663F1Z946,4839.850000000035,1.0000003512506859,0.0,4,2.0,22.22222222222222,100,0,0,0.0,1
33ABCDE4013F1Z947,4200.699999999953,0.9999992858338126,-2.1666666666666665,4,0.0,0.0,99,0,0,0.0,0
28ABCDE2244F1Z948,5069.47000000003,0.9999997238370908,-2.0,3,1.0,9.090909090909092,99,0,0,0.0,0
26ABCDE6141F1Z949,2871.3699999999953,0.9999998258671235,-3.6666666666666665,-1,1.0,16.666666666666664,75,0,0,0.0,0
16ABCDE8694F1Z950,4166.099999999977,0.9999991118799987,-1.3333333333333333,3,3.0,42.857142857142854,78,0,0,0.0,1
29ABCDE9229F1Z951,4789.899999999965,1.0000001670181213,1.6666666666666667,5,0.0,0.0,89,0,0,0.0,0
20ABCDE1055F1Z952,3195.640000000014,1.000000219048506,-1.3333333333333333,4,1.0,14.285714285714285,91,0,0,0.0,1
18ABCDE4807F1Z953,7592.630000000005,1.0000005399976317,0.16666666666666666,5,2.0,13.333333333333334,71,0,0,0.0,0
24ABCDE2549F1Z954,7301.180000000051,1.000000219142714,2.0,5,2.0,15.384615384615385,74,0,0,0.0,0
17ABCDE1295F1Z955,5395.640000000014,1.0000002409353344,-0.3333333333333333,4,1.0,10.0,75,0,0,0.0,0
16ABCDE2051F1Z956,4673.089999999967,1.000000042798229,1.5,5,1.0,14.285714285714285,79,0,0,0.0,0
26ABCDE5200F1Z957,5465.630000000005,0.9999993962273329,1.0,5,0.0,0.0,95,0,0,0.0,0
18ABCDE4676F1Z958,6654.389999999898,1.0000001202213868,0.5,4,0.0,0.0,79,0,0,0.0,0
29ABCDE3352F1Z959,6109.119999999995,1.0000005238073029,-1.3333333333333333,5,3.0,21.428571428571427,93,0,0,0.0,0
22ABCDE9373F1Z960,4281.430000000109,1.0000004671338882,-0.8333333333333334,3,2.0,25.0,90,0,0,0.0,0
12ABCDE3527F1Z961,4987.969999999914,0.9999992181193881,-0.3333333333333333,5,1.0,10.0,97,0,0,0.0,0
19ABCDE3698F1Z962,4728.919999999984,1.0000009304458688,1.8333333333333333,3,2.0,20.0,97,0,0,0.0,0
26ABCDE3221F1Z963,3870.6900000000023,0.9999994574613678,-1.8333333333333333,4,2.0,25.0,99,0,0,0.0,0
14ABCDE8807F1Z964,6323.319999999832,0.9999997944118122,0.5,4,3.0,27.27272727272727,72,0,0,0.0,0
34ABCDE8159F1Z965,3366.7799999999697,1.000000980165976,-0.5,5,0.0,0.0,93,0,0,0.0,0
14ABCDE6854F1Z966,5075.539999999979,0.9999996256557312,-0.6666666666666666,4,0.0,0.0,86,0,0,0.0,0
32ABCDE8216F1Z967,6339.439999999944,0.9999992901586164,-0.16666666666666666,4,1.0,9.090909090909092,97,0,0,0.0,0
20ABCDE3560F1Z968,9195.859999999753,1.0000005110997947,0.16666666666666666,3,2.0,10.526315789473683,100,0,0,0.0,0
34ABCDE7931F1Z969,4273.920000000042,0.9999997192274022,-1.8333333333333333,2,1.0,10.0,77,0,0,0.0,0
17ABCDE6967F1Z970,5559.260000000009,1.000000323784207,0.5,5,1.0,9.090909090909092,78,0,0,0.0,0
29ABCDE1238F1Z971,4374.150000000023,1.0000005486783352,-0.3333333333333333,3,1.0,12.5,77,0,0,0.0,0
34ABCDE4502F1Z972,3985.9100000000326,0.9999990466427128,1.3333333333333333,5,2.0,20.0,76,0,0,0.0,0
31ABCDE6203F1Z973,4666.179999999993,0.9999995070916954,-0.5,5,0.0,0.0,84,0,0,0.0,0
19ABCDE7623F1Z974,7811.010000000009,0.9999995391123131,-0.3333333333333333,4,1.0,6.666666666666667,82,0,0,0.0,0
36ABCDE2204F1Z975,5199.0100000000675,0.9999996345459542,0.3333333333333333,4,1.0,11.11111111111111,93,0,0,0.0,0
30ABCDE3864F1Z976,3320.9000000000233,1.0000006022467485,-1.5,1,2.0,25.0,76,0,0,0.0,0
23ABCDE7418F1Z977,2359.3600000000442,0.9999999152312748,1.6666666666666667,4,0.0,0.0,70,0,0,0.0,0
16ABCDE5248F1Z978,5570.0,1.0000006463199869,-0.16666666666666666,5,3.0,21.428571428571427,97,0,0,0.0,0
31ABCDE6669F1Z979,3984.3699999999953,0.9999993725486248,-2.5,2,1.0,9.090909090909092,73,0,0,0.0,0
24ABCDE1708F1Z980,7043.639999999898,0.9999994321121138,-0.3333333333333333,5,2.0,16.666666666666664,88,0,0,0.0,1
32ABCDE4650F1Z981,4455.359999999986,1.00000096513057,-0.8333333333333334,4,0.0,0.0,86,0,0,0.0,0
26ABCDE3090F1Z982,2976.3499999999767,0.9999985216814157,-1.0,5,1.0,16.666666666666664,77,0,0,0.0,0
31ABCDE6071F1Z983,6938.04999999993,1.0000001008929025,-0.5,4,3.0,27.27272727272727,92,0,0,0.0,0
23ABCDE8043F1Z984,4943.620000000054,1.000000606843138,0.3333333333333333,5,0.0,0.0,91,0,0,0.0,0
36ABCDE7058F1Z985,7021.270000000019,1.0000000000000027,0.3333333333333333,5,4.0,33.33333333333333,80,0,0,0.0,1
19ABCDE1740F1Z986,5619.520000000019,1.000000035590233,-0.5,5,0.0,0.0,93,0,0,0.0,0
30ABCDE2719F1Z987,2578.0800000000163,0.999999961211452,0.3333333333333333,5,1.0,12.5,79,0,0,0.0,0
28ABCDE4596F1Z988,2525.389999999985,1.0000008711533275,-1.8333333333333333,2,0.0,0.0,86,0,0,0.0,0
14ABCDE2282F1Z989,8051.930000000051,0.9999998385480576,-1.1666666666666667,2,2.0,12.5,76,0,0,0.0,0
31ABCDE1837F1Z990,5799.339999999967,1.0000007587075954,-1.3333333333333333,1,2.0,22.22222222222222,97,0,0,0.0,0
33ABCDE4703F1Z991,4565.960000000021,0.9999990363481636,0.0,5,2.0,20.0,88,0,0,0.0,0
30ABCDE7169F1Z992,2403.610000000015,0.9999996255633617,-1.3333333333333333,5,1.0,16.666666666666664,76,0,0,0.0,0
10ABCDE4586F1Z993,4089.960000000021,1.0000007335040493,-0.5,5,1.0,12.5,85,0,0,0.0,0
32ABCDE7818F1Z994,4317.840000000026,1.0000010885084072,0.3333333333333333,5,1.0,14.285714285714285,79,0,0,0.0,1
34ABCDE6284F1Z995,5103.130000000005,0.9999991377848102,0.3333333333333333,4,0.0,0.0,91,0,0,0.0,0
23ABCDE8277F1Z996,3853.9500000000116,0.9999995588943192,-1.0,3,2.0,25.0,78,0,0,0.0,0
12ABCDE4004F1Z997,3215.179999999993,1.0000015240227484,-0.16666666666666666,4,1.0,16.666666666666664,73,0,0,0.0,0
25ABCDE4372F1Z998,7179.3099999999395,0.9999998607108592,-2.6666666666666665,-1,2.0,14.285714285714285,88,0,0,0.0,0
29ABCDE5589F1Z999,5256.229999999981,1.0000000190250395,-1.3333333333333333,3,0.0,0.0,72,0,0,0.0,1
30ABCDE8830F1Z1000,3276.890000000014,0.9999991760487043,-0.16666666666666666,4,1.0,12.5,79,0,0,0.0,0
34ABCDE5129F1Z1001,2906.1999999999534,0.999999311816575,1.5,4,0.0,0.0,94,0,0,0.0,0
29ABCDE2784F1Z1002,4078.329999999958,0.9999992889251288,3.6666666666666665,5,2.0,28.57142857142857,90,0,0,0.0,0
19ABCDE2666F1Z1003,5350.650000000023,1.0000004111651721,-2.6666666666666665,4,3.0,27.27272727272727,84,0,0,0.0,0
24ABCDE3344F1Z1004,5174.100000000093,0.9999990529763114,1.1666666666666667,4,5.0,41.66666666666667,82,0,0,0.0,1
15ABCDE6714F1Z1005,4209.320000000007,1.0000011640848667,-1.3333333333333333,3,0.0,0.0,96,0,0,0.0,0
13ABCDE3972F1Z1006,6303.760000000126,1.0000002538168538,-0.3333333333333333,5,4.0,36.36363636363637,70,0,0,0.0,1
12ABCDE7283F1Z1007,1946.6700000000128,0.99999948630252,0.3333333333333333,5,1.0,20.0,99,0,0,0.0,0
21ABCDE4726F1Z1008,10253.290000000037,1.0000001072826532,-1.1666666666666667,2,1.0,5.555555555555555,99,0,0,0.0,0
14ABCDE4493F1Z1009,2750.4400000000023,0.9999999636421831,0.8333333333333334,2,3.0,42.857142857142854,77,0,0,0.0,1
17ABCDE9604F1Z1010,7240.709999999963,1.0000000966756066,-0.6666666666666666,5,2.0,15.384615384615385,74,0,0,0.0,0
19ABCDE8656F1Z1011,3523.0800000000163,1.0000006812225812,-1.1666666666666667,5,2.0,22.22222222222222,91,0,0,0.0,0
24ABCDE2949F1Z1012,4141.350000000035,1.0000007002552465,-0.5,5,0.0,0.0,87,0,0,0.0,0
33ABCDE9239F1Z1013,2104.609999999986,0.9999979568702855,-1.1666666666666667,3,0.0,0.0,88,0,0,0.0,1
20ABCDE3257F1Z1014,7683.090000000084,1.000000065077998,-1.0,3,2.0,14.285714285714285,81,0,0,0.0,0
24ABCDE7910F1Z1015,3035.6300000000047,1.0000004282473691,-0.5,3,1.0,11.11111111111111,76,0,0,0.0,0
12ABCDE2287F1Z1016,1397.6300000000047,0.9999964940772478,-1.0,4,0.0,0.0,85,0,0,0.0,0
24ABCDE6433F1Z1017,3877.6399999999558,1.0000005157778928,1.0,5,1.0,9.090909090909092,92,0,0,0.0,0
25ABCDE6703F1Z1018,8698.270000000135,0.9999998965311754,0.8333333333333334,5,1.0,5.88235294117647,98,0,0,0.0,0
17ABCDE8336F1Z1019,3172.3300000000163,0.9999989597562199,2.1666666666666665,5,0.0,0.0,99,0,0,0.0,0
18ABCDE9906F1Z1020,2828.3300000000163,1.000000707131569,2.0,5,0.0,0.0,99,0,0,0.0,0
20ABCDE4734F1Z1021,7907.890000000014,1.0000004046593096,0.16666666666666666,4,0.0,0.0,87,0,0,0.0,0
22ABCDE3369F1Z1022,3977.1600000000326,1.0000007543076708,-2.1666666666666665,2,2.0,25.0,83,0,0,0.0,0
27ABCDE3872F1Z1023,5802.150000000023,1.0000000689399706,0.8333333333333334,4,2.0,20.0,77,0,0,0.0,0
28ABCDE5407F1Z1024,1778.1499999999942,0.9999996625707599,1.0,4,2.0,40.0,89,0,0,0.0,1
14ABCDE3928F1Z1025,2978.1199999999953,0.999999126966766,-2.5,4,3.0,42.857142857142854,99,0,0,0.0,1
16ABCDE5979F1Z1026,3861.210000000021,0.9999988086650301,0.8333333333333334,5,1.0,11.11111111111111,73,0,0,0.0,1
15ABCDE9853F1Z1027,6446.320000000065,0.9999999224363829,0.16666666666666666,5,1.0,8.333333333333332,89,0,0,0.0,0
33ABCDE4695F1Z1028,5577.839999999967,0.9999995338699531,1.1666666666666667,5,1.0,8.333333333333332,95,0,0,0.0,0
28ABCDE6266F1Z1029,3011.820000000007,0.999999601569976,-2.6666666666666665,0,1.0,16.666666666666664,78,0,0,0.0,0
21ABCDE5068F1Z1030,4077.210000000021,1.0000009320107532,-0.5,4,1.0,9.090909090909092,96,0,0,0.0,0
22ABCDE5113F1Z1031,2467.459999999992,1.0000016616305043,1.1666666666666667,4,0.0,0.0,84,0,0,0.0,0
35ABCDE5136F1Z1032,3168.4799999999814,1.0000004102915325,0.8333333333333334,5,0.0,0.0,85,0,0,0.0,0
30ABCDE2187F1Z1033,8211.549999999814,1.0000005967208065,0.6666666666666666,4,1.0,6.25,83,0,0,0.0,0
17ABCDE4209F1Z1034,2499.3499999999767,0.9999999199791917,-1.6666666666666667,2,0.0,0.0,71,0,0,0.0,0
10ABCDE8279F1Z1035,6058.929999999935,1.000000033009119,2.1666666666666665,5,2.0,16.666666666666664,81,0,0,0.0,0
25ABCDE4358F1Z1036,6697.300000000047,1.0000006121873823,-0.6666666666666666,3,2.0,14.285714285714285,78,0,0,0.0,0
12ABCDE9910F1Z1037,4048.140000000014,0.999998789569023,0.3333333333333333,4,1.0,12.5,71,0,0,0.0,0
25ABCDE2449F1Z1038,5707.539999999921,0.9999994919004326,-1.6666666666666667,3,3.0,30.0,91,0,0,0.0,0
35ABCDE6775F1Z1039,6948.010000000009,1.0000000287852226,1.1666666666666667,4,1.0,7.6923076923076925,97,0,0,0.0,0
16ABCDE8448F1Z1040,3027.2600000000675,0.999999438436415,0.6666666666666666,5,0.0,0.0,87,0,0,0.0,0
27ABCDE2301F1Z1041,1237.6900000000023,1.0000004847742918,0.3333333333333333,5,0.0,0.0,79,0,0,0.0,0
32ABCDE4394F1Z1042,5493.900000000023,0.999999362930205,1.1666666666666667,4,3.0,27.27272727272727,78,0,0,0.0,0
21ABCDE8432F1Z1043,4176.690000000119,0.9999988507659495,-1.5,5,0.0,0.0,89,0,0,0.0,0
17ABCDE8591F1Z1044,3623.210000000021,0.9999996136024579,-1.8333333333333333,5,1.0,12.5,87,0,0,0.0,0
29ABCDE6331F1Z1045,7621.750000000116,0.9999995407881028,0.16666666666666666,3,6.0,33.33333333333333,97,0,0,0.0,1
15ABCDE5502F1Z1046,6723.909999999916,0.999999643064939,1.3333333333333333,5,0.0,0.0,71,0,0,0.0,0
26ABCDE5038F1Z1047,3211.030000000028,0.9999986920102026,1.3333333333333333,5,0.0,0.0,96,0,0,0.0,0
34ABCDE8423F1Z1048,2356.8300000000454,0.9999991938330625,-2.1666666666666665,-1,0.0,0.0,72,0,0,0.0,0
20ABCDE5677F1Z1049,1805.6999999999825,0.9999985047372321,-1.3333333333333333,3,0.0,0.0,71,0,0,0.0,0
36ABCDE4662F1Z1050,3328.2700000000186,0.9999988883125863,-0.16666666666666666,3,1.0,14.285714285714285,83,0,0,0.0,0
27ABCDE4756F1Z1051,4291.459999999963,0.9999991844274017,3.1666666666666665,5,2.0,25.0,93,0,0,0.0,0
12ABCDE6661F1Z1052,7184.239999999874,0.999999596338798,-0.5,4,0.0,0.0,95,0,0,0.0,0
30ABCDE4005F1Z1053,4418.359999999928,0.9999999094686636,-1.6666666666666667,2,3.0,27.27272727272727,96,0,0,0.0,0
16ABCDE7838F1Z1054,10837.48999999999,0.9999999999999991,0.6666666666666666,4,1.0,5.0,92,0,0,0.0,0
11ABCDE9265F1Z1055,4331.379999999946,0.9999994920789828,0.16666666666666666,4,0.0,0.0,84,0,0,0.0,0
34ABCDE6742F1Z1056,4709.559999999998,1.000000276034355,0.8333333333333334,4,3.0,33.33333333333333,85,0,0,0.0,1
11ABCDE9096F1Z1057,5726.020000000019,0.9999993538273373,-1.3333333333333333,5,1.0,8.333333333333332,73,0,0,0.0,0
34ABCDE2861F1Z1058,3187.149999999965,0.9999998744960279,-1.5,3,0.0,0.0,70,0,0,0.0,0
10ABCDE4963F1Z1059,5401.219999999972,0.9999990742840692,-1.3333333333333333,2,1.0,10.0,87,0,0,0.0,0
11ABCDE2862F1Z1060,4369.510000000009,0.9999990845663864,-1.6666666666666667,3,1.0,10.0,77,0,0,0.0,0
24ABCDE5173F1Z1061,3554.399999999965,0.9999996905245063,3.6666666666666665,5,0.0,0.0,97,0,0,0.0,0
36ABCDE1352F1Z1062,9168.46000000008,0.9999996946053028,-3.1666666666666665,0,2.0,11.11111111111111,80,0,0,0.0,0
16ABCDE1711F1Z1063,3317.399999999965,1.0000010249000573,-0.16666666666666666,4,1.0,16.666666666666664,81,0,0,0.0,0
13ABCDE6084F1Z1064,6179.570000000065,1.0000000970941543,-1.3333333333333333,2,4.0,40.0,93,0,0,0.0,1
17ABCDE1009F1Z1065,2122.679999999993,0.9999983511437258,-1.0,4,0.0,0.0,70,0,0,0.0,0
30ABCDE1655F1Z1066,3661.8400000000256,1.000001174274429,-1.1666666666666667,3,2.0,25.0,86,0,0,0.0,1
17ABCDE3092F1Z1067,4141.450000000012,1.0000000000000029,0.3333333333333333,5,0.0,0.0,74,0,0,0.0,0
13ABCDE1699F1Z1068,4932.690000000002,1.0000003040938026,-1.5,5,0.0,0.0,72,0,0,0.0,0
32ABCDE6616F1Z1069,7102.400000000023,0.9999999577607619,0.6666666666666666,4,5.0,35.714285714285715,71,0,0,0.0,1
23ABCDE6728F1Z1070,2760.8099999999977,1.000001267745493,-0.5,5,0.0,0.0,97,0,0,0.0,0
22ABCDE6420F1Z1071,7541.429999999935,1.0000002519416629,-0.6666666666666666,5,1.0,7.142857142857142,71,0,0,0.0,0
20ABCDE8549F1Z1072,3098.039999999979,0.9999990316467459,-0.16666666666666666,5,2.0,33.33333333333333,86,0,0,0.0,1
28ABCDE7289F1Z1073,3780.2700000000186,0.9999989947818114,-0.3333333333333333,3,2.0,25.0,70,0,0,0.0,0
31ABCDE3798F1Z1074,7080.159999999916,1.0000002683555778,-2.6666666666666665,0,1.0,8.333333333333332,75,0,0,0.0,0
35ABCDE7046F1Z1075,7252.179999999818,0.9999996966430077,0.5,5,1.0,7.142857142857142,86,0,0,0.0,0
35ABCDE4343F1Z1076,5304.6699999999255,0.9999994533121781,-0.8333333333333334,1,1.0,10.0,72,0,0,0.0,0
35ABCDE8276F1Z1077,7248.749999999884,0.9999995585447558,-0.3333333333333333,3,2.0,14.285714285714285,81,0,0,0.0,0
36ABCDE7838F1Z1078,3499.3400000000256,1.000000685844094,-2.6666666666666665,-1,1.0,12.5,95,0,0,0.0,0
11ABCDE6156F1Z1079,6330.010000000009,0.9999995892583231,-0.6666666666666666,4,2.0,16.666666666666664,91,0,0,0.0,0
32ABCDE9565F1Z1080,3165.2399999999907,0.9999997788477796,-1.3333333333333333,3,0.0,0.0,82,0,0,0.0,0
33ABCDE2789F1Z1081,2881.6600000000326,0.9999989936366367,0.6666666666666666,3,1.0,16.666666666666664,73,0,0,0.0,0
25ABCDE4204F1Z1082,4959.230000000098,0.9999997176982097,0.16666666666666666,3,1.0,9.090909090909092,93,0,0,0.0,0
18ABCDE1022F1Z1083,4571.27999999997,1.0000002843843168,2.3333333333333335,5,1.0,10.0,85,0,0,0.0,0
29ABCDE5072F1Z1084,3690.130000000063,1.0000006232846799,-0.3333333333333333,5,0.0,0.0,82,0,0,0.0,0
19ABCDE4065F1Z1085,4390.130000000005,1.0000002961188825,1.0,5,0.0,0.0,91,0,0,0.0,0
21ABCDE1042F1Z1086,9136.130000000005,1.0000005034957165,1.0,4,2.0,11.11111111111111,94,0,0,0.0,1
17ABCDE4282F1Z1087,4260.760000000009,0.9999992489608456,-1.3333333333333333,5,1.0,12.5,73,0,0,0.0,0
34ABCDE2538F1Z1088,2596.5,0.9999998459464902,-1.3333333333333333,2,2.0,25.0,71,0,0,0.0,0
16ABCDE3746F1Z1089,1038.3699999999953,0.9999980739079977,-0.16666666666666666,5,1.0,33.33333333333333,79,0,0,0.0,1
32ABCDE3626F1Z1090,842.0199999999895,0.9999978622881137,-1.5,1,0.0,0.0,77,0,0,0.0,0
13ABCDE1304F1Z1091,3141.6699999999837,0.9999993952264663,1.0,5,1.0,14.285714285714285,83,0,0,0.0,0
12ABCDE7479F1Z1092,5654.089999999967,1.000000247608424,-1.1666666666666667,2,2.0,16.666666666666664,78,0,0,0.0,0
20ABCDE4908F1Z1093,3502.890000000014,1.0000006566011277,1.1666666666666667,4,0.0,0.0,91,0,0,0.0,0
23ABCDE9228F1Z1094,3795.069999999949,0.9999990777517086,0.3333333333333333,5,4.0,50.0,98,0,0,0.0,1
18ABCDE5702F1Z1095,2645.810000000027,0.9999994708617654,1.3333333333333333,4,3.0,50.0,100,0,0,0.0,1
18ABCDE5634F1Z1096,5048.880000000063,1.0000009705132262,-0.8333333333333334,4,2.0,18.181818181818183,80,0,0,0.0,0
26ABCDE9625F1Z1097,5818.969999999972,0.9999998797038062,-0.16666666666666666,4,3.0,30.0,96,0,0,0.0,0
10ABCDE9725F1Z1098,1599.6700000000128,0.9999975620031137,-2.3333333333333335,2,1.0,25.0,86,0,0,0.0,0
28ABCDE9131F1Z1099,2888.179999999993,1.0000010387174998,-1.8333333333333333,4,2.0,25.0,100,0,0,0.0,0
13ABCDE7342F1Z1100,3687.829999999958,0.9999995661406986,0.6666666666666666,5,1.0,11.11111111111111,81,0,0,0.0,0
25ABCDE8234F1Z1101,4551.609999999986,1.000000878810685,2.8333333333333335,5,1.0,14.285714285714285,81,0,0,0.0,1
18ABCDE4223F1Z1102,4079.5599999999977,0.9999992401147068,0.8333333333333334,5,2.0,22.22222222222222,73,0,0,0.0,0
27ABCDE7883F1Z1103,7016.500000000116,1.0000006270936896,-2.3333333333333335,3,4.0,36.36363636363637,79,0,0,0.0,0
26ABCDE2287F1Z1104,7467.329999999842,0.9999999062583158,1.1666666666666667,5,3.0,21.428571428571427,80,0,0,0.0,0
35ABCDE3257F1Z1105,4734.48000000004,1.0000006758930657,-0.16666666666666666,3,2.0,25.0,76,0,0,0.0,0
18ABCDE3479F1Z1106,6753.20000000007,0.9999999703844217,1.3333333333333333,5,4.0,36.36363636363637,83,0,0,0.0,1
24ABCDE9165F1Z1107,5926.380000000121,0.9999996625259931,-0.6666666666666666,4,3.0,25.0,83,0,0,0.0,0
29ABCDE9836F1Z1108,3902.8699999999953,1.0000006149324654,1.1666666666666667,4,0.0,0.0,98,0,0,0.0,0
28ABCDE4765F1Z1109,2556.179999999993,0.9999985134089314,0.0,3,1.0,25.0,72,0,0,0.0,0
22ABCDE1168F1Z1110,5464.510000000009,0.9999992497045637,-0.6666666666666666,4,1.0,10.0,98,0,0,0.0,0
11ABCDE2126F1Z1111,2826.3700000000536,0.9999996108083801,0.3333333333333333,5,1.0,16.666666666666664,77,0,0,0.0,0
20ABCDE7829F1Z1112,6539.890000000014,0.9999996483122534,0.6666666666666666,5,1.0,8.333333333333332,82,0,0,0.0,0
13ABCDE8267F1Z1113,5871.619999999879,1.0000001362485973,-0.16666666666666666,4,2.0,18.181818181818183,83,0,0,0.0,0
31ABCDE9311F1Z1114,5816.420000000158,0.9999994498337322,-1.0,5,0.0,0.0,81,0,0,0.0,0
33ABCDE9908F1Z1115,7223.969999999972,0.9999996262444308,-1.3333333333333333,2,3.0,23.076923076923077,96,0,0,0.0,0
26ABCDE1062F1Z1116,3201.670000000042,1.0000014055184845,-0.5,5,0.0,0.0,97,0,0,0.0,0
23ABCDE1261F1Z1117,3573.3700000000536,1.0000003638023842,0.6666666666666666,5,2.0,33.33333333333333,74,0,0,0.0,1
33ABCDE5749F1Z1118,2742.7300000000396,1.000001093801913,-1.8333333333333333,2,1.0,14.285714285714285,77,0,0,0.0,0
15ABCDE8314F1Z1119,5964.540000000037,0.9999992120102706,-0.3333333333333333,5,4.0,36.36363636363637,82,0,0,0.0,1
16ABCDE1321F1Z1120,5740.430000000051,0.9999992683480372,-2.1666666666666665,2,0.0,0.0,76,0,0,0.0,0
25ABCDE4419F1Z1121,4682.369999999995,0.9999991457324843,0.16666666666666666,3,1.0,10.0,70,0,0,0.0,1
10ABCDE4341F1Z1122,2292.149999999994,0.9999991710846013,-1.8333333333333333,3,1.0,12.5,83,0,0,0.0,0
21ABCDE6293F1Z1123,3922.1900000000023,0.9999996175607442,1.8333333333333333,4,0.0,0.0,74,0,0,0.0,0
23ABCDE5185F1Z1124,4859.159999999974,0.9999995472470491,-0.16666666666666666,3,5.0,45.45454545454545,84,0,0,0.0,1
36ABCDE9458F1Z1125,3151.5,0.9999994605746206,0.8333333333333334,4,1.0,14.285714285714285,74,0,0,0.0,0
36ABCDE3233F1Z1126,1934.5899999999965,0.9999997415473697,0.8333333333333334,5,0.0,0.0,99,0,0,0.0,0
34ABCDE7847F1Z1127,3664.5400000000373,0.9999992359210641,1.5,5,1.0,20.0,70,0,0,0.0,0
12ABCDE6252F1Z1128,2413.320000000007,1.0000007458610336,-0.16666666666666666,5,1.0,25.0,78,0,0,0.0,0
22ABCDE9794F1Z1129,6619.659999999916,0.9999996978697578,0.3333333333333333,5,1.0,8.333333333333332,83,0,0,0.0,0
33ABCDE5290F1Z1130,4787.790000000037,1.0000006057078097,-0.3333333333333333,3,0.0,0.0,96,0,0,0.0,0
16ABCDE4474F1Z1131,4047.2000000000116,1.0000011612980504,-0.5,2,0.0,0.0,71,0,0,0.0,0
15ABCDE4484F1Z1132,8820.890000000014,0.9999995805413701,2.0,4,3.0,20.0,89,0,0,0.0,0
28ABCDE1530F1Z1133,5600.9199999999255,0.9999998393121255,-1.6666666666666667,2,2.0,18.181818181818183,79,0,0,0.0,0
20ABCDE2385F1Z1134,7687.2400000002235,0.9999997528372591,-1.3333333333333333,4,0.0,0.0,84,0,0,0.0,0
13ABCDE3950F1Z1135,4090.7299999999814,1.0000006355837794,0.5,5,0.0,0.0,97,0,0,0.0,0
24ABCDE2133F1Z1136,3108.719999999972,1.0000006433520094,2.0,5,0.0,0.0,72,0,0,0.0,0
29ABCDE8851F1Z1137,4260.460000000021,1.0000007276214955,0.0,5,3.0,30.0,97,0,0,0.0,0
22ABCDE3151F1Z1138,4191.1699999999255,1.000000167017812,-1.3333333333333333,4,1.0,11.11111111111111,73,0,0,0.0,0
19ABCDE1102F1Z1139,6332.739999999874,0.9999997315538505,-0.6666666666666666,5,2.0,16.666666666666664,98,0,0,0.0,0
18ABCDE6384F1Z1140,5076.539999999863,1.0000002363815015,-1.0,3,0.0,0.0,99,0,0,0.0,0
32ABCDE7917F1Z1141,6108.660000000033,0.9999997708172256,0.5,5,1.0,10.0,100,0,0,0.0,0
31ABCDE1569F1Z1142,4405.599999999977,0.9999989331770909,-0.5,4,0.0,0.0,81,0,0,0.0,0
27ABCDE1601F1Z1143,5451.850000000093,0.9999991929351767,-0.16666666666666666,4,3.0,27.27272727272727,83,0,0,0.0,0
35ABCDE2550F1Z1144,5014.909999999974,1.0000000398810711,0.3333333333333333,5,2.0,16.666666666666664,92,0,0,0.0,0
29ABCDE5237F1Z1145,4929.169999999984,0.9999991073555814,-1.8333333333333333,5,1.0,10.0,70,0,0,0.0,0
28ABCDE7416F1Z1146,5683.25,1.0000000351911331,0.3333333333333333,3,0.0,0.0,94,0,0,0.0,0
36ABCDE4441F1Z1147,6467.75,1.00000021645863,0.5,4,1.0,8.333333333333332,81,0,0,0.0,0
24ABCDE4081F1Z1148,1080.7799999999988,1.0000002775773813,-0.6666666666666666,5,2.0,50.0,75,0,0,0.0,1
25ABCDE8899F1Z1149,4457.660000000033,0.9999995289010426,0.16666666666666666,4,1.0,9.090909090909092,80,0,0,0.0,0
26ABCDE7837F1Z1150,6540.290000000037,1.000000076449221,0.6666666666666666,5,0.0,0.0,92,0,0,0.0,0
20ABCDE9220F1Z1151,1684.3800000000047,1.0000027903520103,1.1666666666666667,5,0.0,0.0,94,0,0,0.0,0
33ABCDE1229F1Z1152,955.1300000000047,1.0000001046978058,-0.3333333333333333,3,0.0,0.0,74,0,0,0.0,0
25ABCDE8551F1Z1153,10482.829999999609,0.999999837830041,-1.1666666666666667,4,1.0,5.263157894736842,83,0,0,0.0,0
23ABCDE7612F1Z1154,5442.409999999916,1.0000000551226265,-0.3333333333333333,3,4.0,33.33333333333333,97,0,0,0.0,1
22ABCDE2529F1Z1155,6124.000000000116,0.9999998367080795,0.5,3,0.0,0.0,74,0,0,0.0,0
13ABCDE7105F1Z1156,3494.070000000007,0.9999991127833036,0.16666666666666666,2,3.0,37.5,99,0,0,0.0,1
11ABCDE2164F1Z1157,8779.319999999832,1.0000000341711937,-0.6666666666666666,4,3.0,16.666666666666664,71,0,0,0.0,0
29ABCDE5934F1Z1158,5515.880000000005,1.0000004351075529,1.1666666666666667,5,3.0,27.27272727272727,85,0,0,0.0,0
14ABCDE5954F1Z1159,7180.729999999981,1.0000004177849933,1.0,5,2.0,18.181818181818183,92,0,0,0.0,0
15ABCDE7342F1Z1160,4113.380000000005,1.000000777949641,-0.8333333333333334,4,1.0,12.5,84,0,0,0.0,0
18ABCDE5109F1Z1161,5038.040000000037,0.9999995831714144,0.6666666666666666,3,0.0,0.0,84,0,0,0.0,0
25ABCDE8409F1Z1162,4133.669999999984,0.9999996855095816,0.0,2,2.0,22.22222222222222,86,0,0,0.0,0
28ABCDE8858F1Z1163,5787.929999999935,1.0000002764374099,1.0,5,1.0,10.0,85,0,0,0.0,0
11ABCDE4953F1Z1164,3242.8300000000163,1.0000007400948532,2.0,5,0.0,0.0,89,0,0,0.0,0
19ABCDE6422F1Z1165,3435.5400000000373,1.000000873225943,-1.1666666666666667,4,0.0,0.0,74,0,0,0.0,0
22ABCDE2816F1Z1166,2666.7399999999907,1.000000412488823,-2.5,0,1.0,20.0,74,0,0,0.0,0
21ABCDE7921F1Z1167,6132.360000000102,0.9999994944852665,0.3333333333333333,5,3.0,23.076923076923077,72,0,0,0.0,0
22ABCDE6373F1Z1168,6876.60999999987,0.9999995491966636,0.8333333333333334,3,2.0,14.285714285714285,82,0,0,0.0,0
15ABCDE7062F1Z1169,8356.240000000107,0.9999996290199009,0.16666666666666666,5,1.0,7.142857142857142,71,0,0,0.0,1
23ABCDE1863F1Z1170,4908.679999999993,0.9999999592558491,-0.5,4,1.0,10.0,87,0,0,0.0,1
24ABCDE2581F1Z1171,4056.019999999902,0.999999753452929,-1.1666666666666667,3,2.0,25.0,93,0,0,0.0,0
13ABCDE5880F1Z1172,4633.539999999979,0.9999998920911514,0.3333333333333333,3,1.0,14.285714285714285,78,0,0,0.0,0
19ABCDE8624F1Z1173,5400.680000000051,1.0000006110345487,1.3333333333333333,4,3.0,27.27272727272727,82,0,0,0.0,0
16ABCDE6185F1Z1174,6028.649999999907,0.9999992701522097,-1.5,4,2.0,16.666666666666664,97,0,0,0.0,0
23ABCDE6617F1Z1175,4676.460000000021,0.9999990163509461,-1.6666666666666667,2,2.0,16.666666666666664,99,0,0,0.0,0
16ABCDE7885F1Z1176,3820.3600000000442,0.9999999214733867,-1.0,3,0.0,0.0,91,0,0,0.0,0
35ABCDE1396F1Z1177,3302.9500000000116,1.0000011202119792,-0.16666666666666666,5,1.0,14.285714285714285,95,0,0,0.0,0
23ABCDE1540F1Z1178,5347.499999999884,1.0000002244039559,1.5,3,3.0,27.27272727272727,89,0,0,0.0,0
20ABCDE3309F1Z1179,4622.059999999998,1.0000003894368958,-0.3333333333333333,4,4.0,50.0,79,0,0,0.0,1
10ABCDE2392F1Z1180,2823.25,1.0000015584899875,-1.8333333333333333,4,3.0,42.857142857142854,78,0,0,0.0,1
14ABCDE7562F1Z1181,4044.7399999999907,1.0000011372808197,1.3333333333333333,5,2.0,25.0,70,0,0,0.0,0
23ABCDE3374F1Z1182,2205.1199999999953,1.0000017686143579,-1.8333333333333333,3,1.0,20.0,72,0,0,0.0,0
12ABCDE2467F1Z1183,2290.00999999998,1.0000011353675016,1.0,5,1.0,16.666666666666664,97,0,0,0.0,0
16ABCDE8096F1Z1184,6240.439999999944,1.0000003044657946,0.16666666666666666,4,2.0,18.181818181818183,86,0,0,0.0,0
32ABCDE4881F1Z1185,5652.739999999991,1.0000004245730407,1.3333333333333333,2,0.0,0.0,71,0,0,0.0,0
17ABCDE2928F1Z1186,4524.299999999988,0.9999993369144349,-1.1666666666666667,5,1.0,12.5,70,0,0,0.0,0
33ABCDE1110F1Z1187,3320.929999999993,0.9999984943999184,-1.0,2,1.0,14.285714285714285,94,0,0,0.0,0
10ABCDE5607F1Z1188,2939.6699999999837,0.9999985712702393,-2.3333333333333335,5,0.0,0.0,80,0,0,0.0,0
29ABCDE2955F1Z1189,5712.909999999916,1.0000005601351516,0.8333333333333334,4,1.0,8.333333333333332,71,0,0,0.0,0
21ABCDE3898F1Z1190,8821.380000000005,1.0000000000000004,-1.1666666666666667,4,1.0,6.25,79,0,0,0.0,0
35ABCDE4294F1Z1191,5972.129999999888,1.0000001004666592,-0.16666666666666666,4,1.0,9.090909090909092,74,0,0,0.0,0
12ABCDE2142F1Z1192,4117.130000000005,1.0000002671764794,-0.8333333333333334,5,1.0,11.11111111111111,98,0,0,0.0,0
14ABCDE6213F1Z1193,4328.650000000023,0.9999993531474788,3.6666666666666665,5,2.0,22.22222222222222,83,0,0,0.0,0
12ABCDE4800F1Z1194,4316.5800000000745,1.0000009498269389,-0.16666666666666666,5,2.0,20.0,94,0,0,0.0,0
35ABCDE9854F1Z1195,1853.0099999999802,0.9999994063715971,-1.6666666666666667,1,1.0,25.0,93,0,0,0.0,0
30ABCDE3150F1Z1196,4044.3499999999767,0.9999988131605013,-1.0,2,1.0,12.5,97,0,0,0.0,0
21ABCDE2929F1Z1197,4651.210000000021,1.0000006879934946,2.8333333333333335,5,1.0,10.0,84,0,0,0.0,0
28ABCDE2170F1Z1198,3821.960000000021,0.9999995290376845,0.8333333333333334,5,1.0,14.285714285714285,82,0,0,0.0,0
29ABCDE7537F1Z1199,2215.2000000000116,0.9999984200097244,3.0,5,1.0,20.0,75,0,0,0.0,0
