Gstin,Month,DelayDays
27AAAAA7009A1Z0,2023-01,19
27AAAAA7009A1Z0,2023-02,37
27AAAAA7009A1Z0,2023-03,33
27AAAAA7009A1Z0,2023-04,35
27AAAAA7009A1Z0,2023-05,22
27AAAAA7009A1Z0,2023-06,40
27AAAAA5558A1Z1,2023-01,20
27AAAAA5558A1Z1,2023-02,19
27AAAAA5558A1Z1,2023-03,18
27AAAAA5558A1Z1,2023-04,10
27AAAAA5558A1Z1,2023-05,22
27AAAAA5558A1Z1,2023-06,28
27AAAAA8421A1Z2,2023-01,26
27AAAAA8421A1Z2,2023-02,22
27AAAAA8421A1Z2,2023-03,15
27AAAAA8421A1Z2,2023-04,28
27AAAAA8421A1Z2,2023-05,15
27AAAAA8421A1Z2,2023-06,34
27AAAAA2109A1Z3,2023-01,39
27AAAAA2109A1Z3,2023-02,26
27AAAAA2109A1Z3,2023-03,35
27AAAAA2109A1Z3,2023-04,12
27AAAAA2109A1Z3,2023-05,31
27AAAAA2109A1Z3,2023-06,10
27AAAAA5043A1Z4,2023-01,28
27AAAAA5043A1Z4,2023-02,18
27AAAAA5043A1Z4,2023-03,31
27AAAAA5043A1Z4,2023-04,26
27AAAAA5043A1Z4,2023-05,16
27AAAAA5043A1Z4,2023-06,38
27AAAAA8681A1Z5,2023-01,25
27AAAAA8681A1Z5,2023-02,38
27AAAAA8681A1Z5,2023-03,19
27AAAAA8681A1Z5,2023-04,35
27AAAAA8681A1Z5,2023-05,29
27AAAAA8681A1Z5,2023-06,19
27AAAAA2328A1Z6,2023-01,27
27AAAAA2328A1Z6,2023-02,23
27AAAAA2328A1Z6,2023-03,15
27AAAAA2328A1Z6,2023-04,17
27AAAAA2328A1Z6,2023-05,38
27AAAAA2328A1Z6,2023-06,28
27AAAAA3202A1Z7,2023-01,38
27AAAAA3202A1Z7,2023-02,12
27AAAAA3202A1Z7,2023-03,38
27AAAAA3202A1Z7,2023-04,18
27AAAAA3202A1Z7,2023-05,11
27AAAAA3202A1Z7,2023-06,32
27AAAAA4453A1Z8,2023-01,23
27AAAAA4453A1Z8,2023-02,31
27AAAAA4453A1Z8,2023-03,35
27AAAAA4453A1Z8,2023-04,29
27AAAAA4453A1Z8,2023-05,11
27AAAAA4453A1Z8,2023-06,13
27AAAAA3776A1Z9,2023-01,39
27AAAAA3776A1Z9,2023-02,14
27AAAAA3776A1Z9,2023-03,29
27AAAAA3776A1Z9,2023-04,10
27AAAAA3776A1Z9,2023-05,28
27AAAAA3776A1Z9,2023-06,24
27AAAAA7114A1Z10,2023-01,36
27AAAAA7114A1Z10,2023-02,25
27AAAAA7114A1Z10,2023-03,40
27AAAAA7114A1Z10,2023-04,15
27AAAAA7114A1Z10,2023-05,16
27AAAAA7114A1Z10,2023-06,18
27AAAAA8331A1Z11,2023-01,40
27AAAAA8331A1Z11,2023-02,24
27AAAAA8331A1Z11,2023-03,13
27AAAAA8331A1Z11,2023-04,10
27AAAAA8331A1Z11,2023-05,18
27AAAAA8331A1Z11,2023-06,22
27AAAAA4624A1Z12,2023-01,21
27AAAAA4624A1Z12,2023-02,23
27AAAAA4624A1Z12,2023-03,18
27AAAAA4624A1Z12,2023-04,20
27AAAAA4624A1Z12,2023-05,27
27AAAAA4624A1Z12,2023-06,33
27AAAAA8147A1Z13,2023-01,36
27AAAAA8147A1Z13,2023-02,16
27AAAAA8147A1Z13,2023-03,20
27AAAAA8147A1Z13,2023-04,16
27AAAAA8147A1Z13,2023-05,38
27AAAAA8147A1Z13,2023-06,31
27AAAAA8028A1Z14,2023-01,16
27AAAAA8028A1Z14,2023-02,22
27AAAAA8028A1Z14,2023-03,16
27AAAAA8028A1Z14,2023-04,30
27AAAAA8028A1Z14,2023-05,28
27AAAAA8028A1Z14,2023-06,14
27AAAAA1798A1Z15,2023-01,34
27AAAAA1798A1Z15,2023-02,24
27AAAAA1798A1Z15,2023-03,29
27AAAAA1798A1Z15,2023-04,12
27AAAAA1798A1Z15,2023-05,36
27AAAAA1798A1Z15,2023-06,39
27AAAAA2239A1Z16,2023-01,32
27AAAAA2239A1Z16,2023-02,36
27AAAAA2239A1Z16,2023-03,22
27AAAAA2239A1Z16,2023-04,20
27AAAAA2239A1Z16,2023-05,19
27AAAAA2239A1Z16,2023-06,32
27AAAAA2285A1Z17,2023-01,16
27AAAAA2285A1Z17,2023-02,14
27AAAAA2285A1Z17,2023-03,34
27AAAAA2285A1Z17,2023-04,17
27AAAAA2285A1Z17,2023-05,27
27AAAAA2285A1Z17,2023-06,19
27AAAAA3363A1Z18,2023-01,33
27AAAAA3363A1Z18,2023-02,22
27AAAAA3363A1Z18,2023-03,22
27AAAAA3363A1Z18,2023-04,11
27AAAAA3363A1Z18,2023-05,30
27AAAAA3363A1Z18,2023-06,29
27AAAAA8718A1Z19,2023-01,26
27AAAAA8718A1Z19,2023-02,13
27AAAAA8718A1Z19,2023-03,18
27AAAAA8718A1Z19,2023-04,12
27AAAAA8718A1Z19,2023-05,36
27AAAAA8718A1Z19,2023-06,33
27AAAAA8744A1Z20,2023-01,26
27AAAAA8744A1Z20,2023-02,36
27AAAAA8744A1Z20,2023-03,38
27AAAAA8744A1Z20,2023-04,25
27AAAAA8744A1Z20,2023-05,17
27AAAAA8744A1Z20,2023-06,33
27AAAAA7096A1Z21,2023-01,21
27AAAAA7096A1Z21,2023-02,40
27AAAAA7096A1Z21,2023-03,39
27AAAAA7096A1Z21,2023-04,16
27AAAAA7096A1Z21,2023-05,13
27AAAAA7096A1Z21,2023-06,28
27AAAAA7263A1Z22,2023-01,23
27AAAAA7263A1Z22,2023-02,40
27AAAAA7263A1Z22,2023-03,13
27AAAAA7263A1Z22,2023-04,21
27AAAAA7263A1Z22,2023-05,27
27AAAAA7263A1Z22,2023-06,39
27AAAAA3971A1Z23,2023-01,19
27AAAAA3971A1Z23,2023-02,37
27AAAAA3971A1Z23,2023-03,13
27AAAAA3971A1Z23,2023-04,16
27AAAAA3971A1Z23,2023-05,37
27AAAAA3971A1Z23,2023-06,13
27AAAAA5726A1Z24,2023-01,14
27AAAAA5726A1Z24,2023-02,38
27AAAAA5726A1Z24,2023-03,22
27AAAAA5726A1Z24,2023-04,37
27AAAAA5726A1Z24,2023-05,38
27AAAAA5726A1Z24,2023-06,12
27AAAAA7649A1Z25,2023-01,26
27AAAAA7649A1Z25,2023-02,23
27AAAAA7649A1Z25,2023-03,17
27AAAAA7649A1Z25,2023-04,39
27AAAAA7649A1Z25,2023-05,40
27AAAAA7649A1Z25,2023-06,25
27AAAAA7634A1Z26,2023-01,38
27AAAAA7634A1Z26,2023-02,38
27AAAAA7634A1Z26,2023-03,34
27AAAAA7634A1Z26,2023-04,11
27AAAAA7634A1Z26,2023-05,16
27AAAAA7634A1Z26,2023-06,32
27AAAAA4075A1Z27,2023-01,13
27AAAAA4075A1Z27,2023-02,18
27AAAAA4075A1Z27,2023-03,11
27AAAAA4075A1Z27,2023-04,34
27AAAAA4075A1Z27,2023-05,22
27AAAAA4075A1Z27,2023-06,10
27AAAAA9799A1Z28,2023-01,20
27AAAAA9799A1Z28,2023-02,37
27AAAAA9799A1Z28,2023-03,13
27AAAAA9799A1Z28,2023-04,15
27AAAAA9799A1Z28,2023-05,40
27AAAAA9799A1Z28,2023-06,34
27AAAAA2726A1Z29,2023-01,29
27AAAAA2726A1Z29,2023-02,18
27AAAAA2726A1Z29,2023-03,19
27AAAAA2726A1Z29,2023-04,18
27AAAAA2726A1Z29,2023-05,33
27AAAAA2726A1Z29,2023-06,17
27AAAAA9800A1Z30,2023-01,19
27AAAAA9800A1Z30,2023-02,21
27AAAAA9800A1Z30,2023-03,33
27AAAAA9800A1Z30,2023-04,36
27AAAAA9800A1Z30,2023-05,20
27AAAAA9800A1Z30,2023-06,15
27AAAAA6193A1Z31,2023-01,20
27AAAAA6193A1Z31,2023-02,22
27AAAAA6193A1Z31,2023-03,11
27AAAAA6193A1Z31,2023-04,37
27AAAAA6193A1Z31,2023-05,13
27AAAAA6193A1Z31,2023-06,25
27AAAAA5512A1Z32,2023-01,18
27AAAAA5512A1Z32,2023-02,29
27AAAAA5512A1Z32,2023-03,11
27AAAAA5512A1Z32,2023-04,26
27AAAAA5512A1Z32,2023-05,30
27AAAAA5512A1Z32,2023-06,36
27AAAAA1559A1Z33,2023-01,24
27AAAAA1559A1Z33,2023-02,23
27AAAAA1559A1Z33,2023-03,35
27AAAAA1559A1Z33,2023-04,23
27AAAAA1559A1Z33,2023-05,32
27AAAAA1559A1Z33,2023-06,29
27AAAAA5498A1Z34,2023-01,27
27AAAAA5498A1Z34,2023-02,37
27AAAAA5498A1Z34,2023-03,12
27AAAAA5498A1Z34,2023-04,40
27AAAAA5498A1Z34,2023-05,28
27AAAAA5498A1Z34,2023-06,33
27AAAAA8867A1Z35,2023-01,22
27AAAAA8867A1Z35,2023-02,32
27AAAAA8867A1Z35,2023-03,10
27AAAAA8867A1Z35,2023-04,15
27AAAAA8867A1Z35,2023-05,19
27AAAAA8867A1Z35,2023-06,21
27AAAAA4627A1Z36,2023-01,22
27AAAAA4627A1Z36,2023-02,21
27AAAAA4627A1Z36,2023-03,23
27AAAAA4627A1Z36,2023-04,10
27AAAAA4627A1Z36,2023-05,11
27AAAAA4627A1Z36,2023-06,40
27AAAAA9991A1Z37,2023-01,10
27AAAAA9991A1Z37,2023-02,31
27AAAAA9991A1Z37,2023-03,29
27AAAAA9991A1Z37,2023-04,19
27AAAAA9991A1Z37,2023-05,11
27AAAAA9991A1Z37,2023-06,19
27AAAAA5929A1Z38,2023-01,40
27AAAAA5929A1Z38,2023-02,35
27AAAAA5929A1Z38,2023-03,30
27AAAAA5929A1Z38,2023-04,36
27AAAAA5929A1Z38,2023-05,20
27AAAAA5929A1Z38,2023-06,15
27AAAAA4780A1Z39,2023-01,40
27AAAAA4780A1Z39,2023-02,13
27AAAAA4780A1Z39,2023-03,32
27AAAAA4780A1Z39,2023-04,17
27AAAAA4780A1Z39,2023-05,10
27AAAAA4780A1Z39,2023-06,28
27AAAAA1856A1Z40,2023-01,39
27AAAAA1856A1Z40,2023-02,14
27AAAAA1856A1Z40,2023-03,20
27AAAAA1856A1Z40,2023-04,15
27AAAAA1856A1Z40,2023-05,28
27AAAAA1856A1Z40,2023-06,28
27AAAAA5925A1Z41,2023-01,25
27AAAAA5925A1Z41,2023-02,12
27AAAAA5925A1Z41,2023-03,27
27AAAAA5925A1Z41,2023-04,17
27AAAAA5925A1Z41,2023-05,27
27AAAAA5925A1Z41,2023-06,21
27AAAAA3860A1Z42,2023-01,13
27AAAAA3860A1Z42,2023-02,23
27AAAAA3860A1Z42,2023-03,12
27AAAAA3860A1Z42,2023-04,15
27AAAAA3860A1Z42,2023-05,34
27AAAAA3860A1Z42,2023-06,37
27AAAAA6300A1Z43,2023-01,14
27AAAAA6300A1Z43,2023-02,32
27AAAAA6300A1Z43,2023-03,12
27AAAAA6300A1Z43,2023-04,26
27AAAAA6300A1Z43,2023-05,20
27AAAAA6300A1Z43,2023-06,33
27AAAAA6852A1Z44,2023-01,29
27AAAAA6852A1Z44,2023-02,25
27AAAAA6852A1Z44,2023-03,25
27AAAAA6852A1Z44,2023-04,25
27AAAAA6852A1Z44,2023-05,33
27AAAAA6852A1Z44,2023-06,35
27AAAAA3150A1Z45,2023-01,27
27AAAAA3150A1Z45,2023-02,22
27AAAAA3150A1Z45,2023-03,17
27AAAAA3150A1Z45,2023-04,19
27AAAAA3150A1Z45,2023-05,26
27AAAAA3150A1Z45,2023-06,15
27AAAAA7903A1Z46,2023-01,19
27AAAAA7903A1Z46,2023-02,24
27AAAAA7903A1Z46,2023-03,30
27AAAAA7903A1Z46,2023-04,10
27AAAAA7903A1Z46,2023-05,23
27AAAAA7903A1Z46,2023-06,17
27AAAAA8895A1Z47,2023-01,10
27AAAAA8895A1Z47,2023-02,37
27AAAAA8895A1Z47,2023-03,34
27AAAAA8895A1Z47,2023-04,33
27AAAAA8895A1Z47,2023-05,16
27AAAAA8895A1Z47,2023-06,38
27AAAAA5089A1Z48,2023-01,25
27AAAAA5089A1Z48,2023-02,35
27AAAAA5089A1Z48,2023-03,34
27AAAAA5089A1Z48,2023-04,26
27AAAAA5089A1Z48,2023-05,33
27AAAAA5089A1Z48,2023-06,33
27AAAAA3748A1Z49,2023-01,20
27AAAAA3748A1Z49,2023-02,37
27AAAAA3748A1Z49,2023-03,21
27AAAAA3748A1Z49,2023-04,35
27AAAAA3748A1Z49,2023-05,31
27AAAAA3748A1Z49,2023-06,20
27AAAAA6757A1Z50,2023-01,16
27AAAAA6757A1Z50,2023-02,22
27AAAAA6757A1Z50,2023-03,32
27AAAAA6757A1Z50,2023-04,11
27AAAAA6757A1Z50,2023-05,18
27AAAAA6757A1Z50,2023-06,23
27AAAAA3630A1Z51,2023-01,37
27AAAAA3630A1Z51,2023-02,30
27AAAAA3630A1Z51,2023-03,12
27AAAAA3630A1Z51,2023-04,31
27AAAAA3630A1Z51,2023-05,13
27AAAAA3630A1Z51,2023-06,17
27AAAAA4535A1Z52,2023-01,18
27AAAAA4535A1Z52,2023-02,22
27AAAAA4535A1Z52,2023-03,37
27AAAAA4535A1Z52,2023-04,18
27AAAAA4535A1Z52,2023-05,20
27AAAAA4535A1Z52,2023-06,20
27AAAAA8870A1Z53,2023-01,32
27AAAAA8870A1Z53,2023-02,17
27AAAAA8870A1Z53,2023-03,19
27AAAAA8870A1Z53,2023-04,28
27AAAAA8870A1Z53,2023-05,11
27AAAAA8870A1Z53,2023-06,27
27AAAAA1550A1Z54,2023-01,40
27AAAAA1550A1Z54,2023-02,31
27AAAAA1550A1Z54,2023-03,26
27AAAAA1550A1Z54,2023-04,33
27AAAAA1550A1Z54,2023-05,17
27AAAAA1550A1Z54,2023-06,22
27AAAAA8811A1Z55,2023-01,16
27AAAAA8811A1Z55,2023-02,13
27AAAAA8811A1Z55,2023-03,36
27AAAAA8811A1Z55,2023-04,40
27AAAAA8811A1Z55,2023-05,28
27AAAAA8811A1Z55,2023-06,28
27AAAAA6445A1Z56,2023-01,19
27AAAAA6445A1Z56,2023-02,28
27AAAAA6445A1Z56,2023-03,23
27AAAAA6445A1Z56,2023-04,27
27AAAAA6445A1Z56,2023-05,31
27AAAAA6445A1Z56,2023-06,35
27AAAAA4221A1Z57,2023-01,29
27AAAAA4221A1Z57,2023-02,15
27AAAAA4221A1Z57,2023-03,34
27AAAAA4221A1Z57,2023-04,30
27AAAAA4221A1Z57,2023-05,16
27AAAAA4221A1Z57,2023-06,16
27AAAAA5267A1Z58,2023-01,32
27AAAAA5267A1Z58,2023-02,31
27AAAAA5267A1Z58,2023-03,21
27AAAAA5267A1Z58,2023-04,15
27AAAAA5267A1Z58,2023-05,31
27AAAAA5267A1Z58,2023-06,28
27AAAAA5597A1Z59,2023-01,14
27AAAAA5597A1Z59,2023-02,29
27AAAAA5597A1Z59,2023-03,19
27AAAAA5597A1Z59,2023-04,39
27AAAAA5597A1Z59,2023-05,37
27AAAAA5597A1Z59,2023-06,10
27AAAAA6343A1Z60,2023-01,25
27AAAAA6343A1Z60,2023-02,15
27AAAAA6343A1Z60,2023-03,23
27AAAAA6343A1Z60,2023-04,38
27AAAAA6343A1Z60,2023-05,40
27AAAAA6343A1Z60,2023-06,18
27AAAAA5878A1Z61,2023-01,39
27AAAAA5878A1Z61,2023-02,20
27AAAAA5878A1Z61,2023-03,30
27AAAAA5878A1Z61,2023-04,39
27AAAAA5878A1Z61,2023-05,36
27AAAAA5878A1Z61,2023-06,36
27AAAAA7993A1Z62,2023-01,31
27AAAAA7993A1Z62,2023-02,32
27AAAAA7993A1Z62,2023-03,21
27AAAAA7993A1Z62,2023-04,23
27AAAAA7993A1Z62,2023-05,15
27AAAAA7993A1Z62,2023-06,15
27AAAAA4729A1Z63,2023-01,13
27AAAAA4729A1Z63,2023-02,18
27AAAAA4729A1Z63,2023-03,16
27AAAAA4729A1Z63,2023-04,14
27AAAAA4729A1Z63,2023-05,36
27AAAAA4729A1Z63,2023-06,28
27AAAAA6931A1Z64,2023-01,27
27AAAAA6931A1Z64,2023-02,40
27AAAAA6931A1Z64,2023-03,37
27AAAAA6931A1Z64,2023-04,14
27AAAAA6931A1Z64,2023-05,39
27AAAAA6931A1Z64,2023-06,16
27AAAAA4638A1Z65,2023-01,15
27AAAAA4638A1Z65,2023-02,39
27AAAAA4638A1Z65,2023-03,27
27AAAAA4638A1Z65,2023-04,12
27AAAAA4638A1Z65,2023-05,33
27AAAAA4638A1Z65,2023-06,17
27AAAAA5281A1Z66,2023-01,15
27AAAAA5281A1Z66,2023-02,30
27AAAAA5281A1Z66,2023-03,26
27AAAAA5281A1Z66,2023-04,34
27AAAAA5281A1Z66,2023-05,27
27AAAAA5281A1Z66,2023-06,16
27AAAAA8645A1Z67,2023-01,17
27AAAAA8645A1Z67,2023-02,37
27AAAAA8645A1Z67,2023-03,27
27AAAAA8645A1Z67,2023-04,38
27AAAAA8645A1Z67,2023-05,29
27AAAAA8645A1Z67,2023-06,16
27AAAAA9320A1Z68,2023-01,12
27AAAAA9320A1Z68,2023-02,19
27AAAAA9320A1Z68,2023-03,17
27AAAAA9320A1Z68,2023-04,22
27AAAAA9320A1Z68,2023-05,21
27AAAAA9320A1Z68,2023-06,18
27AAAAA6091A1Z69,2023-01,36
27AAAAA6091A1Z69,2023-02,27
27AAAAA6091A1Z69,2023-03,33
27AAAAA6091A1Z69,2023-04,31
27AAAAA6091A1Z69,2023-05,37
27AAAAA6091A1Z69,2023-06,17
27AAAAA3141A1Z70,2023-01,26
27AAAAA3141A1Z70,2023-02,36
27AAAAA3141A1Z70,2023-03,21
27AAAAA3141A1Z70,2023-04,15
27AAAAA3141A1Z70,2023-05,20
27AAAAA3141A1Z70,2023-06,25
27AAAAA9392A1Z71,2023-01,40
27AAAAA9392A1Z71,2023-02,33
27AAAAA9392A1Z71,2023-03,13
27AAAAA9392A1Z71,2023-04,31
27AAAAA9392A1Z71,2023-05,22
27AAAAA9392A1Z71,2023-06,21
27AAAAA5333A1Z72,2023-01,18
27AAAAA5333A1Z72,2023-02,18
27AAAAA5333A1Z72,2023-03,27
27AAAAA5333A1Z72,2023-04,27
27AAAAA5333A1Z72,2023-05,13
27AAAAA5333A1Z72,2023-06,17
27AAAAA9021A1Z73,2023-01,36
27AAAAA9021A1Z73,2023-02,10
27AAAAA9021A1Z73,2023-03,28
27AAAAA9021A1Z73,2023-04,25
27AAAAA9021A1Z73,2023-05,26
27AAAAA9021A1Z73,2023-06,23
27AAAAA6970A1Z74,2023-01,33
27AAAAA6970A1Z74,2023-02,31
27AAAAA6970A1Z74,2023-03,34
27AAAAA6970A1Z74,2023-04,33
27AAAAA6970A1Z74,2023-05,11
27AAAAA6970A1Z74,2023-06,26
27AAAAA9596A1Z75,2023-01,34
27AAAAA9596A1Z75,2023-02,23
27AAAAA9596A1Z75,2023-03,31
27AAAAA9596A1Z75,2023-04,34
27AAAAA9596A1Z75,2023-05,28
27AAAAA9596A1Z75,2023-06,40
27AAAAA9853A1Z76,2023-01,32
27AAAAA9853A1Z76,2023-02,10
27AAAAA9853A1Z76,2023-03,17
27AAAAA9853A1Z76,2023-04,18
27AAAAA9853A1Z76,2023-05,34
27AAAAA9853A1Z76,2023-06,27
27AAAAA3638A1Z77,2023-01,29
27AAAAA3638A1Z77,2023-02,18
27AAAAA3638A1Z77,2023-03,39
27AAAAA3638A1Z77,2023-04,24
27AAAAA3638A1Z77,2023-05,25
27AAAAA3638A1Z77,2023-06,38
27AAAAA9558A1Z78,2023-01,39
27AAAAA9558A1Z78,2023-02,25
27AAAAA9558A1Z78,2023-03,32
27AAAAA9558A1Z78,2023-04,18
27AAAAA9558A1Z78,2023-05,29
27AAAAA9558A1Z78,2023-06,33
27AAAAA6694A1Z79,2023-01,17
27AAAAA6694A1Z79,2023-02,14
27AAAAA6694A1Z79,2023-03,27
27AAAAA6694A1Z79,2023-04,38
27AAAAA6694A1Z79,2023-05,33
27AAAAA6694A1Z79,2023-06,27
27AAAAA8870A1Z80,2023-01,39
27AAAAA8870A1Z80,2023-02,29
27AAAAA8870A1Z80,2023-03,25
27AAAAA8870A1Z80,2023-04,37
27AAAAA8870A1Z80,2023-05,29
27AAAAA8870A1Z80,2023-06,30
27AAAAA5639A1Z81,2023-01,31
27AAAAA5639A1Z81,2023-02,14
27AAAAA5639A1Z81,2023-03,36
27AAAAA5639A1Z81,2023-04,38
27AAAAA5639A1Z81,2023-05,17
27AAAAA5639A1Z81,2023-06,29
27AAAAA9461A1Z82,2023-01,40
27AAAAA9461A1Z82,2023-02,18
27AAAAA9461A1Z82,2023-03,23
27AAAAA9461A1Z82,2023-04,24
27AAAAA9461A1Z82,2023-05,38
27AAAAA9461A1Z82,2023-06,28
27AAAAA9184A1Z83,2023-01,19
27AAAAA9184A1Z83,2023-02,39
27AAAAA9184A1Z83,2023-03,11
27AAAAA9184A1Z83,2023-04,35
27AAAAA9184A1Z83,2023-05,37
27AAAAA9184A1Z83,2023-06,17
27AAAAA4511A1Z84,2023-01,28
27AAAAA4511A1Z84,2023-02,23
27AAAAA4511A1Z84,2023-03,38
27AAAAA4511A1Z84,2023-04,13
27AAAAA4511A1Z84,2023-05,20
27AAAAA4511A1Z84,2023-06,22
27AAAAA1587A1Z85,2023-01,32
27AAAAA1587A1Z85,2023-02,33
27AAAAA1587A1Z85,2023-03,33
27AAAAA1587A1Z85,2023-04,11
27AAAAA1587A1Z85,2023-05,36
27AAAAA1587A1Z85,2023-06,29
27AAAAA9347A1Z86,2023-01,37
27AAAAA9347A1Z86,2023-02,36
27AAAAA9347A1Z86,2023-03,21
27AAAAA9347A1Z86,2023-04,25
27AAAAA9347A1Z86,2023-05,36
27AAAAA9347A1Z86,2023-06,18
27AAAAA9587A1Z87,2023-01,17
27AAAAA9587A1Z87,2023-02,20
27AAAAA9587A1Z87,2023-03,13
27AAAAA9587A1Z87,2023-04,22
27AAAAA9587A1Z87,2023-05,40
27AAAAA9587A1Z87,2023-06,29
27AAAAA8810A1Z88,2023-01,34
27AAAAA8810A1Z88,2023-02,31
27AAAAA8810A1Z88,2023-03,40
27AAAAA8810A1Z88,2023-04,34
27AAAAA8810A1Z88,2023-05,18
27AAAAA8810A1Z88,2023-06,34
27AAAAA8190A1Z89,2023-01,26
27AAAAA8190A1Z89,2023-02,15
27AAAAA8190A1Z89,2023-03,38
27AAAAA8190A1Z89,2023-04,31
27AAAAA8190A1Z89,2023-05,29
27AAAAA8190A1Z89,2023-06,19
27AAAAA6326A1Z90,2023-01,14
27AAAAA6326A1Z90,2023-02,16
27AAAAA6326A1Z90,2023-03,35
27AAAAA6326A1Z90,2023-04,36
27AAAAA6326A1Z90,2023-05,30
27AAAAA6326A1Z90,2023-06,23
27AAAAA6481A1Z91,2023-01,31
27AAAAA6481A1Z91,2023-02,17
27AAAAA6481A1Z91,2023-03,18
27AAAAA6481A1Z91,2023-04,12
27AAAAA6481A1Z91,2023-05,38
27AAAAA6481A1Z91,2023-06,12
27AAAAA3487A1Z92,2023-01,17
27AAAAA3487A1Z92,2023-02,36
27AAAAA3487A1Z92,2023-03,17
27AAAAA3487A1Z92,2023-04,30
27AAAAA3487A1Z92,2023-05,37
27AAAAA3487A1Z92,2023-06,21
27AAAAA3241A1Z93,2023-01,36
27AAAAA3241A1Z93,2023-02,38
27AAAAA3241A1Z93,2023-03,37
27AAAAA3241A1Z93,2023-04,33
27AAAAA3241A1Z93,2023-05,22
27AAAAA3241A1Z93,2023-06,20
27AAAAA1315A1Z94,2023-01,25
27AAAAA1315A1Z94,2023-02,40
27AAAAA1315A1Z94,2023-03,27
27AAAAA1315A1Z94,2023-04,22
27AAAAA1315A1Z94,2023-05,19
27AAAAA1315A1Z94,2023-06,26
27AAAAA8284A1Z95,2023-01,34
27AAAAA8284A1Z95,2023-02,16
27AAAAA8284A1Z95,2023-03,31
27AAAAA8284A1Z95,2023-04,30
27AAAAA8284A1Z95,2023-05,24
27AAAAA8284A1Z95,2023-06,23
27AAAAA1903A1Z96,2023-01,31
27AAAAA1903A1Z96,2023-02,29
27AAAAA1903A1Z96,2023-03,15
27AAAAA1903A1Z96,2023-04,29
27AAAAA1903A1Z96,2023-05,39
27AAAAA1903A1Z96,2023-06,34
27AAAAA7597A1Z97,2023-01,29
27AAAAA7597A1Z97,2023-02,40
27AAAAA7597A1Z97,2023-03,34
27AAAAA7597A1Z97,2023-04,20
27AAAAA7597A1Z97,2023-05,20
27AAAAA7597A1Z97,2023-06,31
27AAAAA7252A1Z98,2023-01,35
27AAAAA7252A1Z98,2023-02,27
27AAAAA7252A1Z98,2023-03,24
27AAAAA7252A1Z98,2023-04,29
27AAAAA7252A1Z98,2023-05,33
27AAAAA7252A1Z98,2023-06,22
27AAAAA1390A1Z99,2023-01,35
27AAAAA1390A1Z99,2023-02,18
27AAAAA1390A1Z99,2023-03,40
27AAAAA1390A1Z99,2023-04,12
27AAAAA1390A1Z99,2023-05,10
27AAAAA1390A1Z99,2023-06,32
27AAAAA4135A1Z100,2023-01,25
27AAAAA4135A1Z100,2023-02,21
27AAAAA4135A1Z100,2023-03,15
27AAAAA4135A1Z100,2023-04,38
27AAAAA4135A1Z100,2023-05,23
27AAAAA4135A1Z100,2023-06,27
27AAAAA3434A1Z101,2023-01,37
27AAAAA3434A1Z101,2023-02,40
27AAAAA3434A1Z101,2023-03,20
27AAAAA3434A1Z101,2023-04,35
27AAAAA3434A1Z101,2023-05,37
27AAAAA3434A1Z101,2023-06,14
27AAAAA3055A1Z102,2023-01,21
27AAAAA3055A1Z102,2023-02,28
27AAAAA3055A1Z102,2023-03,17
27AAAAA3055A1Z102,2023-04,20
27AAAAA3055A1Z102,2023-05,31
27AAAAA3055A1Z102,2023-06,10
27AAAAA4773A1Z103,2023-01,31
27AAAAA4773A1Z103,2023-02,11
27AAAAA4773A1Z103,2023-03,19
27AAAAA4773A1Z103,2023-04,40
27AAAAA4773A1Z103,2023-05,32
27AAAAA4773A1Z103,2023-06,40
27AAAAA4096A1Z104,2023-01,25
27AAAAA4096A1Z104,2023-02,40
27AAAAA4096A1Z104,2023-03,27
27AAAAA4096A1Z104,2023-04,15
27AAAAA4096A1Z104,2023-05,12
27AAAAA4096A1Z104,2023-06,20
27AAAAA3070A1Z105,2023-01,35
27AAAAA3070A1Z105,2023-02,38
27AAAAA3070A1Z105,2023-03,22
27AAAAA3070A1Z105,2023-04,34
27AAAAA3070A1Z105,2023-05,22
27AAAAA3070A1Z105,2023-06,32
27AAAAA4596A1Z106,2023-01,15
27AAAAA4596A1Z106,2023-02,19
27AAAAA4596A1Z106,2023-03,26
27AAAAA4596A1Z106,2023-04,21
27AAAAA4596A1Z106,2023-05,17
27AAAAA4596A1Z106,2023-06,26
27AAAAA7966A1Z107,2023-01,13
27AAAAA7966A1Z107,2023-02,26
27AAAAA7966A1Z107,2023-03,22
27AAAAA7966A1Z107,2023-04,32
27AAAAA7966A1Z107,2023-05,18
27AAAAA7966A1Z107,2023-06,33
27AAAAA4078A1Z108,2023-01,36
27AAAAA4078A1Z108,2023-02,26
27AAAAA4078A1Z108,2023-03,23
27AAAAA4078A1Z108,2023-04,13
27AAAAA4078A1Z108,2023-05,15
27AAAAA4078A1Z108,2023-06,11
27AAAAA1361A1Z109,2023-01,29
27AAAAA1361A1Z109,2023-02,30
27AAAAA1361A1Z109,2023-03,11
27AAAAA1361A1Z109,2023-04,31
27AAAAA1361A1Z109,2023-05,37
27AAAAA1361A1Z109,2023-06,38
27AAAAA3249A1Z110,2023-01,29
27AAAAA3249A1Z110,2023-02,23
27AAAAA3249A1Z110,2023-03,12
27AAAAA3249A1Z110,2023-04,14
27AAAAA3249A1Z110,2023-05,34
27AAAAA3249A1Z110,2023-06,16
27AAAAA4449A1Z111,2023-01,39
27AAAAA4449A1Z111,2023-02,29
27AAAAA4449A1Z111,2023-03,15
27AAAAA4449A1Z111,2023-04,34
27AAAAA4449A1Z111,2023-05,31
27AAAAA4449A1Z111,2023-06,18
27AAAAA2855A1Z112,2023-01,29
27AAAAA2855A1Z112,2023-02,40
27AAAAA2855A1Z112,2023-03,38
27AAAAA2855A1Z112,2023-04,22
27AAAAA2855A1Z112,2023-05,22
27AAAAA2855A1Z112,2023-06,38
27AAAAA1997A1Z113,2023-01,28
27AAAAA1997A1Z113,2023-02,24
27AAAAA1997A1Z113,2023-03,35
27AAAAA1997A1Z113,2023-04,15
27AAAAA1997A1Z113,2023-05,30
27AAAAA1997A1Z113,2023-06,14
27AAAAA6749A1Z114,2023-01,12
27AAAAA6749A1Z114,2023-02,20
27AAAAA6749A1Z114,2023-03,38
27AAAAA6749A1Z114,2023-04,12
27AAAAA6749A1Z114,2023-05,36
27AAAAA6749A1Z114,2023-06,16
27AAAAA8579A1Z115,2023-01,14
27AAAAA8579A1Z115,2023-02,33
27AAAAA8579A1Z115,2023-03,16
27AAAAA8579A1Z115,2023-04,39
27AAAAA8579A1Z115,2023-05,18
27AAAAA8579A1Z115,2023-06,16
27AAAAA8584A1Z116,2023-01,37
27AAAAA8584A1Z116,2023-02,33
27AAAAA8584A1Z116,2023-03,22
27AAAAA8584A1Z116,2023-04,31
27AAAAA8584A1Z116,2023-05,30
27AAAAA8584A1Z116,2023-06,10
27AAAAA7979A1Z117,2023-01,11
27AAAAA7979A1Z117,2023-02,14
27AAAAA7979A1Z117,2023-03,25
27AAAAA7979A1Z117,2023-04,38
27AAAAA7979A1Z117,2023-05,30
27AAAAA7979A1Z117,2023-06,21
27AAAAA4213A1Z118,2023-01,16
27AAAAA4213A1Z118,2023-02,22
27AAAAA4213A1Z118,2023-03,18
27AAAAA4213A1Z118,2023-04,33
27AAAAA4213A1Z118,2023-05,33
27AAAAA4213A1Z118,2023-06,15
27AAAAA1558A1Z119,2023-01,37
27AAAAA1558A1Z119,2023-02,21
27AAAAA1558A1Z119,2023-03,15
27AAAAA1558A1Z119,2023-04,15
27AAAAA1558A1Z119,2023-05,37
27AAAAA1558A1Z119,2023-06,19
27AAAAA7883A1Z120,2023-01,12
27AAAAA7883A1Z120,2023-02,11
27AAAAA7883A1Z120,2023-03,18
27AAAAA7883A1Z120,2023-04,11
27AAAAA7883A1Z120,2023-05,18
27AAAAA7883A1Z120,2023-06,20
27AAAAA5713A1Z121,2023-01,16
27AAAAA5713A1Z121,2023-02,37
27AAAAA5713A1Z121,2023-03,22
27AAAAA5713A1Z121,2023-04,38
27AAAAA5713A1Z121,2023-05,33
27AAAAA5713A1Z121,2023-06,10
27AAAAA9685A1Z122,2023-01,12
27AAAAA9685A1Z122,2023-02,26
27AAAAA9685A1Z122,2023-03,13
27AAAAA9685A1Z122,2023-04,16
27AAAAA9685A1Z122,2023-05,17
27AAAAA9685A1Z122,2023-06,10
27AAAAA6273A1Z123,2023-01,18
27AAAAA6273A1Z123,2023-02,31
27AAAAA6273A1Z123,2023-03,15
27AAAAA6273A1Z123,2023-04,35
27AAAAA6273A1Z123,2023-05,16
27AAAAA6273A1Z123,2023-06,20
27AAAAA8541A1Z124,2023-01,22
27AAAAA8541A1Z124,2023-02,39
27AAAAA8541A1Z124,2023-03,14
27AAAAA8541A1Z124,2023-04,29
27AAAAA8541A1Z124,2023-05,32
27AAAAA8541A1Z124,2023-06,27
27AAAAA5530A1Z125,2023-01,28
27AAAAA5530A1Z125,2023-02,35
27AAAAA5530A1Z125,2023-03,16
27AAAAA5530A1Z125,2023-04,11
27AAAAA5530A1Z125,2023-05,16
27AAAAA5530A1Z125,2023-06,26
27AAAAA7062A1Z126,2023-01,15
27AAAAA7062A1Z126,2023-02,31
27AAAAA7062A1Z126,2023-03,33
27AAAAA7062A1Z126,2023-04,29
27AAAAA7062A1Z126,2023-05,29
27AAAAA7062A1Z126,2023-06,32
27AAAAA6444A1Z127,2023-01,24
27AAAAA6444A1Z127,2023-02,30
27AAAAA6444A1Z127,2023-03,14
27AAAAA6444A1Z127,2023-04,32
27AAAAA6444A1Z127,2023-05,19
27AAAAA6444A1Z127,2023-06,18
27AAAAA6796A1Z128,2023-01,13
27AAAAA6796A1Z128,2023-02,10
27AAAAA6796A1Z128,2023-03,11
27AAAAA6796A1Z128,2023-04,24
27AAAAA6796A1Z128,2023-05,24
27AAAAA6796A1Z128,2023-06,12
27AAAAA8060A1Z129,2023-01,22
27AAAAA8060A1Z129,2023-02,21
27AAAAA8060A1Z129,2023-03,24
27AAAAA8060A1Z129,2023-04,39
27AAAAA8060A1Z129,2023-05,33
27AAAAA8060A1Z129,2023-06,26
27AAAAA2817A1Z130,2023-01,37
27AAAAA2817A1Z130,2023-02,35
27AAAAA2817A1Z130,2023-03,23
27AAAAA2817A1Z130,2023-04,18
27AAAAA2817A1Z130,2023-05,20
27AAAAA2817A1Z130,2023-06,37
27AAAAA2431A1Z131,2023-01,38
27AAAAA2431A1Z131,2023-02,39
27AAAAA2431A1Z131,2023-03,38
27AAAAA2431A1Z131,2023-04,32
27AAAAA2431A1Z131,2023-05,19
27AAAAA2431A1Z131,2023-06,39
27AAAAA5211A1Z132,2023-01,38
27AAAAA5211A1Z132,2023-02,17
27AAAAA5211A1Z132,2023-03,14
27AAAAA5211A1Z132,2023-04,17
27AAAAA5211A1Z132,2023-05,30
27AAAAA5211A1Z132,2023-06,11
27AAAAA8124A1Z133,2023-01,17
27AAAAA8124A1Z133,2023-02,34
27AAAAA8124A1Z133,2023-03,23
27AAAAA8124A1Z133,2023-04,23
27AAAAA8124A1Z133,2023-05,31
27AAAAA8124A1Z133,2023-06,32
27AAAAA7259A1Z134,2023-01,38
27AAAAA7259A1Z134,2023-02,38
27AAAAA7259A1Z134,2023-03,32
27AAAAA7259A1Z134,2023-04,20
27AAAAA7259A1Z134,2023-05,34
27AAAAA7259A1Z134,2023-06,17
27AAAAA3185A1Z135,2023-01,39
27AAAAA3185A1Z135,2023-02,10
27AAAAA3185A1Z135,2023-03,24
27AAAAA3185A1Z135,2023-04,13
27AAAAA3185A1Z135,2023-05,22
27AAAAA3185A1Z135,2023-06,36
27AAAAA2839A1Z136,2023-01,35
27AAAAA2839A1Z136,2023-02,13
27AAAAA2839A1Z136,2023-03,30
27AAAAA2839A1Z136,2023-04,16
27AAAAA2839A1Z136,2023-05,19
27AAAAA2839A1Z136,2023-06,19
27AAAAA3913A1Z137,2023-01,13
27AAAAA3913A1Z137,2023-02,25
27AAAAA3913A1Z137,2023-03,36
27AAAAA3913A1Z137,2023-04,28
27AAAAA3913A1Z137,2023-05,37
27AAAAA3913A1Z137,2023-06,37
27AAAAA1341A1Z138,2023-01,29
27AAAAA1341A1Z138,2023-02,18
27AAAAA1341A1Z138,2023-03,11
27AAAAA1341A1Z138,2023-04,40
27AAAAA1341A1Z138,2023-05,10
27AAAAA1341A1Z138,2023-06,15
27AAAAA6401A1Z139,2023-01,20
27AAAAA6401A1Z139,2023-02,27
27AAAAA6401A1Z139,2023-03,21
27AAAAA6401A1Z139,2023-04,27
27AAAAA6401A1Z139,2023-05,28
27AAAAA6401A1Z139,2023-06,36
27AAAAA4587A1Z140,2023-01,15
27AAAAA4587A1Z140,2023-02,35
27AAAAA4587A1Z140,2023-03,37
27AAAAA4587A1Z140,2023-04,30
27AAAAA4587A1Z140,2023-05,10
27AAAAA4587A1Z140,2023-06,18
27AAAAA2341A1Z141,2023-01,33
27AAAAA2341A1Z141,2023-02,30
27AAAAA2341A1Z141,2023-03,10
27AAAAA2341A1Z141,2023-04,26
27AAAAA2341A1Z141,2023-05,39
27AAAAA2341A1Z141,2023-06,38
27AAAAA7242A1Z142,2023-01,19
27AAAAA7242A1Z142,2023-02,18
27AAAAA7242A1Z142,2023-03,18
27AAAAA7242A1Z142,2023-04,30
27AAAAA7242A1Z142,2023-05,23
27AAAAA7242A1Z142,2023-06,27
27AAAAA6713A1Z143,2023-01,20
27AAAAA6713A1Z143,2023-02,37
27AAAAA6713A1Z143,2023-03,24
27AAAAA6713A1Z143,2023-04,13
27AAAAA6713A1Z143,2023-05,28
27AAAAA6713A1Z143,2023-06,26
27AAAAA9686A1Z144,2023-01,39
27AAAAA9686A1Z144,2023-02,18
27AAAAA9686A1Z144,2023-03,20
27AAAAA9686A1Z144,2023-04,35
27AAAAA9686A1Z144,2023-05,37
27AAAAA9686A1Z144,2023-06,12
27AAAAA3226A1Z145,2023-01,18
27AAAAA3226A1Z145,2023-02,28
27AAAAA3226A1Z145,2023-03,17
27AAAAA3226A1Z145,2023-04,37
27AAAAA3226A1Z145,2023-05,20
27AAAAA3226A1Z145,2023-06,19
27AAAAA7652A1Z146,2023-01,22
27AAAAA7652A1Z146,2023-02,18
27AAAAA7652A1Z146,2023-03,12
27AAAAA7652A1Z146,2023-04,19
27AAAAA7652A1Z146,2023-05,24
27AAAAA7652A1Z146,2023-06,37
27AAAAA2211A1Z147,2023-01,13
27AAAAA2211A1Z147,2023-02,22
27AAAAA2211A1Z147,2023-03,24
27AAAAA2211A1Z147,2023-04,34
27AAAAA2211A1Z147,2023-05,27
27AAAAA2211A1Z147,2023-06,38
27AAAAA8431A1Z148,2023-01,12
27AAAAA8431A1Z148,2023-02,31
27AAAAA8431A1Z148,2023-03,28
27AAAAA8431A1Z148,2023-04,30
27AAAAA8431A1Z148,2023-05,27
27AAAAA8431A1Z148,2023-06,35
27AAAAA9256A1Z149,2023-01,23
27AAAAA9256A1Z149,2023-02,16
27AAAAA9256A1Z149,2023-03,33
27AAAAA9256A1Z149,2023-04,14
27AAAAA9256A1Z149,2023-05,25
27AAAAA9256A1Z149,2023-06,10
27AAAAA8511A1Z150,2023-01,36
27AAAAA8511A1Z150,2023-02,37
27AAAAA8511A1Z150,2023-03,11
27AAAAA8511A1Z150,2023-04,35
27AAAAA8511A1Z150,2023-05,31
27AAAAA8511A1Z150,2023-06,33
27AAAAA7321A1Z151,2023-01,30
27AAAAA7321A1Z151,2023-02,22
27AAAAA7321A1Z151,2023-03,17
27AAAAA7321A1Z151,2023-04,11
27AAAAA7321A1Z151,2023-05,23
27AAAAA7321A1Z151,2023-06,38
27AAAAA9200A1Z152,2023-01,10
27AAAAA9200A1Z152,2023-02,28
27AAAAA9200A1Z152,2023-03,17
27AAAAA9200A1Z152,2023-04,16
27AAAAA9200A1Z152,2023-05,33
27AAAAA9200A1Z152,2023-06,13
27AAAAA1567A1Z153,2023-01,17
27AAAAA1567A1Z153,2023-02,27
27AAAAA1567A1Z153,2023-03,32
27AAAAA1567A1Z153,2023-04,32
27AAAAA1567A1Z153,2023-05,15
27AAAAA1567A1Z153,2023-06,32
27AAAAA1376A1Z154,2023-01,18
27AAAAA1376A1Z154,2023-02,29
27AAAAA1376A1Z154,2023-03,16
27AAAAA1376A1Z154,2023-04,31
27AAAAA1376A1Z154,2023-05,29
27AAAAA1376A1Z154,2023-06,27
27AAAAA4542A1Z155,2023-01,26
27AAAAA4542A1Z155,2023-02,23
27AAAAA4542A1Z155,2023-03,32
27AAAAA4542A1Z155,2023-04,14
27AAAAA4542A1Z155,2023-05,14
27AAAAA4542A1Z155,2023-06,35
27AAAAA2120A1Z156,2023-01,37
27AAAAA2120A1Z156,2023-02,39
27AAAAA2120A1Z156,2023-03,15
27AAAAA2120A1Z156,2023-04,17
27AAAAA2120A1Z156,2023-05,33
27AAAAA2120A1Z156,2023-06,36
27AAAAA5907A1Z157,2023-01,38
27AAAAA5907A1Z157,2023-02,24
27AAAAA5907A1Z157,2023-03,20
27AAAAA5907A1Z157,2023-04,25
27AAAAA5907A1Z157,2023-05,40
27AAAAA5907A1Z157,2023-06,28
27AAAAA8383A1Z158,2023-01,32
27AAAAA8383A1Z158,2023-02,40
27AAAAA8383A1Z158,2023-03,35
27AAAAA8383A1Z158,2023-04,36
27AAAAA8383A1Z158,2023-05,17
27AAAAA8383A1Z158,2023-06,28
27AAAAA3752A1Z159,2023-01,22
27AAAAA3752A1Z159,2023-02,12
27AAAAA3752A1Z159,2023-03,30
27AAAAA3752A1Z159,2023-04,11
27AAAAA3752A1Z159,2023-05,26
27AAAAA3752A1Z159,2023-06,22
27AAAAA7215A1Z160,2023-01,33
27AAAAA7215A1Z160,2023-02,16
27AAAAA7215A1Z160,2023-03,36
27AAAAA7215A1Z160,2023-04,23
27AAAAA7215A1Z160,2023-05,22
27AAAAA7215A1Z160,2023-06,25
27AAAAA3943A1Z161,2023-01,17
27AAAAA3943A1Z161,2023-02,18
27AAAAA3943A1Z161,2023-03,12
27AAAAA3943A1Z161,2023-04,34
27AAAAA3943A1Z161,2023-05,32
27AAAAA3943A1Z161,2023-06,30
27AAAAA5330A1Z162,2023-01,29
27AAAAA5330A1Z162,2023-02,31
27AAAAA5330A1Z162,2023-03,16
27AAAAA5330A1Z162,2023-04,12
27AAAAA5330A1Z162,2023-05,28
27AAAAA5330A1Z162,2023-06,38
27AAAAA5538A1Z163,2023-01,12
27AAAAA5538A1Z163,2023-02,21
27AAAAA5538A1Z163,2023-03,31
27AAAAA5538A1Z163,2023-04,31
27AAAAA5538A1Z163,2023-05,30
27AAAAA5538A1Z163,2023-06,22
27AAAAA6162A1Z164,2023-01,27
27AAAAA6162A1Z164,2023-02,19
27AAAAA6162A1Z164,2023-03,14
27AAAAA6162A1Z164,2023-04,40
27AAAAA6162A1Z164,2023-05,14
27AAAAA6162A1Z164,2023-06,22
27AAAAA3205A1Z165,2023-01,26
27AAAAA3205A1Z165,2023-02,20
27AAAAA3205A1Z165,2023-03,21
27AAAAA3205A1Z165,2023-04,10
27AAAAA3205A1Z165,2023-05,22
27AAAAA3205A1Z165,2023-06,19
27AAAAA3315A1Z166,2023-01,33
27AAAAA3315A1Z166,2023-02,21
27AAAAA3315A1Z166,2023-03,32
27AAAAA3315A1Z166,2023-04,33
27AAAAA3315A1Z166,2023-05,33
27AAAAA3315A1Z166,2023-06,17
27AAAAA5933A1Z167,2023-01,22
27AAAAA5933A1Z167,2023-02,15
27AAAAA5933A1Z167,2023-03,35
27AAAAA5933A1Z167,2023-04,30
27AAAAA5933A1Z167,2023-05,29
27AAAAA5933A1Z167,2023-06,13
27AAAAA9962A1Z168,2023-01,16
27AAAAA9962A1Z168,2023-02,20
27AAAAA9962A1Z168,2023-03,36
27AAAAA9962A1Z168,2023-04,17
27AAAAA9962A1Z168,2023-05,33
27AAAAA9962A1Z168,2023-06,11
27AAAAA9900A1Z169,2023-01,10
27AAAAA9900A1Z169,2023-02,40
27AAAAA9900A1Z169,2023-03,32
27AAAAA9900A1Z169,2023-04,25
27AAAAA9900A1Z169,2023-05,29
27AAAAA9900A1Z169,2023-06,19
27AAAAA8316A1Z170,2023-01,10
27AAAAA8316A1Z170,2023-02,13
27AAAAA8316A1Z170,2023-03,32
27AAAAA8316A1Z170,2023-04,21
27AAAAA8316A1Z170,2023-05,21
27AAAAA8316A1Z170,2023-06,33
27AAAAA3356A1Z171,2023-01,33
27AAAAA3356A1Z171,2023-02,35
27AAAAA3356A1Z171,2023-03,18
27AAAAA3356A1Z171,2023-04,27
27AAAAA3356A1Z171,2023-05,14
27AAAAA3356A1Z171,2023-06,28
27AAAAA8540A1Z172,2023-01,35
27AAAAA8540A1Z172,2023-02,27
27AAAAA8540A1Z172,2023-03,31
27AAAAA8540A1Z172,2023-04,26
27AAAAA8540A1Z172,2023-05,27
27AAAAA8540A1Z172,2023-06,23
27AAAAA3430A1Z173,2023-01,29
27AAAAA3430A1Z173,2023-02,15
27AAAAA3430A1Z173,2023-03,24
27AAAAA3430A1Z173,2023-04,33
27AAAAA3430A1Z173,2023-05,37
27AAAAA3430A1Z173,2023-06,33
27AAAAA1905A1Z174,2023-01,14
27AAAAA1905A1Z174,2023-02,33
27AAAAA1905A1Z174,2023-03,13
27AAAAA1905A1Z174,2023-04,31
27AAAAA1905A1Z174,2023-05,35
27AAAAA1905A1Z174,2023-06,37
27AAAAA6082A1Z175,2023-01,18
27AAAAA6082A1Z175,2023-02,36
27AAAAA6082A1Z175,2023-03,30
27AAAAA6082A1Z175,2023-04,32
27AAAAA6082A1Z175,2023-05,28
27AAAAA6082A1Z175,2023-06,21
27AAAAA5546A1Z176,2023-01,22
27AAAAA5546A1Z176,2023-02,29
27AAAAA5546A1Z176,2023-03,18
27AAAAA5546A1Z176,2023-04,39
27AAAAA5546A1Z176,2023-05,26
27AAAAA5546A1Z176,2023-06,27
27AAAAA3767A1Z177,2023-01,29
27AAAAA3767A1Z177,2023-02,20
27AAAAA3767A1Z177,2023-03,29
27AAAAA3767A1Z177,2023-04,18
27AAAAA3767A1Z177,2023-05,13
27AAAAA3767A1Z177,2023-06,19
27AAAAA4310A1Z178,2023-01,10
27AAAAA4310A1Z178,2023-02,26
27AAAAA4310A1Z178,2023-03,37
27AAAAA4310A1Z178,2023-04,39
27AAAAA4310A1Z178,2023-05,13
27AAAAA4310A1Z178,2023-06,31
27AAAAA1913A1Z179,2023-01,14
27AAAAA1913A1Z179,2023-02,27
27AAAAA1913A1Z179,2023-03,21
27AAAAA1913A1Z179,2023-04,37
27AAAAA1913A1Z179,2023-05,15
27AAAAA1913A1Z179,2023-06,13
27AAAAA1863A1Z180,2023-01,40
27AAAAA1863A1Z180,2023-02,39
27AAAAA1863A1Z180,2023-03,34
27AAAAA1863A1Z180,2023-04,39
27AAAAA1863A1Z180,2023-05,28
27AAAAA1863A1Z180,2023-06,20
27AAAAA7706A1Z181,2023-01,20
27AAAAA7706A1Z181,2023-02,30
27AAAAA7706A1Z181,2023-03,30
27AAAAA7706A1Z181,2023-04,40
27AAAAA7706A1Z181,2023-05,22
27AAAAA7706A1Z181,2023-06,18
27AAAAA7807A1Z182,2023-01,11
27AAAAA7807A1Z182,2023-02,24
27AAAAA7807A1Z182,2023-03,11
27AAAAA7807A1Z182,2023-04,27
27AAAAA7807A1Z182,2023-05,13
27AAAAA7807A1Z182,2023-06,15
27AAAAA4189A1Z183,2023-01,28
27AAAAA4189A1Z183,2023-02,15
27AAAAA4189A1Z183,2023-03,23
27AAAAA4189A1Z183,2023-04,32
27AAAAA4189A1Z183,2023-05,17
27AAAAA4189A1Z183,2023-06,17
27AAAAA8189A1Z184,2023-01,18
27AAAAA8189A1Z184,2023-02,28
27AAAAA8189A1Z184,2023-03,22
27AAAAA8189A1Z184,2023-04,33
27AAAAA8189A1Z184,2023-05,31
27AAAAA8189A1Z184,2023-06,14
27AAAAA3027A1Z185,2023-01,27
27AAAAA3027A1Z185,2023-02,21
27AAAAA3027A1Z185,2023-03,34
27AAAAA3027A1Z185,2023-04,17
27AAAAA3027A1Z185,2023-05,35
27AAAAA3027A1Z185,2023-06,14
27AAAAA6083A1Z186,2023-01,29
27AAAAA6083A1Z186,2023-02,20
27AAAAA6083A1Z186,2023-03,26
27AAAAA6083A1Z186,2023-04,21
27AAAAA6083A1Z186,2023-05,10
27AAAAA6083A1Z186,2023-06,23
27AAAAA3290A1Z187,2023-01,35
27AAAAA3290A1Z187,2023-02,31
27AAAAA3290A1Z187,2023-03,17
27AAAAA3290A1Z187,2023-04,29
27AAAAA3290A1Z187,2023-05,37
27AAAAA3290A1Z187,2023-06,38
27AAAAA6679A1Z188,2023-01,21
27AAAAA6679A1Z188,2023-02,22
27AAAAA6679A1Z188,2023-03,36
27AAAAA6679A1Z188,2023-04,30
27AAAAA6679A1Z188,2023-05,28
27AAAAA6679A1Z188,2023-06,36
27AAAAA2716A1Z189,2023-01,15
27AAAAA2716A1Z189,2023-02,28
27AAAAA2716A1Z189,2023-03,26
27AAAAA2716A1Z189,2023-04,30
27AAAAA2716A1Z189,2023-05,24
27AAAAA2716A1Z189,2023-06,35
27AAAAA3307A1Z190,2023-01,33
27AAAAA3307A1Z190,2023-02,24
27AAAAA3307A1Z190,2023-03,27
27AAAAA3307A1Z190,2023-04,13
27AAAAA3307A1Z190,2023-05,39
27AAAAA3307A1Z190,2023-06,14
27AAAAA4118A1Z191,2023-01,33
27AAAAA4118A1Z191,2023-02,20
27AAAAA4118A1Z191,2023-03,31
27AAAAA4118A1Z191,2023-04,27
27AAAAA4118A1Z191,2023-05,37
27AAAAA4118A1Z191,2023-06,12
27AAAAA2337A1Z192,2023-01,18
27AAAAA2337A1Z192,2023-02,28
27AAAAA2337A1Z192,2023-03,30
27AAAAA2337A1Z192,2023-04,10
27AAAAA2337A1Z192,2023-05,38
27AAAAA2337A1Z192,2023-06,40
27AAAAA7979A1Z193,2023-01,28
27AAAAA7979A1Z193,2023-02,24
27AAAAA7979A1Z193,2023-03,13
27AAAAA7979A1Z193,2023-04,13
27AAAAA7979A1Z193,2023-05,20
27AAAAA7979A1Z193,2023-06,38
27AAAAA7594A1Z194,2023-01,15
27AAAAA7594A1Z194,2023-02,31
27AAAAA7594A1Z194,2023-03,38
27AAAAA7594A1Z194,2023-04,26
27AAAAA7594A1Z194,2023-05,36
27AAAAA7594A1Z194,2023-06,28
27AAAAA1231A1Z195,2023-01,23
27AAAAA1231A1Z195,2023-02,28
27AAAAA1231A1Z195,2023-03,20
27AAAAA1231A1Z195,2023-04,40
27AAAAA1231A1Z195,2023-05,11
27AAAAA1231A1Z195,2023-06,30
27AAAAA3397A1Z196,2023-01,23
27AAAAA3397A1Z196,2023-02,37
27AAAAA3397A1Z196,2023-03,17
27AAAAA3397A1Z196,2023-04,40
27AAAAA3397A1Z196,2023-05,29
27AAAAA3397A1Z196,2023-06,32
27AAAAA9467A1Z197,2023-01,26
27AAAAA9467A1Z197,2023-02,14
27AAAAA9467A1Z197,2023-03,35
27AAAAA9467A1Z197,2023-04,26
27AAAAA9467A1Z197,2023-05,14
27AAAAA9467A1Z197,2023-06,30
27AAAAA5225A1Z198,2023-01,14
27AAAAA5225A1Z198,2023-02,31
27AAAAA5225A1Z198,2023-03,29
27AAAAA5225A1Z198,2023-04,40
27AAAAA5225A1Z198,2023-05,24
27AAAAA5225A1Z198,2023-06,16
27AAAAA6628A1Z199,2023-01,26
27AAAAA6628A1Z199,2023-02,26
27AAAAA6628A1Z199,2023-03,25
27AAAAA6628A1Z199,2023-04,35
27AAAAA6628A1Z199,2023-05,36
27AAAAA6628A1Z199,2023-06,39
27AAAAA5691A1Z200,2023-01,12
27AAAAA5691A1Z200,2023-02,15
27AAAAA5691A1Z200,2023-03,19
27AAAAA5691A1Z200,2023-04,15
27AAAAA5691A1Z200,2023-05,15
27AAAAA5691A1Z200,2023-06,14
27AAAAA5194A1Z201,2023-01,22
27AAAAA5194A1Z201,2023-02,13
27AAAAA5194A1Z201,2023-03,16
27AAAAA5194A1Z201,2023-04,33
27AAAAA5194A1Z201,2023-05,10
27AAAAA5194A1Z201,2023-06,12
27AAAAA5522A1Z202,2023-01,14
27AAAAA5522A1Z202,2023-02,18
27AAAAA5522A1Z202,2023-03,19
27AAAAA5522A1Z202,2023-04,31
27AAAAA5522A1Z202,2023-05,26
27AAAAA5522A1Z202,2023-06,10
27AAAAA8371A1Z203,2023-01,20
27AAAAA8371A1Z203,2023-02,16
27AAAAA8371A1Z203,2023-03,21
27AAAAA8371A1Z203,2023-04,10
27AAAAA8371A1Z203,2023-05,11
27AAAAA8371A1Z203,2023-06,35
27AAAAA4080A1Z204,2023-01,26
27AAAAA4080A1Z204,2023-02,14
27AAAAA4080A1Z204,2023-03,35
27AAAAA4080A1Z204,2023-04,14
27AAAAA4080A1Z204,2023-05,31
27AAAAA4080A1Z204,2023-06,10
27AAAAA5825A1Z205,2023-01,13
27AAAAA5825A1Z205,2023-02,19
27AAAAA5825A1Z205,2023-03,33
27AAAAA5825A1Z205,2023-04,38
27AAAAA5825A1Z205,2023-05,37
27AAAAA5825A1Z205,2023-06,21
27AAAAA9844A1Z206,2023-01,40
27AAAAA9844A1Z206,2023-02,24
27AAAAA9844A1Z206,2023-03,24
27AAAAA9844A1Z206,2023-04,35
27AAAAA9844A1Z206,2023-05,13
27AAAAA9844A1Z206,2023-06,33
27AAAAA8619A1Z207,2023-01,17
27AAAAA8619A1Z207,2023-02,31
27AAAAA8619A1Z207,2023-03,30
27AAAAA8619A1Z207,2023-04,24
27AAAAA8619A1Z207,2023-05,29
27AAAAA8619A1Z207,2023-06,23
27AAAAA7339A1Z208,2023-01,32
27AAAAA7339A1Z208,2023-02,17
27AAAAA7339A1Z208,2023-03,28
27AAAAA7339A1Z208,2023-04,21
27AAAAA7339A1Z208,2023-05,24
27AAAAA7339A1Z208,2023-06,12
27AAAAA2353A1Z209,2023-01,15
27AAAAA2353A1Z209,2023-02,23
27AAAAA2353A1Z209,2023-03,38
27AAAAA2353A1Z209,2023-04,25
27AAAAA2353A1Z209,2023-05,25
27AAAAA2353A1Z209,2023-06,14
27AAAAA1681A1Z210,2023-01,37
27AAAAA1681A1Z210,2023-02,33
27AAAAA1681A1Z210,2023-03,27
27AAAAA1681A1Z210,2023-04,22
27AAAAA1681A1Z210,2023-05,26
27AAAAA1681A1Z210,2023-06,10
27AAAAA5120A1Z211,2023-01,33
27AAAAA5120A1Z211,2023-02,36
27AAAAA5120A1Z211,2023-03,32
27AAAAA5120A1Z211,2023-04,36
27AAAAA5120A1Z211,2023-05,14
27AAAAA5120A1Z211,2023-06,17
27AAAAA3837A1Z212,2023-01,18
27AAAAA3837A1Z212,2023-02,38
27AAAAA3837A1Z212,2023-03,20
27AAAAA3837A1Z212,2023-04,29
27AAAAA3837A1Z212,2023-05,12
27AAAAA3837A1Z212,2023-06,12
27AAAAA5066A1Z213,2023-01,23
27AAAAA5066A1Z213,2023-02,30
27AAAAA5066A1Z213,2023-03,40
27AAAAA5066A1Z213,2023-04,11
27AAAAA5066A1Z213,2023-05,26
27AAAAA5066A1Z213,2023-06,37
27AAAAA9627A1Z214,2023-01,40
27AAAAA9627A1Z214,2023-02,33
27AAAAA9627A1Z214,2023-03,22
27AAAAA9627A1Z214,2023-04,18
27AAAAA9627A1Z214,2023-05,38
27AAAAA9627A1Z214,2023-06,36
27AAAAA2217A1Z215,2023-01,12
27AAAAA2217A1Z215,2023-02,40
27AAAAA2217A1Z215,2023-03,24
27AAAAA2217A1Z215,2023-04,37
27AAAAA2217A1Z215,2023-05,29
27AAAAA2217A1Z215,2023-06,37
27AAAAA7635A1Z216,2023-01,12
27AAAAA7635A1Z216,2023-02,13
27AAAAA7635A1Z216,2023-03,15
27AAAAA7635A1Z216,2023-04,37
27AAAAA7635A1Z216,2023-05,38
27AAAAA7635A1Z216,2023-06,35
27AAAAA3498A1Z217,2023-01,39
27AAAAA3498A1Z217,2023-02,33
27AAAAA3498A1Z217,2023-03,18
27AAAAA3498A1Z217,2023-04,23
27AAAAA3498A1Z217,2023-05,11
27AAAAA3498A1Z217,2023-06,36
27AAAAA7468A1Z218,2023-01,22
27AAAAA7468A1Z218,2023-02,13
27AAAAA7468A1Z218,2023-03,21
27AAAAA7468A1Z218,2023-04,12
27AAAAA7468A1Z218,2023-05,18
27AAAAA7468A1Z218,2023-06,15
27AAAAA3454A1Z219,2023-01,24
27AAAAA3454A1Z219,2023-02,33
27AAAAA3454A1Z219,2023-03,28
27AAAAA3454A1Z219,2023-04,36
27AAAAA3454A1Z219,2023-05,24
27AAAAA3454A1Z219,2023-06,37
27AAAAA8606A1Z220,2023-01,37
27AAAAA8606A1Z220,2023-02,13
27AAAAA8606A1Z220,2023-03,25
27AAAAA8606A1Z220,2023-04,20
27AAAAA8606A1Z220,2023-05,21
27AAAAA8606A1Z220,2023-06,38
27AAAAA4768A1Z221,2023-01,15
27AAAAA4768A1Z221,2023-02,15
27AAAAA4768A1Z221,2023-03,19
27AAAAA4768A1Z221,2023-04,10
27AAAAA4768A1Z221,2023-05,29
27AAAAA4768A1Z221,2023-06,34
27AAAAA3784A1Z222,2023-01,19
27AAAAA3784A1Z222,2023-02,20
27AAAAA3784A1Z222,2023-03,11
27AAAAA3784A1Z222,2023-04,22
27AAAAA3784A1Z222,2023-05,35
27AAAAA3784A1Z222,2023-06,29
27AAAAA2822A1Z223,2023-01,14
27AAAAA2822A1Z223,2023-02,37
27AAAAA2822A1Z223,2023-03,36
27AAAAA2822A1Z223,2023-04,34
27AAAAA2822A1Z223,2023-05,13
27AAAAA2822A1Z223,2023-06,40
27AAAAA1331A1Z224,2023-01,23
27AAAAA1331A1Z224,2023-02,31
27AAAAA1331A1Z224,2023-03,34
27AAAAA1331A1Z224,2023-04,33
27AAAAA1331A1Z224,2023-05,31
27AAAAA1331A1Z224,2023-06,11
27AAAAA2443A1Z225,2023-01,13
27AAAAA2443A1Z225,2023-02,37
27AAAAA2443A1Z225,2023-03,26
27AAAAA2443A1Z225,2023-04,21
27AAAAA2443A1Z225,2023-05,24
27AAAAA2443A1Z225,2023-06,32
27AAAAA2252A1Z226,2023-01,31
27AAAAA2252A1Z226,2023-02,28
27AAAAA2252A1Z226,2023-03,25
27AAAAA2252A1Z226,2023-04,21
27AAAAA2252A1Z226,2023-05,31
27AAAAA2252A1Z226,2023-06,32
27AAAAA6452A1Z227,2023-01,33
27AAAAA6452A1Z227,2023-02,36
27AAAAA6452A1Z227,2023-03,16
27AAAAA6452A1Z227,2023-04,13
27AAAAA6452A1Z227,2023-05,36
27AAAAA6452A1Z227,2023-06,21
27AAAAA1035A1Z228,2023-01,19
27AAAAA1035A1Z228,2023-02,30
27AAAAA1035A1Z228,2023-03,23
27AAAAA1035A1Z228,2023-04,17
27AAAAA1035A1Z228,2023-05,17
27AAAAA1035A1Z228,2023-06,34
27AAAAA8131A1Z229,2023-01,36
27AAAAA8131A1Z229,2023-02,37
27AAAAA8131A1Z229,2023-03,32
27AAAAA8131A1Z229,2023-04,11
27AAAAA8131A1Z229,2023-05,18
27AAAAA8131A1Z229,2023-06,35
27AAAAA8477A1Z230,2023-01,20
27AAAAA8477A1Z230,2023-02,39
27AAAAA8477A1Z230,2023-03,40
27AAAAA8477A1Z230,2023-04,21
27AAAAA8477A1Z230,2023-05,23
27AAAAA8477A1Z230,2023-06,22
27AAAAA6581A1Z231,2023-01,24
27AAAAA6581A1Z231,2023-02,28
27AAAAA6581A1Z231,2023-03,26
27AAAAA6581A1Z231,2023-04,40
27AAAAA6581A1Z231,2023-05,39
27AAAAA6581A1Z231,2023-06,36
27AAAAA8898A1Z232,2023-01,16
27AAAAA8898A1Z232,2023-02,29
27AAAAA8898A1Z232,2023-03,14
27AAAAA8898A1Z232,2023-04,27
27AAAAA8898A1Z232,2023-05,39
27AAAAA8898A1Z232,2023-06,14
27AAAAA1942A1Z233,2023-01,14
27AAAAA1942A1Z233,2023-02,38
27AAAAA1942A1Z233,2023-03,32
27AAAAA1942A1Z233,2023-04,36
27AAAAA1942A1Z233,2023-05,24
27AAAAA1942A1Z233,2023-06,32
27AAAAA1594A1Z234,2023-01,26
27AAAAA1594A1Z234,2023-02,11
27AAAAA1594A1Z234,2023-03,15
27AAAAA1594A1Z234,2023-04,28
27AAAAA1594A1Z234,2023-05,33
27AAAAA1594A1Z234,2023-06,24
27AAAAA6597A1Z235,2023-01,20
27AAAAA6597A1Z235,2023-02,17
27AAAAA6597A1Z235,2023-03,37
27AAAAA6597A1Z235,2023-04,16
27AAAAA6597A1Z235,2023-05,19
27AAAAA6597A1Z235,2023-06,13
27AAAAA5079A1Z236,2023-01,26
27AAAAA5079A1Z236,2023-02,12
27AAAAA5079A1Z236,2023-03,17
27AAAAA5079A1Z236,2023-04,17
27AAAAA5079A1Z236,2023-05,21
27AAAAA5079A1Z236,2023-06,16
27AAAAA7097A1Z237,2023-01,27
27AAAAA7097A1Z237,2023-02,35
27AAAAA7097A1Z237,2023-03,36
27AAAAA7097A1Z237,2023-04,35
27AAAAA7097A1Z237,2023-05,28
27AAAAA7097A1Z237,2023-06,31
27AAAAA8812A1Z238,2023-01,16
27AAAAA8812A1Z238,2023-02,10
27AAAAA8812A1Z238,2023-03,10
27AAAAA8812A1Z238,2023-04,10
27AAAAA8812A1Z238,2023-05,32
27AAAAA8812A1Z238,2023-06,15
27AAAAA2781A1Z239,2023-01,14
27AAAAA2781A1Z239,2023-02,35
27AAAAA2781A1Z239,2023-03,27
27AAAAA2781A1Z239,2023-04,10
27AAAAA2781A1Z239,2023-05,15
27AAAAA2781A1Z239,2023-06,30
27AAAAA3829A1Z240,2023-01,20
27AAAAA3829A1Z240,2023-02,32
27AAAAA3829A1Z240,2023-03,23
27AAAAA3829A1Z240,2023-04,20
27AAAAA3829A1Z240,2023-05,14
27AAAAA3829A1Z240,2023-06,38
27AAAAA7531A1Z241,2023-01,27
27AAAAA7531A1Z241,2023-02,35
27AAAAA7531A1Z241,2023-03,33
27AAAAA7531A1Z241,2023-04,33
27AAAAA7531A1Z241,2023-05,39
27AAAAA7531A1Z241,2023-06,11
27AAAAA9377A1Z242,2023-01,22
27AAAAA9377A1Z242,2023-02,17
27AAAAA9377A1Z242,2023-03,21
27AAAAA9377A1Z242,2023-04,12
27AAAAA9377A1Z242,2023-05,22
27AAAAA9377A1Z242,2023-06,21
27AAAAA2617A1Z243,2023-01,36
27AAAAA2617A1Z243,2023-02,39
27AAAAA2617A1Z243,2023-03,26
27AAAAA2617A1Z243,2023-04,32
27AAAAA2617A1Z243,2023-05,23
27AAAAA2617A1Z243,2023-06,39
27AAAAA1462A1Z244,2023-01,24
27AAAAA1462A1Z244,2023-02,14
27AAAAA1462A1Z244,2023-03,10
27AAAAA1462A1Z244,2023-04,24
27AAAAA1462A1Z244,2023-05,37
27AAAAA1462A1Z244,2023-06,23
27AAAAA1512A1Z245,2023-01,21
27AAAAA1512A1Z245,2023-02,21
27AAAAA1512A1Z245,2023-03,30
27AAAAA1512A1Z245,2023-04,13
27AAAAA1512A1Z245,2023-05,14
27AAAAA1512A1Z245,2023-06,19
27AAAAA3189A1Z246,2023-01,13
27AAAAA3189A1Z246,2023-02,25
27AAAAA3189A1Z246,2023-03,23
27AAAAA3189A1Z246,2023-04,33
27AAAAA3189A1Z246,2023-05,10
27AAAAA3189A1Z246,2023-06,36
27AAAAA9304A1Z247,2023-01,13
27AAAAA9304A1Z247,2023-02,20
27AAAAA9304A1Z247,2023-03,14
27AAAAA9304A1Z247,2023-04,29
27AAAAA9304A1Z247,2023-05,34
27AAAAA9304A1Z247,2023-06,32
27AAAAA2220A1Z248,2023-01,17
27AAAAA2220A1Z248,2023-02,11
27AAAAA2220A1Z248,2023-03,32
27AAAAA2220A1Z248,2023-04,17
27AAAAA2220A1Z248,2023-05,29
27AAAAA2220A1Z248,2023-06,16
27AAAAA3128A1Z249,2023-01,34
27AAAAA3128A1Z249,2023-02,40
27AAAAA3128A1Z249,2023-03,16
27AAAAA3128A1Z249,2023-04,28
27AAAAA3128A1Z249,2023-05,36
27AAAAA3128A1Z249,2023-06,40
27AAAAA5241A1Z250,2023-01,33
27AAAAA5241A1Z250,2023-02,25
27AAAAA5241A1Z250,2023-03,38
27AAAAA5241A1Z250,2023-04,16
27AAAAA5241A1Z250,2023-05,39
27AAAAA5241A1Z250,2023-06,16
27AAAAA3092A1Z251,2023-01,26
27AAAAA3092A1Z251,2023-02,30
27AAAAA3092A1Z251,2023-03,20
27AAAAA3092A1Z251,2023-04,27
27AAAAA3092A1Z251,2023-05,13
27AAAAA3092A1Z251,2023-06,33
27AAAAA7338A1Z252,2023-01,27
27AAAAA7338A1Z252,2023-02,21
27AAAAA7338A1Z252,2023-03,26
27AAAAA7338A1Z252,2023-04,11
27AAAAA7338A1Z252,2023-05,38
27AAAAA7338A1Z252,2023-06,32
27AAAAA2308A1Z253,2023-01,21
27AAAAA2308A1Z253,2023-02,36
27AAAAA2308A1Z253,2023-03,32
27AAAAA2308A1Z253,2023-04,22
27AAAAA2308A1Z253,2023-05,31
27AAAAA2308A1Z253,2023-06,39
27AAAAA1652A1Z254,2023-01,34
27AAAAA1652A1Z254,2023-02,34
27AAAAA1652A1Z254,2023-03,20
27AAAAA1652A1Z254,2023-04,18
27AAAAA1652A1Z254,2023-05,17
27AAAAA1652A1Z254,2023-06,24
27AAAAA6199A1Z255,2023-01,38
27AAAAA6199A1Z255,2023-02,12
27AAAAA6199A1Z255,2023-03,12
27AAAAA6199A1Z255,2023-04,40
27AAAAA6199A1Z255,2023-05,31
27AAAAA6199A1Z255,2023-06,25
27AAAAA8478A1Z256,2023-01,27
27AAAAA8478A1Z256,2023-02,36
27AAAAA8478A1Z256,2023-03,11
27AAAAA8478A1Z256,2023-04,38
27AAAAA8478A1Z256,2023-05,23
27AAAAA8478A1Z256,2023-06,30
27AAAAA7346A1Z257,2023-01,10
27AAAAA7346A1Z257,2023-02,14
27AAAAA7346A1Z257,2023-03,18
27AAAAA7346A1Z257,2023-04,17
27AAAAA7346A1Z257,2023-05,14
27AAAAA7346A1Z257,2023-06,23
27AAAAA8083A1Z258,2023-01,32
27AAAAA8083A1Z258,2023-02,17
27AAAAA8083A1Z258,2023-03,30
27AAAAA8083A1Z258,2023-04,17
27AAAAA8083A1Z258,2023-05,15
27AAAAA8083A1Z258,2023-06,37
27AAAAA5228A1Z259,2023-01,17
27AAAAA5228A1Z259,2023-02,24
27AAAAA5228A1Z259,2023-03,40
27AAAAA5228A1Z259,2023-04,25
27AAAAA5228A1Z259,2023-05,31
27AAAAA5228A1Z259,2023-06,36
27AAAAA7399A1Z260,2023-01,16
27AAAAA7399A1Z260,2023-02,16
27AAAAA7399A1Z260,2023-03,19
27AAAAA7399A1Z260,2023-04,26
27AAAAA7399A1Z260,2023-05,20
27AAAAA7399A1Z260,2023-06,19
27AAAAA1036A1Z261,2023-01,33
27AAAAA1036A1Z261,2023-02,39
27AAAAA1036A1Z261,2023-03,11
27AAAAA1036A1Z261,2023-04,10
27AAAAA1036A1Z261,2023-05,36
27AAAAA1036A1Z261,2023-06,30
27AAAAA4307A1Z262,2023-01,33
27AAAAA4307A1Z262,2023-02,34
27AAAAA4307A1Z262,2023-03,39
27AAAAA4307A1Z262,2023-04,27
27AAAAA4307A1Z262,2023-05,38
27AAAAA4307A1Z262,2023-06,29
27AAAAA6070A1Z263,2023-01,31
27AAAAA6070A1Z263,2023-02,25
27AAAAA6070A1Z263,2023-03,12
27AAAAA6070A1Z263,2023-04,20
27AAAAA6070A1Z263,2023-05,13
27AAAAA6070A1Z263,2023-06,40
27AAAAA6467A1Z264,2023-01,19
27AAAAA6467A1Z264,2023-02,12
27AAAAA6467A1Z264,2023-03,15
27AAAAA6467A1Z264,2023-04,29
27AAAAA6467A1Z264,2023-05,21
27AAAAA6467A1Z264,2023-06,32
27AAAAA9672A1Z265,2023-01,26
27AAAAA9672A1Z265,2023-02,26
27AAAAA9672A1Z265,2023-03,27
27AAAAA9672A1Z265,2023-04,33
27AAAAA9672A1Z265,2023-05,23
27AAAAA9672A1Z265,2023-06,18
27AAAAA2408A1Z266,2023-01,36
27AAAAA2408A1Z266,2023-02,33
27AAAAA2408A1Z266,2023-03,20
27AAAAA2408A1Z266,2023-04,14
27AAAAA2408A1Z266,2023-05,10
27AAAAA2408A1Z266,2023-06,32
27AAAAA5545A1Z267,2023-01,28
27AAAAA5545A1Z267,2023-02,21
27AAAAA5545A1Z267,2023-03,31
27AAAAA5545A1Z267,2023-04,34
27AAAAA5545A1Z267,2023-05,19
27AAAAA5545A1Z267,2023-06,22
27AAAAA3710A1Z268,2023-01,23
27AAAAA3710A1Z268,2023-02,40
27AAAAA3710A1Z268,2023-03,20
27AAAAA3710A1Z268,2023-04,10
27AAAAA3710A1Z268,2023-05,32
27AAAAA3710A1Z268,2023-06,16
27AAAAA2507A1Z269,2023-01,17
27AAAAA2507A1Z269,2023-02,33
27AAAAA2507A1Z269,2023-03,21
27AAAAA2507A1Z269,2023-04,12
27AAAAA2507A1Z269,2023-05,40
27AAAAA2507A1Z269,2023-06,19
27AAAAA7627A1Z270,2023-01,18
27AAAAA7627A1Z270,2023-02,10
27AAAAA7627A1Z270,2023-03,16
27AAAAA7627A1Z270,2023-04,34
27AAAAA7627A1Z270,2023-05,21
27AAAAA7627A1Z270,2023-06,18
27AAAAA3102A1Z271,2023-01,39
27AAAAA3102A1Z271,2023-02,39
27AAAAA3102A1Z271,2023-03,26
27AAAAA3102A1Z271,2023-04,12
27AAAAA3102A1Z271,2023-05,25
27AAAAA3102A1Z271,2023-06,10
27AAAAA5800A1Z272,2023-01,10
27AAAAA5800A1Z272,2023-02,39
27AAAAA5800A1Z272,2023-03,22
27AAAAA5800A1Z272,2023-04,12
27AAAAA5800A1Z272,2023-05,20
27AAAAA5800A1Z272,2023-06,15
27AAAAA3196A1Z273,2023-01,23
27AAAAA3196A1Z273,2023-02,24
27AAAAA3196A1Z273,2023-03,31
27AAAAA3196A1Z273,2023-04,17
27AAAAA3196A1Z273,2023-05,17
27AAAAA3196A1Z273,2023-06,19
27AAAAA5035A1Z274,2023-01,13
27AAAAA5035A1Z274,2023-02,16
27AAAAA5035A1Z274,2023-03,16
27AAAAA5035A1Z274,2023-04,37
27AAAAA5035A1Z274,2023-05,26
27AAAAA5035A1Z274,2023-06,40
27AAAAA7468A1Z275,2023-01,31
27AAAAA7468A1Z275,2023-02,21
27AAAAA7468A1Z275,2023-03,13
27AAAAA7468A1Z275,2023-04,34
27AAAAA7468A1Z275,2023-05,37
27AAAAA7468A1Z275,2023-06,12
27AAAAA9468A1Z276,2023-01,15
27AAAAA9468A1Z276,2023-02,38
27AAAAA9468A1Z276,2023-03,14
27AAAAA9468A1Z276,2023-04,37
27AAAAA9468A1Z276,2023-05,28
27AAAAA9468A1Z276,2023-06,25
27AAAAA1910A1Z277,2023-01,38
27AAAAA1910A1Z277,2023-02,24
27AAAAA1910A1Z277,2023-03,11
27AAAAA1910A1Z277,2023-04,39
27AAAAA1910A1Z277,2023-05,21
27AAAAA1910A1Z277,2023-06,36
27AAAAA6289A1Z278,2023-01,11
27AAAAA6289A1Z278,2023-02,38
27AAAAA6289A1Z278,2023-03,31
27AAAAA6289A1Z278,2023-04,10
27AAAAA6289A1Z278,2023-05,18
27AAAAA6289A1Z278,2023-06,40
27AAAAA8802A1Z279,2023-01,24
27AAAAA8802A1Z279,2023-02,34
27AAAAA8802A1Z279,2023-03,36
27AAAAA8802A1Z279,2023-04,11
27AAAAA8802A1Z279,2023-05,14
27AAAAA8802A1Z279,2023-06,37
27AAAAA2602A1Z280,2023-01,22
27AAAAA2602A1Z280,2023-02,27
27AAAAA2602A1Z280,2023-03,17
27AAAAA2602A1Z280,2023-04,13
27AAAAA2602A1Z280,2023-05,15
27AAAAA2602A1Z280,2023-06,17
27AAAAA8413A1Z281,2023-01,34
27AAAAA8413A1Z281,2023-02,12
27AAAAA8413A1Z281,2023-03,31
27AAAAA8413A1Z281,2023-04,30
27AAAAA8413A1Z281,2023-05,36
27AAAAA8413A1Z281,2023-06,19
27AAAAA4042A1Z282,2023-01,19
27AAAAA4042A1Z282,2023-02,39
27AAAAA4042A1Z282,2023-03,23
27AAAAA4042A1Z282,2023-04,18
27AAAAA4042A1Z282,2023-05,15
27AAAAA4042A1Z282,2023-06,29
27AAAAA3500A1Z283,2023-01,29
27AAAAA3500A1Z283,2023-02,18
27AAAAA3500A1Z283,2023-03,20
27AAAAA3500A1Z283,2023-04,16
27AAAAA3500A1Z283,2023-05,35
27AAAAA3500A1Z283,2023-06,10
27AAAAA1976A1Z284,2023-01,33
27AAAAA1976A1Z284,2023-02,21
27AAAAA1976A1Z284,2023-03,23
27AAAAA1976A1Z284,2023-04,37
27AAAAA1976A1Z284,2023-05,21
27AAAAA1976A1Z284,2023-06,14
27AAAAA5083A1Z285,2023-01,37
27AAAAA5083A1Z285,2023-02,24
27AAAAA5083A1Z285,2023-03,30
27AAAAA5083A1Z285,2023-04,34
27AAAAA5083A1Z285,2023-05,37
27AAAAA5083A1Z285,2023-06,18
27AAAAA8315A1Z286,2023-01,33
27AAAAA8315A1Z286,2023-02,16
27AAAAA8315A1Z286,2023-03,36
27AAAAA8315A1Z286,2023-04,29
27AAAAA8315A1Z286,2023-05,24
27AAAAA8315A1Z286,2023-06,14
27AAAAA5263A1Z287,2023-01,40
27AAAAA5263A1Z287,2023-02,35
27AAAAA5263A1Z287,2023-03,11
27AAAAA5263A1Z287,2023-04,22
27AAAAA5263A1Z287,2023-05,32
27AAAAA5263A1Z287,2023-06,14
27AAAAA8948A1Z288,2023-01,33
27AAAAA8948A1Z288,2023-02,33
27AAAAA8948A1Z288,2023-03,14
27AAAAA8948A1Z288,2023-04,12
27AAAAA8948A1Z288,2023-05,35
27AAAAA8948A1Z288,2023-06,13
27AAAAA2736A1Z289,2023-01,28
27AAAAA2736A1Z289,2023-02,15
27AAAAA2736A1Z289,2023-03,37
27AAAAA2736A1Z289,2023-04,21
27AAAAA2736A1Z289,2023-05,14
27AAAAA2736A1Z289,2023-06,17
27AAAAA1537A1Z290,2023-01,20
27AAAAA1537A1Z290,2023-02,34
27AAAAA1537A1Z290,2023-03,16
27AAAAA1537A1Z290,2023-04,33
27AAAAA1537A1Z290,2023-05,24
27AAAAA1537A1Z290,2023-06,29
27AAAAA6092A1Z291,2023-01,22
27AAAAA6092A1Z291,2023-02,21
27AAAAA6092A1Z291,2023-03,17
27AAAAA6092A1Z291,2023-04,39
27AAAAA6092A1Z291,2023-05,30
27AAAAA6092A1Z291,2023-06,31
27AAAAA5604A1Z292,2023-01,36
27AAAAA5604A1Z292,2023-02,40
27AAAAA5604A1Z292,2023-03,37
27AAAAA5604A1Z292,2023-04,40
27AAAAA5604A1Z292,2023-05,30
27AAAAA5604A1Z292,2023-06,32
27AAAAA7984A1Z293,2023-01,24
27AAAAA7984A1Z293,2023-02,23
27AAAAA7984A1Z293,2023-03,16
27AAAAA7984A1Z293,2023-04,12
27AAAAA7984A1Z293,2023-05,15
27AAAAA7984A1Z293,2023-06,38
27AAAAA5770A1Z294,2023-01,40
27AAAAA5770A1Z294,2023-02,18
27AAAAA5770A1Z294,2023-03,26
27AAAAA5770A1Z294,2023-04,19
27AAAAA5770A1Z294,2023-05,23
27AAAAA5770A1Z294,2023-06,28
27AAAAA6741A1Z295,2023-01,30
27AAAAA6741A1Z295,2023-02,17
27AAAAA6741A1Z295,2023-03,36
27AAAAA6741A1Z295,2023-04,21
27AAAAA6741A1Z295,2023-05,15
27AAAAA6741A1Z295,2023-06,27
27AAAAA3693A1Z296,2023-01,34
27AAAAA3693A1Z296,2023-02,24
27AAAAA3693A1Z296,2023-03,11
27AAAAA3693A1Z296,2023-04,20
27AAAAA3693A1Z296,2023-05,30
27AAAAA3693A1Z296,2023-06,16
27AAAAA9462A1Z297,2023-01,40
27AAAAA9462A1Z297,2023-02,35
27AAAAA9462A1Z297,2023-03,29
27AAAAA9462A1Z297,2023-04,28
27AAAAA9462A1Z297,2023-05,11
27AAAAA9462A1Z297,2023-06,10
27AAAAA9920A1Z298,2023-01,26
27AAAAA9920A1Z298,2023-02,32
27AAAAA9920A1Z298,2023-03,19
27AAAAA9920A1Z298,2023-04,29
27AAAAA9920A1Z298,2023-05,36
27AAAAA9920A1Z298,2023-06,38
27AAAAA2441A1Z299,2023-01,17
27AAAAA2441A1Z299,2023-02,36
27AAAAA2441A1Z299,2023-03,33
27AAAAA2441A1Z299,2023-04,17
27AAAAA2441A1Z299,2023-05,18
27AAAAA2441A1Z299,2023-06,30
07BBBBB5781B1Z0,2023-01,10
07BBBBB5781B1Z0,2023-02,37
07BBBBB5781B1Z0,2023-03,11
07BBBBB5781B1Z0,2023-04,35
07BBBBB5781B1Z0,2023-05,19
07BBBBB5781B1Z0,2023-06,14
07BBBBB9052B1Z1,2023-01,24
07BBBBB9052B1Z1,2023-02,12
07BBBBB9052B1Z1,2023-03,11
07BBBBB9052B1Z1,2023-04,26
07BBBBB9052B1Z1,2023-05,31
07BBBBB9052B1Z1,2023-06,11
07BBBBB1714B1Z2,2023-01,29
07BBBBB1714B1Z2,2023-02,16
07BBBBB1714B1Z2,2023-03,20
07BBBBB1714B1Z2,2023-04,40
07BBBBB1714B1Z2,2023-05,35
07BBBBB1714B1Z2,2023-06,33
07BBBBB2745B1Z3,2023-01,21
07BBBBB2745B1Z3,2023-02,33
07BBBBB2745B1Z3,2023-03,11
07BBBBB2745B1Z3,2023-04,35
07BBBBB2745B1Z3,2023-05,20
07BBBBB2745B1Z3,2023-06,39
07BBBBB3655B1Z4,2023-01,30
07BBBBB3655B1Z4,2023-02,20
07BBBBB3655B1Z4,2023-03,40
07BBBBB3655B1Z4,2023-04,24
07BBBBB3655B1Z4,2023-05,32
07BBBBB3655B1Z4,2023-06,11
07BBBBB6698B1Z5,2023-01,11
07BBBBB6698B1Z5,2023-02,30
07BBBBB6698B1Z5,2023-03,29
07BBBBB6698B1Z5,2023-04,19
07BBBBB6698B1Z5,2023-05,40
07BBBBB6698B1Z5,2023-06,27
07BBBBB7489B1Z6,2023-01,21
07BBBBB7489B1Z6,2023-02,16
07BBBBB7489B1Z6,2023-03,27
07BBBBB7489B1Z6,2023-04,27
07BBBBB7489B1Z6,2023-05,37
07BBBBB7489B1Z6,2023-06,39
07BBBBB9539B1Z7,2023-01,39
07BBBBB9539B1Z7,2023-02,10
07BBBBB9539B1Z7,2023-03,37
07BBBBB9539B1Z7,2023-04,38
07BBBBB9539B1Z7,2023-05,22
07BBBBB9539B1Z7,2023-06,18
07BBBBB5614B1Z8,2023-01,25
07BBBBB5614B1Z8,2023-02,36
07BBBBB5614B1Z8,2023-03,10
07BBBBB5614B1Z8,2023-04,23
07BBBBB5614B1Z8,2023-05,28
07BBBBB5614B1Z8,2023-06,36
07BBBBB1613B1Z9,2023-01,10
07BBBBB1613B1Z9,2023-02,24
07BBBBB1613B1Z9,2023-03,37
07BBBBB1613B1Z9,2023-04,36
07BBBBB1613B1Z9,2023-05,35
07BBBBB1613B1Z9,2023-06,29
07BBBBB6140B1Z10,2023-01,25
07BBBBB6140B1Z10,2023-02,14
07BBBBB6140B1Z10,2023-03,22
07BBBBB6140B1Z10,2023-04,20
07BBBBB6140B1Z10,2023-05,10
07BBBBB6140B1Z10,2023-06,17
07BBBBB9639B1Z11,2023-01,10
07BBBBB9639B1Z11,2023-02,14
07BBBBB9639B1Z11,2023-03,26
07BBBBB9639B1Z11,2023-04,28
07BBBBB9639B1Z11,2023-05,14
07BBBBB9639B1Z11,2023-06,16
07BBBBB7426B1Z12,2023-01,36
07BBBBB7426B1Z12,2023-02,32
07BBBBB7426B1Z12,2023-03,13
07BBBBB7426B1Z12,2023-04,36
07BBBBB7426B1Z12,2023-05,34
07BBBBB7426B1Z12,2023-06,25
07BBBBB7903B1Z13,2023-01,14
07BBBBB7903B1Z13,2023-02,22
07BBBBB7903B1Z13,2023-03,22
07BBBBB7903B1Z13,2023-04,37
07BBBBB7903B1Z13,2023-05,21
07BBBBB7903B1Z13,2023-06,10
07BBBBB7998B1Z14,2023-01,18
07BBBBB7998B1Z14,2023-02,18
07BBBBB7998B1Z14,2023-03,22
07BBBBB7998B1Z14,2023-04,10
07BBBBB7998B1Z14,2023-05,15
07BBBBB7998B1Z14,2023-06,11
07BBBBB1928B1Z15,2023-01,27
07BBBBB1928B1Z15,2023-02,29
07BBBBB1928B1Z15,2023-03,37
07BBBBB1928B1Z15,2023-04,38
07BBBBB1928B1Z15,2023-05,26
07BBBBB1928B1Z15,2023-06,34
07BBBBB6440B1Z16,2023-01,15
07BBBBB6440B1Z16,2023-02,13
07BBBBB6440B1Z16,2023-03,31
07BBBBB6440B1Z16,2023-04,12
07BBBBB6440B1Z16,2023-05,21
07BBBBB6440B1Z16,2023-06,34
07BBBBB8076B1Z17,2023-01,37
07BBBBB8076B1Z17,2023-02,20
07BBBBB8076B1Z17,2023-03,27
07BBBBB8076B1Z17,2023-04,34
07BBBBB8076B1Z17,2023-05,23
07BBBBB8076B1Z17,2023-06,10
07BBBBB2026B1Z18,2023-01,37
07BBBBB2026B1Z18,2023-02,38
07BBBBB2026B1Z18,2023-03,23
07BBBBB2026B1Z18,2023-04,18
07BBBBB2026B1Z18,2023-05,34
07BBBBB2026B1Z18,2023-06,18
07BBBBB8723B1Z19,2023-01,21
07BBBBB8723B1Z19,2023-02,17
07BBBBB8723B1Z19,2023-03,39
07BBBBB8723B1Z19,2023-04,40
07BBBBB8723B1Z19,2023-05,35
07BBBBB8723B1Z19,2023-06,14
07BBBBB9925B1Z20,2023-01,13
07BBBBB9925B1Z20,2023-02,34
07BBBBB9925B1Z20,2023-03,12
07BBBBB9925B1Z20,2023-04,17
07BBBBB9925B1Z20,2023-05,12
07BBBBB9925B1Z20,2023-06,11
07BBBBB3508B1Z21,2023-01,11
07BBBBB3508B1Z21,2023-02,31
07BBBBB3508B1Z21,2023-03,19
07BBBBB3508B1Z21,2023-04,22
07BBBBB3508B1Z21,2023-05,31
07BBBBB3508B1Z21,2023-06,21
07BBBBB6621B1Z22,2023-01,25
07BBBBB6621B1Z22,2023-02,10
07BBBBB6621B1Z22,2023-03,36
07BBBBB6621B1Z22,2023-04,22
07BBBBB6621B1Z22,2023-05,39
07BBBBB6621B1Z22,2023-06,12
07BBBBB4212B1Z23,2023-01,12
07BBBBB4212B1Z23,2023-02,24
07BBBBB4212B1Z23,2023-03,22
07BBBBB4212B1Z23,2023-04,15
07BBBBB4212B1Z23,2023-05,28
07BBBBB4212B1Z23,2023-06,38
07BBBBB6370B1Z24,2023-01,37
07BBBBB6370B1Z24,2023-02,20
07BBBBB6370B1Z24,2023-03,12
07BBBBB6370B1Z24,2023-04,29
07BBBBB6370B1Z24,2023-05,13
07BBBBB6370B1Z24,2023-06,26
07BBBBB5454B1Z25,2023-01,12
07BBBBB5454B1Z25,2023-02,11
07BBBBB5454B1Z25,2023-03,21
07BBBBB5454B1Z25,2023-04,35
07BBBBB5454B1Z25,2023-05,16
07BBBBB5454B1Z25,2023-06,17
07BBBBB7724B1Z26,2023-01,17
07BBBBB7724B1Z26,2023-02,30
07BBBBB7724B1Z26,2023-03,21
07BBBBB7724B1Z26,2023-04,10
07BBBBB7724B1Z26,2023-05,10
07BBBBB7724B1Z26,2023-06,20
07BBBBB2478B1Z27,2023-01,38
07BBBBB2478B1Z27,2023-02,23
07BBBBB2478B1Z27,2023-03,21
07BBBBB2478B1Z27,2023-04,24
07BBBBB2478B1Z27,2023-05,15
07BBBBB2478B1Z27,2023-06,16
07BBBBB6394B1Z28,2023-01,36
07BBBBB6394B1Z28,2023-02,36
07BBBBB6394B1Z28,2023-03,34
07BBBBB6394B1Z28,2023-04,39
07BBBBB6394B1Z28,2023-05,12
07BBBBB6394B1Z28,2023-06,13
07BBBBB2041B1Z29,2023-01,10
07BBBBB2041B1Z29,2023-02,31
07BBBBB2041B1Z29,2023-03,12
07BBBBB2041B1Z29,2023-04,37
07BBBBB2041B1Z29,2023-05,10
07BBBBB2041B1Z29,2023-06,39
07BBBBB9997B1Z30,2023-01,36
07BBBBB9997B1Z30,2023-02,20
07BBBBB9997B1Z30,2023-03,17
07BBBBB9997B1Z30,2023-04,17
07BBBBB9997B1Z30,2023-05,12
07BBBBB9997B1Z30,2023-06,21
07BBBBB8616B1Z31,2023-01,16
07BBBBB8616B1Z31,2023-02,35
07BBBBB8616B1Z31,2023-03,30
07BBBBB8616B1Z31,2023-04,26
07BBBBB8616B1Z31,2023-05,39
07BBBBB8616B1Z31,2023-06,40
07BBBBB9470B1Z32,2023-01,39
07BBBBB9470B1Z32,2023-02,17
07BBBBB9470B1Z32,2023-03,21
07BBBBB9470B1Z32,2023-04,19
07BBBBB9470B1Z32,2023-05,32
07BBBBB9470B1Z32,2023-06,14
07BBBBB6804B1Z33,2023-01,19
07BBBBB6804B1Z33,2023-02,32
07BBBBB6804B1Z33,2023-03,30
07BBBBB6804B1Z33,2023-04,32
07BBBBB6804B1Z33,2023-05,13
07BBBBB6804B1Z33,2023-06,29
07BBBBB7126B1Z34,2023-01,29
07BBBBB7126B1Z34,2023-02,34
07BBBBB7126B1Z34,2023-03,17
07BBBBB7126B1Z34,2023-04,31
07BBBBB7126B1Z34,2023-05,37
07BBBBB7126B1Z34,2023-06,23
07BBBBB7001B1Z35,2023-01,21
07BBBBB7001B1Z35,2023-02,27
07BBBBB7001B1Z35,2023-03,36
07BBBBB7001B1Z35,2023-04,16
07BBBBB7001B1Z35,2023-05,29
07BBBBB7001B1Z35,2023-06,21
07BBBBB1986B1Z36,2023-01,36
07BBBBB1986B1Z36,2023-02,40
07BBBBB1986B1Z36,2023-03,20
07BBBBB1986B1Z36,2023-04,26
07BBBBB1986B1Z36,2023-05,11
07BBBBB1986B1Z36,2023-06,26
07BBBBB9602B1Z37,2023-01,32
07BBBBB9602B1Z37,2023-02,29
07BBBBB9602B1Z37,2023-03,29
07BBBBB9602B1Z37,2023-04,24
07BBBBB9602B1Z37,2023-05,13
07BBBBB9602B1Z37,2023-06,11
07BBBBB8028B1Z38,2023-01,34
07BBBBB8028B1Z38,2023-02,36
07BBBBB8028B1Z38,2023-03,38
07BBBBB8028B1Z38,2023-04,24
07BBBBB8028B1Z38,2023-05,11
07BBBBB8028B1Z38,2023-06,37
07BBBBB5882B1Z39,2023-01,14
07BBBBB5882B1Z39,2023-02,21
07BBBBB5882B1Z39,2023-03,38
07BBBBB5882B1Z39,2023-04,27
07BBBBB5882B1Z39,2023-05,29
07BBBBB5882B1Z39,2023-06,19
07BBBBB6347B1Z40,2023-01,21
07BBBBB6347B1Z40,2023-02,12
07BBBBB6347B1Z40,2023-03,23
07BBBBB6347B1Z40,2023-04,38
07BBBBB6347B1Z40,2023-05,10
07BBBBB6347B1Z40,2023-06,17
07BBBBB3169B1Z41,2023-01,19
07BBBBB3169B1Z41,2023-02,29
07BBBBB3169B1Z41,2023-03,37
07BBBBB3169B1Z41,2023-04,36
07BBBBB3169B1Z41,2023-05,21
07BBBBB3169B1Z41,2023-06,37
07BBBBB4538B1Z42,2023-01,31
07BBBBB4538B1Z42,2023-02,36
07BBBBB4538B1Z42,2023-03,25
07BBBBB4538B1Z42,2023-04,34
07BBBBB4538B1Z42,2023-05,14
07BBBBB4538B1Z42,2023-06,35
07BBBBB2405B1Z43,2023-01,26
07BBBBB2405B1Z43,2023-02,17
07BBBBB2405B1Z43,2023-03,17
07BBBBB2405B1Z43,2023-04,13
07BBBBB2405B1Z43,2023-05,35
07BBBBB2405B1Z43,2023-06,27
07BBBBB8411B1Z44,2023-01,17
07BBBBB8411B1Z44,2023-02,16
07BBBBB8411B1Z44,2023-03,29
07BBBBB8411B1Z44,2023-04,11
07BBBBB8411B1Z44,2023-05,27
07BBBBB8411B1Z44,2023-06,25
07BBBBB5776B1Z45,2023-01,28
07BBBBB5776B1Z45,2023-02,38
07BBBBB5776B1Z45,2023-03,20
07BBBBB5776B1Z45,2023-04,14
07BBBBB5776B1Z45,2023-05,26
07BBBBB5776B1Z45,2023-06,16
07BBBBB2306B1Z46,2023-01,12
07BBBBB2306B1Z46,2023-02,28
07BBBBB2306B1Z46,2023-03,20
07BBBBB2306B1Z46,2023-04,10
07BBBBB2306B1Z46,2023-05,21
07BBBBB2306B1Z46,2023-06,10
07BBBBB6207B1Z47,2023-01,14
07BBBBB6207B1Z47,2023-02,20
07BBBBB6207B1Z47,2023-03,12
07BBBBB6207B1Z47,2023-04,13
07BBBBB6207B1Z47,2023-05,37
07BBBBB6207B1Z47,2023-06,18
07BBBBB2286B1Z48,2023-01,16
07BBBBB2286B1Z48,2023-02,12
07BBBBB2286B1Z48,2023-03,22
07BBBBB2286B1Z48,2023-04,10
07BBBBB2286B1Z48,2023-05,11
07BBBBB2286B1Z48,2023-06,39
07BBBBB4526B1Z49,2023-01,34
07BBBBB4526B1Z49,2023-02,10
07BBBBB4526B1Z49,2023-03,13
07BBBBB4526B1Z49,2023-04,37
07BBBBB4526B1Z49,2023-05,14
07BBBBB4526B1Z49,2023-06,37
07BBBBB2452B1Z50,2023-01,33
07BBBBB2452B1Z50,2023-02,24
07BBBBB2452B1Z50,2023-03,25
07BBBBB2452B1Z50,2023-04,13
07BBBBB2452B1Z50,2023-05,17
07BBBBB2452B1Z50,2023-06,11
07BBBBB6263B1Z51,2023-01,39
07BBBBB6263B1Z51,2023-02,14
07BBBBB6263B1Z51,2023-03,12
07BBBBB6263B1Z51,2023-04,27
07BBBBB6263B1Z51,2023-05,37
07BBBBB6263B1Z51,2023-06,39
07BBBBB5752B1Z52,2023-01,27
07BBBBB5752B1Z52,2023-02,37
07BBBBB5752B1Z52,2023-03,30
07BBBBB5752B1Z52,2023-04,36
07BBBBB5752B1Z52,2023-05,22
07BBBBB5752B1Z52,2023-06,31
07BBBBB9645B1Z53,2023-01,14
07BBBBB9645B1Z53,2023-02,26
07BBBBB9645B1Z53,2023-03,22
07BBBBB9645B1Z53,2023-04,36
07BBBBB9645B1Z53,2023-05,28
07BBBBB9645B1Z53,2023-06,13
07BBBBB5830B1Z54,2023-01,29
07BBBBB5830B1Z54,2023-02,10
07BBBBB5830B1Z54,2023-03,27
07BBBBB5830B1Z54,2023-04,25
07BBBBB5830B1Z54,2023-05,34
07BBBBB5830B1Z54,2023-06,34
07BBBBB1287B1Z55,2023-01,11
07BBBBB1287B1Z55,2023-02,18
07BBBBB1287B1Z55,2023-03,33
07BBBBB1287B1Z55,2023-04,14
07BBBBB1287B1Z55,2023-05,27
07BBBBB1287B1Z55,2023-06,36
07BBBBB6347B1Z56,2023-01,29
07BBBBB6347B1Z56,2023-02,38
07BBBBB6347B1Z56,2023-03,39
07BBBBB6347B1Z56,2023-04,39
07BBBBB6347B1Z56,2023-05,24
07BBBBB6347B1Z56,2023-06,14
07BBBBB9003B1Z57,2023-01,12
07BBBBB9003B1Z57,2023-02,37
07BBBBB9003B1Z57,2023-03,29
07BBBBB9003B1Z57,2023-04,33
07BBBBB9003B1Z57,2023-05,10
07BBBBB9003B1Z57,2023-06,40
07BBBBB6769B1Z58,2023-01,26
07BBBBB6769B1Z58,2023-02,19
07BBBBB6769B1Z58,2023-03,21
07BBBBB6769B1Z58,2023-04,34
07BBBBB6769B1Z58,2023-05,14
07BBBBB6769B1Z58,2023-06,38
07BBBBB5201B1Z59,2023-01,38
07BBBBB5201B1Z59,2023-02,15
07BBBBB5201B1Z59,2023-03,15
07BBBBB5201B1Z59,2023-04,27
07BBBBB5201B1Z59,2023-05,37
07BBBBB5201B1Z59,2023-06,23
07BBBBB5743B1Z60,2023-01,13
07BBBBB5743B1Z60,2023-02,25
07BBBBB5743B1Z60,2023-03,30
07BBBBB5743B1Z60,2023-04,34
07BBBBB5743B1Z60,2023-05,27
07BBBBB5743B1Z60,2023-06,34
07BBBBB1992B1Z61,2023-01,26
07BBBBB1992B1Z61,2023-02,17
07BBBBB1992B1Z61,2023-03,25
07BBBBB1992B1Z61,2023-04,29
07BBBBB1992B1Z61,2023-05,16
07BBBBB1992B1Z61,2023-06,30
07BBBBB7702B1Z62,2023-01,13
07BBBBB7702B1Z62,2023-02,28
07BBBBB7702B1Z62,2023-03,34
07BBBBB7702B1Z62,2023-04,30
07BBBBB7702B1Z62,2023-05,20
07BBBBB7702B1Z62,2023-06,34
07BBBBB3114B1Z63,2023-01,36
07BBBBB3114B1Z63,2023-02,10
07BBBBB3114B1Z63,2023-03,35
07BBBBB3114B1Z63,2023-04,24
07BBBBB3114B1Z63,2023-05,34
07BBBBB3114B1Z63,2023-06,27
07BBBBB4153B1Z64,2023-01,30
07BBBBB4153B1Z64,2023-02,34
07BBBBB4153B1Z64,2023-03,10
07BBBBB4153B1Z64,2023-04,27
07BBBBB4153B1Z64,2023-05,23
07BBBBB4153B1Z64,2023-06,24
07BBBBB3499B1Z65,2023-01,24
07BBBBB3499B1Z65,2023-02,11
07BBBBB3499B1Z65,2023-03,34
07BBBBB3499B1Z65,2023-04,40
07BBBBB3499B1Z65,2023-05,16
07BBBBB3499B1Z65,2023-06,18
07BBBBB4090B1Z66,2023-01,16
07BBBBB4090B1Z66,2023-02,11
07BBBBB4090B1Z66,2023-03,24
07BBBBB4090B1Z66,2023-04,31
07BBBBB4090B1Z66,2023-05,31
07BBBBB4090B1Z66,2023-06,37
07BBBBB8040B1Z67,2023-01,39
07BBBBB8040B1Z67,2023-02,22
07BBBBB8040B1Z67,2023-03,26
07BBBBB8040B1Z67,2023-04,12
07BBBBB8040B1Z67,2023-05,20
07BBBBB8040B1Z67,2023-06,16
07BBBBB8801B1Z68,2023-01,33
07BBBBB8801B1Z68,2023-02,11
07BBBBB8801B1Z68,2023-03,20
07BBBBB8801B1Z68,2023-04,11
07BBBBB8801B1Z68,2023-05,33
07BBBBB8801B1Z68,2023-06,14
07BBBBB2647B1Z69,2023-01,21
07BBBBB2647B1Z69,2023-02,38
07BBBBB2647B1Z69,2023-03,10
07BBBBB2647B1Z69,2023-04,20
07BBBBB2647B1Z69,2023-05,16
07BBBBB2647B1Z69,2023-06,32
07BBBBB9848B1Z70,2023-01,21
07BBBBB9848B1Z70,2023-02,37
07BBBBB9848B1Z70,2023-03,16
07BBBBB9848B1Z70,2023-04,31
07BBBBB9848B1Z70,2023-05,36
07BBBBB9848B1Z70,2023-06,11
07BBBBB6074B1Z71,2023-01,37
07BBBBB6074B1Z71,2023-02,24
07BBBBB6074B1Z71,2023-03,16
07BBBBB6074B1Z71,2023-04,15
07BBBBB6074B1Z71,2023-05,21
07BBBBB6074B1Z71,2023-06,16
07BBBBB3104B1Z72,2023-01,19
07BBBBB3104B1Z72,2023-02,34
07BBBBB3104B1Z72,2023-03,25
07BBBBB3104B1Z72,2023-04,15
07BBBBB3104B1Z72,2023-05,14
07BBBBB3104B1Z72,2023-06,32
07BBBBB5554B1Z73,2023-01,39
07BBBBB5554B1Z73,2023-02,22
07BBBBB5554B1Z73,2023-03,34
07BBBBB5554B1Z73,2023-04,14
07BBBBB5554B1Z73,2023-05,38
07BBBBB5554B1Z73,2023-06,18
07BBBBB4410B1Z74,2023-01,36
07BBBBB4410B1Z74,2023-02,13
07BBBBB4410B1Z74,2023-03,21
07BBBBB4410B1Z74,2023-04,16
07BBBBB4410B1Z74,2023-05,39
07BBBBB4410B1Z74,2023-06,31
07BBBBB6850B1Z75,2023-01,21
07BBBBB6850B1Z75,2023-02,28
07BBBBB6850B1Z75,2023-03,20
07BBBBB6850B1Z75,2023-04,22
07BBBBB6850B1Z75,2023-05,13
07BBBBB6850B1Z75,2023-06,27
07BBBBB7380B1Z76,2023-01,36
07BBBBB7380B1Z76,2023-02,30
07BBBBB7380B1Z76,2023-03,17
07BBBBB7380B1Z76,2023-04,37
07BBBBB7380B1Z76,2023-05,13
07BBBBB7380B1Z76,2023-06,28
07BBBBB2519B1Z77,2023-01,29
07BBBBB2519B1Z77,2023-02,27
07BBBBB2519B1Z77,2023-03,15
07BBBBB2519B1Z77,2023-04,18
07BBBBB2519B1Z77,2023-05,25
07BBBBB2519B1Z77,2023-06,10
07BBBBB4060B1Z78,2023-01,21
07BBBBB4060B1Z78,2023-02,38
07BBBBB4060B1Z78,2023-03,12
07BBBBB4060B1Z78,2023-04,32
07BBBBB4060B1Z78,2023-05,12
07BBBBB4060B1Z78,2023-06,27
07BBBBB6409B1Z79,2023-01,37
07BBBBB6409B1Z79,2023-02,34
07BBBBB6409B1Z79,2023-03,24
07BBBBB6409B1Z79,2023-04,19
07BBBBB6409B1Z79,2023-05,39
07BBBBB6409B1Z79,2023-06,15
07BBBBB5278B1Z80,2023-01,33
07BBBBB5278B1Z80,2023-02,35
07BBBBB5278B1Z80,2023-03,37
07BBBBB5278B1Z80,2023-04,32
07BBBBB5278B1Z80,2023-05,21
07BBBBB5278B1Z80,2023-06,11
07BBBBB8182B1Z81,2023-01,38
07BBBBB8182B1Z81,2023-02,35
07BBBBB8182B1Z81,2023-03,18
07BBBBB8182B1Z81,2023-04,17
07BBBBB8182B1Z81,2023-05,10
07BBBBB8182B1Z81,2023-06,18
07BBBBB4868B1Z82,2023-01,14
07BBBBB4868B1Z82,2023-02,24
07BBBBB4868B1Z82,2023-03,35
07BBBBB4868B1Z82,2023-04,29
07BBBBB4868B1Z82,2023-05,40
07BBBBB4868B1Z82,2023-06,19
07BBBBB3075B1Z83,2023-01,28
07BBBBB3075B1Z83,2023-02,27
07BBBBB3075B1Z83,2023-03,34
07BBBBB3075B1Z83,2023-04,26
07BBBBB3075B1Z83,2023-05,36
07BBBBB3075B1Z83,2023-06,20
07BBBBB6316B1Z84,2023-01,36
07BBBBB6316B1Z84,2023-02,37
07BBBBB6316B1Z84,2023-03,20
07BBBBB6316B1Z84,2023-04,16
07BBBBB6316B1Z84,2023-05,32
07BBBBB6316B1Z84,2023-06,27
07BBBBB2266B1Z85,2023-01,16
07BBBBB2266B1Z85,2023-02,15
07BBBBB2266B1Z85,2023-03,11
07BBBBB2266B1Z85,2023-04,17
07BBBBB2266B1Z85,2023-05,29
07BBBBB2266B1Z85,2023-06,28
07BBBBB2379B1Z86,2023-01,10
07BBBBB2379B1Z86,2023-02,23
07BBBBB2379B1Z86,2023-03,10
07BBBBB2379B1Z86,2023-04,13
07BBBBB2379B1Z86,2023-05,16
07BBBBB2379B1Z86,2023-06,11
07BBBBB4908B1Z87,2023-01,37
07BBBBB4908B1Z87,2023-02,29
07BBBBB4908B1Z87,2023-03,32
07BBBBB4908B1Z87,2023-04,16
07BBBBB4908B1Z87,2023-05,40
07BBBBB4908B1Z87,2023-06,30
07BBBBB2579B1Z88,2023-01,38
07BBBBB2579B1Z88,2023-02,32
07BBBBB2579B1Z88,2023-03,20
07BBBBB2579B1Z88,2023-04,29
07BBBBB2579B1Z88,2023-05,12
07BBBBB2579B1Z88,2023-06,28
07BBBBB1746B1Z89,2023-01,30
07BBBBB1746B1Z89,2023-02,29
07BBBBB1746B1Z89,2023-03,36
07BBBBB1746B1Z89,2023-04,21
07BBBBB1746B1Z89,2023-05,40
07BBBBB1746B1Z89,2023-06,19
07BBBBB6666B1Z90,2023-01,39
07BBBBB6666B1Z90,2023-02,34
07BBBBB6666B1Z90,2023-03,31
07BBBBB6666B1Z90,2023-04,24
07BBBBB6666B1Z90,2023-05,24
07BBBBB6666B1Z90,2023-06,34
07BBBBB9388B1Z91,2023-01,27
07BBBBB9388B1Z91,2023-02,31
07BBBBB9388B1Z91,2023-03,29
07BBBBB9388B1Z91,2023-04,36
07BBBBB9388B1Z91,2023-05,29
07BBBBB9388B1Z91,2023-06,24
07BBBBB4504B1Z92,2023-01,36
07BBBBB4504B1Z92,2023-02,39
07BBBBB4504B1Z92,2023-03,30
07BBBBB4504B1Z92,2023-04,14
07BBBBB4504B1Z92,2023-05,14
07BBBBB4504B1Z92,2023-06,14
07BBBBB3552B1Z93,2023-01,21
07BBBBB3552B1Z93,2023-02,36
07BBBBB3552B1Z93,2023-03,26
07BBBBB3552B1Z93,2023-04,29
07BBBBB3552B1Z93,2023-05,14
07BBBBB3552B1Z93,2023-06,17
07BBBBB6023B1Z94,2023-01,31
07BBBBB6023B1Z94,2023-02,22
07BBBBB6023B1Z94,2023-03,35
07BBBBB6023B1Z94,2023-04,40
07BBBBB6023B1Z94,2023-05,36
07BBBBB6023B1Z94,2023-06,11
07BBBBB4208B1Z95,2023-01,36
07BBBBB4208B1Z95,2023-02,18
07BBBBB4208B1Z95,2023-03,30
07BBBBB4208B1Z95,2023-04,27
07BBBBB4208B1Z95,2023-05,35
07BBBBB4208B1Z95,2023-06,21
07BBBBB7770B1Z96,2023-01,30
07BBBBB7770B1Z96,2023-02,13
07BBBBB7770B1Z96,2023-03,35
07BBBBB7770B1Z96,2023-04,17
07BBBBB7770B1Z96,2023-05,38
07BBBBB7770B1Z96,2023-06,39
07BBBBB5161B1Z97,2023-01,29
07BBBBB5161B1Z97,2023-02,13
07BBBBB5161B1Z97,2023-03,38
07BBBBB5161B1Z97,2023-04,25
07BBBBB5161B1Z97,2023-05,39
07BBBBB5161B1Z97,2023-06,11
07BBBBB4232B1Z98,2023-01,13
07BBBBB4232B1Z98,2023-02,21
07BBBBB4232B1Z98,2023-03,17
07BBBBB4232B1Z98,2023-04,29
07BBBBB4232B1Z98,2023-05,17
07BBBBB4232B1Z98,2023-06,40
07BBBBB8528B1Z99,2023-01,33
07BBBBB8528B1Z99,2023-02,38
07BBBBB8528B1Z99,2023-03,13
07BBBBB8528B1Z99,2023-04,33
07BBBBB8528B1Z99,2023-05,21
07BBBBB8528B1Z99,2023-06,14
07BBBBB6069B1Z100,2023-01,36
07BBBBB6069B1Z100,2023-02,33
07BBBBB6069B1Z100,2023-03,25
07BBBBB6069B1Z100,2023-04,20
07BBBBB6069B1Z100,2023-05,11
07BBBBB6069B1Z100,2023-06,26
07BBBBB5244B1Z101,2023-01,23
07BBBBB5244B1Z101,2023-02,25
07BBBBB5244B1Z101,2023-03,28
07BBBBB5244B1Z101,2023-04,14
07BBBBB5244B1Z101,2023-05,29
07BBBBB5244B1Z101,2023-06,23
07BBBBB1799B1Z102,2023-01,32
07BBBBB1799B1Z102,2023-02,35
07BBBBB1799B1Z102,2023-03,19
07BBBBB1799B1Z102,2023-04,12
07BBBBB1799B1Z102,2023-05,33
07BBBBB1799B1Z102,2023-06,23
07BBBBB2076B1Z103,2023-01,36
07BBBBB2076B1Z103,2023-02,18
07BBBBB2076B1Z103,2023-03,21
07BBBBB2076B1Z103,2023-04,27
07BBBBB2076B1Z103,2023-05,40
07BBBBB2076B1Z103,2023-06,18
07BBBBB6252B1Z104,2023-01,20
07BBBBB6252B1Z104,2023-02,20
07BBBBB6252B1Z104,2023-03,23
07BBBBB6252B1Z104,2023-04,35
07BBBBB6252B1Z104,2023-05,40
07BBBBB6252B1Z104,2023-06,26
07BBBBB6701B1Z105,2023-01,16
07BBBBB6701B1Z105,2023-02,13
07BBBBB6701B1Z105,2023-03,19
07BBBBB6701B1Z105,2023-04,23
07BBBBB6701B1Z105,2023-05,40
07BBBBB6701B1Z105,2023-06,21
07BBBBB7489B1Z106,2023-01,10
07BBBBB7489B1Z106,2023-02,19
07BBBBB7489B1Z106,2023-03,30
07BBBBB7489B1Z106,2023-04,24
07BBBBB7489B1Z106,2023-05,12
07BBBBB7489B1Z106,2023-06,29
07BBBBB4149B1Z107,2023-01,27
07BBBBB4149B1Z107,2023-02,29
07BBBBB4149B1Z107,2023-03,19
07BBBBB4149B1Z107,2023-04,17
07BBBBB4149B1Z107,2023-05,14
07BBBBB4149B1Z107,2023-06,28
07BBBBB1903B1Z108,2023-01,29
07BBBBB1903B1Z108,2023-02,13
07BBBBB1903B1Z108,2023-03,24
07BBBBB1903B1Z108,2023-04,17
07BBBBB1903B1Z108,2023-05,11
07BBBBB1903B1Z108,2023-06,16
07BBBBB4058B1Z109,2023-01,21
07BBBBB4058B1Z109,2023-02,35
07BBBBB4058B1Z109,2023-03,13
07BBBBB4058B1Z109,2023-04,17
07BBBBB4058B1Z109,2023-05,39
07BBBBB4058B1Z109,2023-06,30
07BBBBB7166B1Z110,2023-01,21
07BBBBB7166B1Z110,2023-02,34
07BBBBB7166B1Z110,2023-03,13
07BBBBB7166B1Z110,2023-04,25
07BBBBB7166B1Z110,2023-05,36
07BBBBB7166B1Z110,2023-06,38
07BBBBB1498B1Z111,2023-01,29
07BBBBB1498B1Z111,2023-02,32
07BBBBB1498B1Z111,2023-03,30
07BBBBB1498B1Z111,2023-04,19
07BBBBB1498B1Z111,2023-05,15
07BBBBB1498B1Z111,2023-06,33
07BBBBB4624B1Z112,2023-01,27
07BBBBB4624B1Z112,2023-02,19
07BBBBB4624B1Z112,2023-03,29
07BBBBB4624B1Z112,2023-04,10
07BBBBB4624B1Z112,2023-05,36
07BBBBB4624B1Z112,2023-06,20
07BBBBB7867B1Z113,2023-01,26
07BBBBB7867B1Z113,2023-02,40
07BBBBB7867B1Z113,2023-03,28
07BBBBB7867B1Z113,2023-04,28
07BBBBB7867B1Z113,2023-05,16
07BBBBB7867B1Z113,2023-06,33
07BBBBB6647B1Z114,2023-01,17
07BBBBB6647B1Z114,2023-02,32
07BBBBB6647B1Z114,2023-03,40
07BBBBB6647B1Z114,2023-04,40
07BBBBB6647B1Z114,2023-05,13
07BBBBB6647B1Z114,2023-06,12
07BBBBB3598B1Z115,2023-01,22
07BBBBB3598B1Z115,2023-02,29
07BBBBB3598B1Z115,2023-03,18
07BBBBB3598B1Z115,2023-04,35
07BBBBB3598B1Z115,2023-05,36
07BBBBB3598B1Z115,2023-06,23
07BBBBB6373B1Z116,2023-01,37
07BBBBB6373B1Z116,2023-02,31
07BBBBB6373B1Z116,2023-03,17
07BBBBB6373B1Z116,2023-04,10
07BBBBB6373B1Z116,2023-05,19
07BBBBB6373B1Z116,2023-06,37
07BBBBB3221B1Z117,2023-01,38
07BBBBB3221B1Z117,2023-02,37
07BBBBB3221B1Z117,2023-03,31
07BBBBB3221B1Z117,2023-04,18
07BBBBB3221B1Z117,2023-05,27
07BBBBB3221B1Z117,2023-06,37
07BBBBB1786B1Z118,2023-01,24
07BBBBB1786B1Z118,2023-02,13
07BBBBB1786B1Z118,2023-03,19
07BBBBB1786B1Z118,2023-04,19
07BBBBB1786B1Z118,2023-05,13
07BBBBB1786B1Z118,2023-06,28
07BBBBB7773B1Z119,2023-01,28
07BBBBB7773B1Z119,2023-02,32
07BBBBB7773B1Z119,2023-03,29
07BBBBB7773B1Z119,2023-04,16
07BBBBB7773B1Z119,2023-05,18
07BBBBB7773B1Z119,2023-06,23
07BBBBB1439B1Z120,2023-01,24
07BBBBB1439B1Z120,2023-02,16
07BBBBB1439B1Z120,2023-03,13
07BBBBB1439B1Z120,2023-04,12
07BBBBB1439B1Z120,2023-05,12
07BBBBB1439B1Z120,2023-06,37
07BBBBB5363B1Z121,2023-01,25
07BBBBB5363B1Z121,2023-02,22
07BBBBB5363B1Z121,2023-03,24
07BBBBB5363B1Z121,2023-04,22
07BBBBB5363B1Z121,2023-05,39
07BBBBB5363B1Z121,2023-06,32
07BBBBB3894B1Z122,2023-01,38
07BBBBB3894B1Z122,2023-02,23
07BBBBB3894B1Z122,2023-03,22
07BBBBB3894B1Z122,2023-04,13
07BBBBB3894B1Z122,2023-05,33
07BBBBB3894B1Z122,2023-06,29
07BBBBB2422B1Z123,2023-01,31
07BBBBB2422B1Z123,2023-02,24
07BBBBB2422B1Z123,2023-03,22
07BBBBB2422B1Z123,2023-04,36
07BBBBB2422B1Z123,2023-05,40
07BBBBB2422B1Z123,2023-06,26
07BBBBB7555B1Z124,2023-01,15
07BBBBB7555B1Z124,2023-02,31
07BBBBB7555B1Z124,2023-03,16
07BBBBB7555B1Z124,2023-04,16
07BBBBB7555B1Z124,2023-05,39
07BBBBB7555B1Z124,2023-06,39
07BBBBB3144B1Z125,2023-01,28
07BBBBB3144B1Z125,2023-02,20
07BBBBB3144B1Z125,2023-03,27
07BBBBB3144B1Z125,2023-04,13
07BBBBB3144B1Z125,2023-05,28
07BBBBB3144B1Z125,2023-06,11
07BBBBB3717B1Z126,2023-01,31
07BBBBB3717B1Z126,2023-02,33
07BBBBB3717B1Z126,2023-03,33
07BBBBB3717B1Z126,2023-04,35
07BBBBB3717B1Z126,2023-05,15
07BBBBB3717B1Z126,2023-06,16
07BBBBB3260B1Z127,2023-01,35
07BBBBB3260B1Z127,2023-02,28
07BBBBB3260B1Z127,2023-03,19
07BBBBB3260B1Z127,2023-04,40
07BBBBB3260B1Z127,2023-05,15
07BBBBB3260B1Z127,2023-06,10
07BBBBB6434B1Z128,2023-01,25
07BBBBB6434B1Z128,2023-02,16
07BBBBB6434B1Z128,2023-03,27
07BBBBB6434B1Z128,2023-04,12
07BBBBB6434B1Z128,2023-05,29
07BBBBB6434B1Z128,2023-06,15
07BBBBB8904B1Z129,2023-01,14
07BBBBB8904B1Z129,2023-02,18
07BBBBB8904B1Z129,2023-03,14
07BBBBB8904B1Z129,2023-04,22
07BBBBB8904B1Z129,2023-05,34
07BBBBB8904B1Z129,2023-06,26
07BBBBB6509B1Z130,2023-01,20
07BBBBB6509B1Z130,2023-02,10
07BBBBB6509B1Z130,2023-03,21
07BBBBB6509B1Z130,2023-04,20
07BBBBB6509B1Z130,2023-05,34
07BBBBB6509B1Z130,2023-06,25
07BBBBB5368B1Z131,2023-01,34
07BBBBB5368B1Z131,2023-02,18
07BBBBB5368B1Z131,2023-03,39
07BBBBB5368B1Z131,2023-04,32
07BBBBB5368B1Z131,2023-05,28
07BBBBB5368B1Z131,2023-06,38
07BBBBB3850B1Z132,2023-01,15
07BBBBB3850B1Z132,2023-02,39
07BBBBB3850B1Z132,2023-03,13
07BBBBB3850B1Z132,2023-04,31
07BBBBB3850B1Z132,2023-05,12
07BBBBB3850B1Z132,2023-06,16
07BBBBB8879B1Z133,2023-01,36
07BBBBB8879B1Z133,2023-02,39
07BBBBB8879B1Z133,2023-03,16
07BBBBB8879B1Z133,2023-04,32
07BBBBB8879B1Z133,2023-05,24
07BBBBB8879B1Z133,2023-06,21
07BBBBB9068B1Z134,2023-01,16
07BBBBB9068B1Z134,2023-02,16
07BBBBB9068B1Z134,2023-03,11
07BBBBB9068B1Z134,2023-04,32
07BBBBB9068B1Z134,2023-05,36
07BBBBB9068B1Z134,2023-06,37
07BBBBB3283B1Z135,2023-01,34
07BBBBB3283B1Z135,2023-02,20
07BBBBB3283B1Z135,2023-03,32
07BBBBB3283B1Z135,2023-04,16
07BBBBB3283B1Z135,2023-05,10
07BBBBB3283B1Z135,2023-06,30
07BBBBB4188B1Z136,2023-01,15
07BBBBB4188B1Z136,2023-02,30
07BBBBB4188B1Z136,2023-03,11
07BBBBB4188B1Z136,2023-04,33
07BBBBB4188B1Z136,2023-05,15
07BBBBB4188B1Z136,2023-06,32
07BBBBB5227B1Z137,2023-01,35
07BBBBB5227B1Z137,2023-02,21
07BBBBB5227B1Z137,2023-03,18
07BBBBB5227B1Z137,2023-04,35
07BBBBB5227B1Z137,2023-05,38
07BBBBB5227B1Z137,2023-06,40
07BBBBB1737B1Z138,2023-01,20
07BBBBB1737B1Z138,2023-02,13
07BBBBB1737B1Z138,2023-03,20
07BBBBB1737B1Z138,2023-04,30
07BBBBB1737B1Z138,2023-05,11
07BBBBB1737B1Z138,2023-06,28
07BBBBB1842B1Z139,2023-01,17
07BBBBB1842B1Z139,2023-02,39
07BBBBB1842B1Z139,2023-03,40
07BBBBB1842B1Z139,2023-04,26
07BBBBB1842B1Z139,2023-05,30
07BBBBB1842B1Z139,2023-06,25
07BBBBB7629B1Z140,2023-01,35
07BBBBB7629B1Z140,2023-02,26
07BBBBB7629B1Z140,2023-03,35
07BBBBB7629B1Z140,2023-04,35
07BBBBB7629B1Z140,2023-05,30
07BBBBB7629B1Z140,2023-06,31
07BBBBB5554B1Z141,2023-01,30
07BBBBB5554B1Z141,2023-02,30
07BBBBB5554B1Z141,2023-03,33
07BBBBB5554B1Z141,2023-04,22
07BBBBB5554B1Z141,2023-05,38
07BBBBB5554B1Z141,2023-06,39
07BBBBB4393B1Z142,2023-01,40
07BBBBB4393B1Z142,2023-02,12
07BBBBB4393B1Z142,2023-03,17
07BBBBB4393B1Z142,2023-04,39
07BBBBB4393B1Z142,2023-05,40
07BBBBB4393B1Z142,2023-06,26
07BBBBB4396B1Z143,2023-01,11
07BBBBB4396B1Z143,2023-02,28
07BBBBB4396B1Z143,2023-03,21
07BBBBB4396B1Z143,2023-04,18
07BBBBB4396B1Z143,2023-05,19
07BBBBB4396B1Z143,2023-06,24
07BBBBB3816B1Z144,2023-01,40
07BBBBB3816B1Z144,2023-02,15
07BBBBB3816B1Z144,2023-03,30
07BBBBB3816B1Z144,2023-04,12
07BBBBB3816B1Z144,2023-05,25
07BBBBB3816B1Z144,2023-06,13
07BBBBB5942B1Z145,2023-01,20
07BBBBB5942B1Z145,2023-02,35
07BBBBB5942B1Z145,2023-03,28
07BBBBB5942B1Z145,2023-04,19
07BBBBB5942B1Z145,2023-05,14
07BBBBB5942B1Z145,2023-06,12
07BBBBB7210B1Z146,2023-01,14
07BBBBB7210B1Z146,2023-02,24
07BBBBB7210B1Z146,2023-03,26
07BBBBB7210B1Z146,2023-04,16
07BBBBB7210B1Z146,2023-05,38
07BBBBB7210B1Z146,2023-06,37
07BBBBB1299B1Z147,2023-01,21
07BBBBB1299B1Z147,2023-02,13
07BBBBB1299B1Z147,2023-03,17
07BBBBB1299B1Z147,2023-04,16
07BBBBB1299B1Z147,2023-05,16
07BBBBB1299B1Z147,2023-06,23
07BBBBB4773B1Z148,2023-01,22
07BBBBB4773B1Z148,2023-02,31
07BBBBB4773B1Z148,2023-03,26
07BBBBB4773B1Z148,2023-04,21
07BBBBB4773B1Z148,2023-05,23
07BBBBB4773B1Z148,2023-06,20
07BBBBB6062B1Z149,2023-01,17
07BBBBB6062B1Z149,2023-02,26
07BBBBB6062B1Z149,2023-03,19
07BBBBB6062B1Z149,2023-04,32
07BBBBB6062B1Z149,2023-05,11
07BBBBB6062B1Z149,2023-06,27
07BBBBB9349B1Z150,2023-01,31
07BBBBB9349B1Z150,2023-02,25
07BBBBB9349B1Z150,2023-03,37
07BBBBB9349B1Z150,2023-04,22
07BBBBB9349B1Z150,2023-05,38
07BBBBB9349B1Z150,2023-06,38
07BBBBB2309B1Z151,2023-01,21
07BBBBB2309B1Z151,2023-02,12
07BBBBB2309B1Z151,2023-03,16
07BBBBB2309B1Z151,2023-04,13
07BBBBB2309B1Z151,2023-05,31
07BBBBB2309B1Z151,2023-06,29
07BBBBB2635B1Z152,2023-01,30
07BBBBB2635B1Z152,2023-02,19
07BBBBB2635B1Z152,2023-03,31
07BBBBB2635B1Z152,2023-04,17
07BBBBB2635B1Z152,2023-05,21
07BBBBB2635B1Z152,2023-06,15
07BBBBB9555B1Z153,2023-01,27
07BBBBB9555B1Z153,2023-02,14
07BBBBB9555B1Z153,2023-03,29
07BBBBB9555B1Z153,2023-04,30
07BBBBB9555B1Z153,2023-05,39
07BBBBB9555B1Z153,2023-06,16
07BBBBB6168B1Z154,2023-01,40
07BBBBB6168B1Z154,2023-02,25
07BBBBB6168B1Z154,2023-03,21
07BBBBB6168B1Z154,2023-04,17
07BBBBB6168B1Z154,2023-05,13
07BBBBB6168B1Z154,2023-06,35
07BBBBB2705B1Z155,2023-01,22
07BBBBB2705B1Z155,2023-02,23
07BBBBB2705B1Z155,2023-03,13
07BBBBB2705B1Z155,2023-04,31
07BBBBB2705B1Z155,2023-05,21
07BBBBB2705B1Z155,2023-06,14
07BBBBB2080B1Z156,2023-01,21
07BBBBB2080B1Z156,2023-02,24
07BBBBB2080B1Z156,2023-03,38
07BBBBB2080B1Z156,2023-04,30
07BBBBB2080B1Z156,2023-05,31
07BBBBB2080B1Z156,2023-06,27
07BBBBB1161B1Z157,2023-01,28
07BBBBB1161B1Z157,2023-02,27
07BBBBB1161B1Z157,2023-03,22
07BBBBB1161B1Z157,2023-04,35
07BBBBB1161B1Z157,2023-05,13
07BBBBB1161B1Z157,2023-06,10
07BBBBB8185B1Z158,2023-01,13
07BBBBB8185B1Z158,2023-02,26
07BBBBB8185B1Z158,2023-03,16
07BBBBB8185B1Z158,2023-04,27
07BBBBB8185B1Z158,2023-05,14
07BBBBB8185B1Z158,2023-06,29
07BBBBB7864B1Z159,2023-01,10
07BBBBB7864B1Z159,2023-02,33
07BBBBB7864B1Z159,2023-03,19
07BBBBB7864B1Z159,2023-04,12
07BBBBB7864B1Z159,2023-05,21
07BBBBB7864B1Z159,2023-06,14
07BBBBB6618B1Z160,2023-01,15
07BBBBB6618B1Z160,2023-02,40
07BBBBB6618B1Z160,2023-03,23
07BBBBB6618B1Z160,2023-04,16
07BBBBB6618B1Z160,2023-05,28
07BBBBB6618B1Z160,2023-06,14
07BBBBB1510B1Z161,2023-01,10
07BBBBB1510B1Z161,2023-02,25
07BBBBB1510B1Z161,2023-03,34
07BBBBB1510B1Z161,2023-04,10
07BBBBB1510B1Z161,2023-05,29
07BBBBB1510B1Z161,2023-06,18
07BBBBB7317B1Z162,2023-01,18
07BBBBB7317B1Z162,2023-02,19
07BBBBB7317B1Z162,2023-03,37
07BBBBB7317B1Z162,2023-04,21
07BBBBB7317B1Z162,2023-05,40
07BBBBB7317B1Z162,2023-06,11
07BBBBB8508B1Z163,2023-01,13
07BBBBB8508B1Z163,2023-02,26
07BBBBB8508B1Z163,2023-03,35
07BBBBB8508B1Z163,2023-04,34
07BBBBB8508B1Z163,2023-05,15
07BBBBB8508B1Z163,2023-06,24
07BBBBB5879B1Z164,2023-01,13
07BBBBB5879B1Z164,2023-02,23
07BBBBB5879B1Z164,2023-03,23
07BBBBB5879B1Z164,2023-04,14
07BBBBB5879B1Z164,2023-05,11
07BBBBB5879B1Z164,2023-06,20
07BBBBB7506B1Z165,2023-01,40
07BBBBB7506B1Z165,2023-02,38
07BBBBB7506B1Z165,2023-03,32
07BBBBB7506B1Z165,2023-04,33
07BBBBB7506B1Z165,2023-05,19
07BBBBB7506B1Z165,2023-06,24
07BBBBB4825B1Z166,2023-01,24
07BBBBB4825B1Z166,2023-02,24
07BBBBB4825B1Z166,2023-03,39
07BBBBB4825B1Z166,2023-04,27
07BBBBB4825B1Z166,2023-05,10
07BBBBB4825B1Z166,2023-06,26
07BBBBB5035B1Z167,2023-01,26
07BBBBB5035B1Z167,2023-02,17
07BBBBB5035B1Z167,2023-03,25
07BBBBB5035B1Z167,2023-04,38
07BBBBB5035B1Z167,2023-05,30
07BBBBB5035B1Z167,2023-06,16
07BBBBB5659B1Z168,2023-01,31
07BBBBB5659B1Z168,2023-02,38
07BBBBB5659B1Z168,2023-03,12
07BBBBB5659B1Z168,2023-04,31
07BBBBB5659B1Z168,2023-05,35
07BBBBB5659B1Z168,2023-06,33
07BBBBB8324B1Z169,2023-01,25
07BBBBB8324B1Z169,2023-02,38
07BBBBB8324B1Z169,2023-03,17
07BBBBB8324B1Z169,2023-04,11
07BBBBB8324B1Z169,2023-05,35
07BBBBB8324B1Z169,2023-06,15
07BBBBB5309B1Z170,2023-01,14
07BBBBB5309B1Z170,2023-02,38
07BBBBB5309B1Z170,2023-03,16
07BBBBB5309B1Z170,2023-04,16
07BBBBB5309B1Z170,2023-05,33
07BBBBB5309B1Z170,2023-06,17
07BBBBB4655B1Z171,2023-01,37
07BBBBB4655B1Z171,2023-02,13
07BBBBB4655B1Z171,2023-03,35
07BBBBB4655B1Z171,2023-04,17
07BBBBB4655B1Z171,2023-05,34
07BBBBB4655B1Z171,2023-06,16
07BBBBB5227B1Z172,2023-01,29
07BBBBB5227B1Z172,2023-02,36
07BBBBB5227B1Z172,2023-03,30
07BBBBB5227B1Z172,2023-04,11
07BBBBB5227B1Z172,2023-05,24
07BBBBB5227B1Z172,2023-06,37
07BBBBB8045B1Z173,2023-01,23
07BBBBB8045B1Z173,2023-02,16
07BBBBB8045B1Z173,2023-03,29
07BBBBB8045B1Z173,2023-04,31
07BBBBB8045B1Z173,2023-05,10
07BBBBB8045B1Z173,2023-06,12
07BBBBB6098B1Z174,2023-01,24
07BBBBB6098B1Z174,2023-02,17
07BBBBB6098B1Z174,2023-03,15
07BBBBB6098B1Z174,2023-04,33
07BBBBB6098B1Z174,2023-05,36
07BBBBB6098B1Z174,2023-06,24
07BBBBB8468B1Z175,2023-01,37
07BBBBB8468B1Z175,2023-02,28
07BBBBB8468B1Z175,2023-03,19
07BBBBB8468B1Z175,2023-04,31
07BBBBB8468B1Z175,2023-05,24
07BBBBB8468B1Z175,2023-06,18
07BBBBB7758B1Z176,2023-01,20
07BBBBB7758B1Z176,2023-02,29
07BBBBB7758B1Z176,2023-03,37
07BBBBB7758B1Z176,2023-04,39
07BBBBB7758B1Z176,2023-05,37
07BBBBB7758B1Z176,2023-06,39
07BBBBB9419B1Z177,2023-01,28
07BBBBB9419B1Z177,2023-02,38
07BBBBB9419B1Z177,2023-03,27
07BBBBB9419B1Z177,2023-04,27
07BBBBB9419B1Z177,2023-05,37
07BBBBB9419B1Z177,2023-06,37
07BBBBB3332B1Z178,2023-01,33
07BBBBB3332B1Z178,2023-02,36
07BBBBB3332B1Z178,2023-03,19
07BBBBB3332B1Z178,2023-04,21
07BBBBB3332B1Z178,2023-05,37
07BBBBB3332B1Z178,2023-06,17
07BBBBB6594B1Z179,2023-01,21
07BBBBB6594B1Z179,2023-02,24
07BBBBB6594B1Z179,2023-03,16
07BBBBB6594B1Z179,2023-04,11
07BBBBB6594B1Z179,2023-05,11
07BBBBB6594B1Z179,2023-06,33
07BBBBB6470B1Z180,2023-01,13
07BBBBB6470B1Z180,2023-02,37
07BBBBB6470B1Z180,2023-03,36
07BBBBB6470B1Z180,2023-04,18
07BBBBB6470B1Z180,2023-05,11
07BBBBB6470B1Z180,2023-06,17
07BBBBB2732B1Z181,2023-01,40
07BBBBB2732B1Z181,2023-02,37
07BBBBB2732B1Z181,2023-03,29
07BBBBB2732B1Z181,2023-04,24
07BBBBB2732B1Z181,2023-05,23
07BBBBB2732B1Z181,2023-06,15
07BBBBB4391B1Z182,2023-01,10
07BBBBB4391B1Z182,2023-02,21
07BBBBB4391B1Z182,2023-03,35
07BBBBB4391B1Z182,2023-04,19
07BBBBB4391B1Z182,2023-05,26
07BBBBB4391B1Z182,2023-06,12
07BBBBB3034B1Z183,2023-01,24
07BBBBB3034B1Z183,2023-02,22
07BBBBB3034B1Z183,2023-03,30
07BBBBB3034B1Z183,2023-04,19
07BBBBB3034B1Z183,2023-05,27
07BBBBB3034B1Z183,2023-06,12
07BBBBB9977B1Z184,2023-01,20
07BBBBB9977B1Z184,2023-02,27
07BBBBB9977B1Z184,2023-03,35
07BBBBB9977B1Z184,2023-04,15
07BBBBB9977B1Z184,2023-05,22
07BBBBB9977B1Z184,2023-06,39
07BBBBB5798B1Z185,2023-01,19
07BBBBB5798B1Z185,2023-02,21
07BBBBB5798B1Z185,2023-03,31
07BBBBB5798B1Z185,2023-04,25
07BBBBB5798B1Z185,2023-05,30
07BBBBB5798B1Z185,2023-06,28
07BBBBB9096B1Z186,2023-01,16
07BBBBB9096B1Z186,2023-02,10
07BBBBB9096B1Z186,2023-03,20
07BBBBB9096B1Z186,2023-04,13
07BBBBB9096B1Z186,2023-05,40
07BBBBB9096B1Z186,2023-06,32
07BBBBB3466B1Z187,2023-01,12
07BBBBB3466B1Z187,2023-02,29
07BBBBB3466B1Z187,2023-03,10
07BBBBB3466B1Z187,2023-04,12
07BBBBB3466B1Z187,2023-05,12
07BBBBB3466B1Z187,2023-06,21
07BBBBB4265B1Z188,2023-01,16
07BBBBB4265B1Z188,2023-02,35
07BBBBB4265B1Z188,2023-03,39
07BBBBB4265B1Z188,2023-04,13
07BBBBB4265B1Z188,2023-05,39
07BBBBB4265B1Z188,2023-06,34
07BBBBB2465B1Z189,2023-01,16
07BBBBB2465B1Z189,2023-02,18
07BBBBB2465B1Z189,2023-03,20
07BBBBB2465B1Z189,2023-04,26
07BBBBB2465B1Z189,2023-05,21
07BBBBB2465B1Z189,2023-06,14
07BBBBB7144B1Z190,2023-01,24
07BBBBB7144B1Z190,2023-02,30
07BBBBB7144B1Z190,2023-03,36
07BBBBB7144B1Z190,2023-04,30
07BBBBB7144B1Z190,2023-05,32
07BBBBB7144B1Z190,2023-06,18
07BBBBB6651B1Z191,2023-01,34
07BBBBB6651B1Z191,2023-02,13
07BBBBB6651B1Z191,2023-03,40
07BBBBB6651B1Z191,2023-04,10
07BBBBB6651B1Z191,2023-05,33
07BBBBB6651B1Z191,2023-06,38
07BBBBB4657B1Z192,2023-01,17
07BBBBB4657B1Z192,2023-02,37
07BBBBB4657B1Z192,2023-03,21
07BBBBB4657B1Z192,2023-04,28
07BBBBB4657B1Z192,2023-05,14
07BBBBB4657B1Z192,2023-06,25
07BBBBB8784B1Z193,2023-01,20
07BBBBB8784B1Z193,2023-02,26
07BBBBB8784B1Z193,2023-03,28
07BBBBB8784B1Z193,2023-04,21
07BBBBB8784B1Z193,2023-05,12
07BBBBB8784B1Z193,2023-06,20
07BBBBB7949B1Z194,2023-01,28
07BBBBB7949B1Z194,2023-02,33
07BBBBB7949B1Z194,2023-03,35
07BBBBB7949B1Z194,2023-04,17
07BBBBB7949B1Z194,2023-05,31
07BBBBB7949B1Z194,2023-06,13
07BBBBB5790B1Z195,2023-01,40
07BBBBB5790B1Z195,2023-02,34
07BBBBB5790B1Z195,2023-03,20
07BBBBB5790B1Z195,2023-04,24
07BBBBB5790B1Z195,2023-05,17
07BBBBB5790B1Z195,2023-06,22
07BBBBB3240B1Z196,2023-01,36
07BBBBB3240B1Z196,2023-02,12
07BBBBB3240B1Z196,2023-03,36
07BBBBB3240B1Z196,2023-04,15
07BBBBB3240B1Z196,2023-05,22
07BBBBB3240B1Z196,2023-06,34
07BBBBB3646B1Z197,2023-01,38
07BBBBB3646B1Z197,2023-02,12
07BBBBB3646B1Z197,2023-03,14
07BBBBB3646B1Z197,2023-04,22
07BBBBB3646B1Z197,2023-05,18
07BBBBB3646B1Z197,2023-06,22
07BBBBB1734B1Z198,2023-01,29
07BBBBB1734B1Z198,2023-02,14
07BBBBB1734B1Z198,2023-03,32
07BBBBB1734B1Z198,2023-04,38
07BBBBB1734B1Z198,2023-05,25
07BBBBB1734B1Z198,2023-06,34
07BBBBB3812B1Z199,2023-01,15
07BBBBB3812B1Z199,2023-02,31
07BBBBB3812B1Z199,2023-03,11
07BBBBB3812B1Z199,2023-04,26
07BBBBB3812B1Z199,2023-05,11
07BBBBB3812B1Z199,2023-06,40
07BBBBB5362B1Z200,2023-01,12
07BBBBB5362B1Z200,2023-02,22
07BBBBB5362B1Z200,2023-03,40
07BBBBB5362B1Z200,2023-04,33
07BBBBB5362B1Z200,2023-05,22
07BBBBB5362B1Z200,2023-06,23
07BBBBB5500B1Z201,2023-01,37
07BBBBB5500B1Z201,2023-02,18
07BBBBB5500B1Z201,2023-03,15
07BBBBB5500B1Z201,2023-04,28
07BBBBB5500B1Z201,2023-05,32
07BBBBB5500B1Z201,2023-06,13
07BBBBB1720B1Z202,2023-01,39
07BBBBB1720B1Z202,2023-02,16
07BBBBB1720B1Z202,2023-03,17
07BBBBB1720B1Z202,2023-04,21
07BBBBB1720B1Z202,2023-05,40
07BBBBB1720B1Z202,2023-06,33
07BBBBB2169B1Z203,2023-01,24
07BBBBB2169B1Z203,2023-02,14
07BBBBB2169B1Z203,2023-03,22
07BBBBB2169B1Z203,2023-04,29
07BBBBB2169B1Z203,2023-05,28
07BBBBB2169B1Z203,2023-06,10
07BBBBB9720B1Z204,2023-01,38
07BBBBB9720B1Z204,2023-02,13
07BBBBB9720B1Z204,2023-03,31
07BBBBB9720B1Z204,2023-04,23
07BBBBB9720B1Z204,2023-05,31
07BBBBB9720B1Z204,2023-06,31
07BBBBB3059B1Z205,2023-01,39
07BBBBB3059B1Z205,2023-02,11
07BBBBB3059B1Z205,2023-03,28
07BBBBB3059B1Z205,2023-04,19
07BBBBB3059B1Z205,2023-05,24
07BBBBB3059B1Z205,2023-06,19
07BBBBB8234B1Z206,2023-01,14
07BBBBB8234B1Z206,2023-02,25
07BBBBB8234B1Z206,2023-03,34
07BBBBB8234B1Z206,2023-04,21
07BBBBB8234B1Z206,2023-05,22
07BBBBB8234B1Z206,2023-06,36
07BBBBB7821B1Z207,2023-01,14
07BBBBB7821B1Z207,2023-02,27
07BBBBB7821B1Z207,2023-03,19
07BBBBB7821B1Z207,2023-04,29
07BBBBB7821B1Z207,2023-05,24
07BBBBB7821B1Z207,2023-06,11
07BBBBB3900B1Z208,2023-01,27
07BBBBB3900B1Z208,2023-02,35
07BBBBB3900B1Z208,2023-03,17
07BBBBB3900B1Z208,2023-04,29
07BBBBB3900B1Z208,2023-05,19
07BBBBB3900B1Z208,2023-06,29
07BBBBB6879B1Z209,2023-01,21
07BBBBB6879B1Z209,2023-02,12
07BBBBB6879B1Z209,2023-03,32
07BBBBB6879B1Z209,2023-04,26
07BBBBB6879B1Z209,2023-05,14
07BBBBB6879B1Z209,2023-06,16
07BBBBB6279B1Z210,2023-01,32
07BBBBB6279B1Z210,2023-02,16
07BBBBB6279B1Z210,2023-03,33
07BBBBB6279B1Z210,2023-04,27
07BBBBB6279B1Z210,2023-05,26
07BBBBB6279B1Z210,2023-06,11
07BBBBB4256B1Z211,2023-01,39
07BBBBB4256B1Z211,2023-02,20
07BBBBB4256B1Z211,2023-03,32
07BBBBB4256B1Z211,2023-04,19
07BBBBB4256B1Z211,2023-05,27
07BBBBB4256B1Z211,2023-06,34
07BBBBB4090B1Z212,2023-01,18
07BBBBB4090B1Z212,2023-02,30
07BBBBB4090B1Z212,2023-03,40
07BBBBB4090B1Z212,2023-04,13
07BBBBB4090B1Z212,2023-05,25
07BBBBB4090B1Z212,2023-06,37
07BBBBB1628B1Z213,2023-01,10
07BBBBB1628B1Z213,2023-02,21
07BBBBB1628B1Z213,2023-03,27
07BBBBB1628B1Z213,2023-04,20
07BBBBB1628B1Z213,2023-05,10
07BBBBB1628B1Z213,2023-06,32
07BBBBB9690B1Z214,2023-01,29
07BBBBB9690B1Z214,2023-02,12
07BBBBB9690B1Z214,2023-03,12
07BBBBB9690B1Z214,2023-04,14
07BBBBB9690B1Z214,2023-05,35
07BBBBB9690B1Z214,2023-06,29
07BBBBB7503B1Z215,2023-01,27
07BBBBB7503B1Z215,2023-02,37
07BBBBB7503B1Z215,2023-03,34
07BBBBB7503B1Z215,2023-04,22
07BBBBB7503B1Z215,2023-05,17
07BBBBB7503B1Z215,2023-06,11
07BBBBB7054B1Z216,2023-01,22
07BBBBB7054B1Z216,2023-02,40
07BBBBB7054B1Z216,2023-03,21
07BBBBB7054B1Z216,2023-04,21
07BBBBB7054B1Z216,2023-05,23
07BBBBB7054B1Z216,2023-06,36
07BBBBB2036B1Z217,2023-01,23
07BBBBB2036B1Z217,2023-02,12
07BBBBB2036B1Z217,2023-03,38
07BBBBB2036B1Z217,2023-04,18
07BBBBB2036B1Z217,2023-05,29
07BBBBB2036B1Z217,2023-06,15
07BBBBB5287B1Z218,2023-01,22
07BBBBB5287B1Z218,2023-02,26
07BBBBB5287B1Z218,2023-03,29
07BBBBB5287B1Z218,2023-04,15
07BBBBB5287B1Z218,2023-05,11
07BBBBB5287B1Z218,2023-06,25
07BBBBB6542B1Z219,2023-01,40
07BBBBB6542B1Z219,2023-02,16
07BBBBB6542B1Z219,2023-03,21
07BBBBB6542B1Z219,2023-04,15
07BBBBB6542B1Z219,2023-05,23
07BBBBB6542B1Z219,2023-06,18
07BBBBB5892B1Z220,2023-01,28
07BBBBB5892B1Z220,2023-02,39
07BBBBB5892B1Z220,2023-03,35
07BBBBB5892B1Z220,2023-04,35
07BBBBB5892B1Z220,2023-05,34
07BBBBB5892B1Z220,2023-06,33
07BBBBB3340B1Z221,2023-01,32
07BBBBB3340B1Z221,2023-02,22
07BBBBB3340B1Z221,2023-03,15
07BBBBB3340B1Z221,2023-04,27
07BBBBB3340B1Z221,2023-05,36
07BBBBB3340B1Z221,2023-06,22
07BBBBB4324B1Z222,2023-01,21
07BBBBB4324B1Z222,2023-02,26
07BBBBB4324B1Z222,2023-03,32
07BBBBB4324B1Z222,2023-04,20
07BBBBB4324B1Z222,2023-05,19
07BBBBB4324B1Z222,2023-06,27
07BBBBB5365B1Z223,2023-01,33
07BBBBB5365B1Z223,2023-02,31
07BBBBB5365B1Z223,2023-03,39
07BBBBB5365B1Z223,2023-04,12
07BBBBB5365B1Z223,2023-05,28
07BBBBB5365B1Z223,2023-06,17
07BBBBB6881B1Z224,2023-01,14
07BBBBB6881B1Z224,2023-02,23
07BBBBB6881B1Z224,2023-03,11
07BBBBB6881B1Z224,2023-04,14
07BBBBB6881B1Z224,2023-05,24
07BBBBB6881B1Z224,2023-06,26
07BBBBB2529B1Z225,2023-01,31
07BBBBB2529B1Z225,2023-02,34
07BBBBB2529B1Z225,2023-03,37
07BBBBB2529B1Z225,2023-04,17
07BBBBB2529B1Z225,2023-05,16
07BBBBB2529B1Z225,2023-06,40
07BBBBB1466B1Z226,2023-01,30
07BBBBB1466B1Z226,2023-02,19
07BBBBB1466B1Z226,2023-03,18
07BBBBB1466B1Z226,2023-04,34
07BBBBB1466B1Z226,2023-05,21
07BBBBB1466B1Z226,2023-06,22
07BBBBB3095B1Z227,2023-01,16
07BBBBB3095B1Z227,2023-02,11
07BBBBB3095B1Z227,2023-03,35
07BBBBB3095B1Z227,2023-04,24
07BBBBB3095B1Z227,2023-05,25
07BBBBB3095B1Z227,2023-06,25
07BBBBB9701B1Z228,2023-01,17
07BBBBB9701B1Z228,2023-02,19
07BBBBB9701B1Z228,2023-03,16
07BBBBB9701B1Z228,2023-04,13
07BBBBB9701B1Z228,2023-05,10
07BBBBB9701B1Z228,2023-06,40
07BBBBB4826B1Z229,2023-01,27
07BBBBB4826B1Z229,2023-02,13
07BBBBB4826B1Z229,2023-03,36
07BBBBB4826B1Z229,2023-04,37
07BBBBB4826B1Z229,2023-05,28
07BBBBB4826B1Z229,2023-06,27
07BBBBB5865B1Z230,2023-01,21
07BBBBB5865B1Z230,2023-02,37
07BBBBB5865B1Z230,2023-03,22
07BBBBB5865B1Z230,2023-04,35
07BBBBB5865B1Z230,2023-05,38
07BBBBB5865B1Z230,2023-06,15
07BBBBB6840B1Z231,2023-01,26
07BBBBB6840B1Z231,2023-02,19
07BBBBB6840B1Z231,2023-03,29
07BBBBB6840B1Z231,2023-04,33
07BBBBB6840B1Z231,2023-05,31
07BBBBB6840B1Z231,2023-06,28
07BBBBB7014B1Z232,2023-01,21
07BBBBB7014B1Z232,2023-02,14
07BBBBB7014B1Z232,2023-03,22
07BBBBB7014B1Z232,2023-04,26
07BBBBB7014B1Z232,2023-05,24
07BBBBB7014B1Z232,2023-06,26
07BBBBB6646B1Z233,2023-01,36
07BBBBB6646B1Z233,2023-02,24
07BBBBB6646B1Z233,2023-03,30
07BBBBB6646B1Z233,2023-04,39
07BBBBB6646B1Z233,2023-05,17
07BBBBB6646B1Z233,2023-06,23
07BBBBB5385B1Z234,2023-01,24
07BBBBB5385B1Z234,2023-02,40
07BBBBB5385B1Z234,2023-03,33
07BBBBB5385B1Z234,2023-04,25
07BBBBB5385B1Z234,2023-05,36
07BBBBB5385B1Z234,2023-06,37
07BBBBB2259B1Z235,2023-01,27
07BBBBB2259B1Z235,2023-02,26
07BBBBB2259B1Z235,2023-03,10
07BBBBB2259B1Z235,2023-04,22
07BBBBB2259B1Z235,2023-05,27
07BBBBB2259B1Z235,2023-06,36
07BBBBB2980B1Z236,2023-01,34
07BBBBB2980B1Z236,2023-02,32
07BBBBB2980B1Z236,2023-03,18
07BBBBB2980B1Z236,2023-04,19
07BBBBB2980B1Z236,2023-05,17
07BBBBB2980B1Z236,2023-06,21
07BBBBB8570B1Z237,2023-01,30
07BBBBB8570B1Z237,2023-02,37
07BBBBB8570B1Z237,2023-03,14
07BBBBB8570B1Z237,2023-04,15
07BBBBB8570B1Z237,2023-05,38
07BBBBB8570B1Z237,2023-06,14
07BBBBB8991B1Z238,2023-01,38
07BBBBB8991B1Z238,2023-02,18
07BBBBB8991B1Z238,2023-03,35
07BBBBB8991B1Z238,2023-04,35
07BBBBB8991B1Z238,2023-05,12
07BBBBB8991B1Z238,2023-06,27
07BBBBB5838B1Z239,2023-01,32
07BBBBB5838B1Z239,2023-02,40
07BBBBB5838B1Z239,2023-03,36
07BBBBB5838B1Z239,2023-04,16
07BBBBB5838B1Z239,2023-05,36
07BBBBB5838B1Z239,2023-06,19
07BBBBB3076B1Z240,2023-01,31
07BBBBB3076B1Z240,2023-02,35
07BBBBB3076B1Z240,2023-03,26
07BBBBB3076B1Z240,2023-04,10
07BBBBB3076B1Z240,2023-05,26
07BBBBB3076B1Z240,2023-06,13
07BBBBB7063B1Z241,2023-01,11
07BBBBB7063B1Z241,2023-02,19
07BBBBB7063B1Z241,2023-03,18
07BBBBB7063B1Z241,2023-04,26
07BBBBB7063B1Z241,2023-05,38
07BBBBB7063B1Z241,2023-06,16
07BBBBB9317B1Z242,2023-01,30
07BBBBB9317B1Z242,2023-02,23
07BBBBB9317B1Z242,2023-03,33
07BBBBB9317B1Z242,2023-04,12
07BBBBB9317B1Z242,2023-05,25
07BBBBB9317B1Z242,2023-06,15
07BBBBB7979B1Z243,2023-01,30
07BBBBB7979B1Z243,2023-02,13
07BBBBB7979B1Z243,2023-03,27
07BBBBB7979B1Z243,2023-04,16
07BBBBB7979B1Z243,2023-05,40
07BBBBB7979B1Z243,2023-06,19
07BBBBB7305B1Z244,2023-01,36
07BBBBB7305B1Z244,2023-02,13
07BBBBB7305B1Z244,2023-03,10
07BBBBB7305B1Z244,2023-04,35
07BBBBB7305B1Z244,2023-05,35
07BBBBB7305B1Z244,2023-06,36
07BBBBB5128B1Z245,2023-01,20
07BBBBB5128B1Z245,2023-02,11
07BBBBB5128B1Z245,2023-03,25
07BBBBB5128B1Z245,2023-04,36
07BBBBB5128B1Z245,2023-05,22
07BBBBB5128B1Z245,2023-06,39
07BBBBB2829B1Z246,2023-01,29
07BBBBB2829B1Z246,2023-02,16
07BBBBB2829B1Z246,2023-03,27
07BBBBB2829B1Z246,2023-04,37
07BBBBB2829B1Z246,2023-05,20
07BBBBB2829B1Z246,2023-06,21
07BBBBB1727B1Z247,2023-01,11
07BBBBB1727B1Z247,2023-02,26
07BBBBB1727B1Z247,2023-03,15
07BBBBB1727B1Z247,2023-04,15
07BBBBB1727B1Z247,2023-05,36
07BBBBB1727B1Z247,2023-06,32
07BBBBB1145B1Z248,2023-01,25
07BBBBB1145B1Z248,2023-02,37
07BBBBB1145B1Z248,2023-03,21
07BBBBB1145B1Z248,2023-04,16
07BBBBB1145B1Z248,2023-05,21
07BBBBB1145B1Z248,2023-06,34
07BBBBB9094B1Z249,2023-01,15
07BBBBB9094B1Z249,2023-02,15
07BBBBB9094B1Z249,2023-03,19
07BBBBB9094B1Z249,2023-04,34
07BBBBB9094B1Z249,2023-05,23
07BBBBB9094B1Z249,2023-06,30
07BBBBB2526B1Z250,2023-01,11
07BBBBB2526B1Z250,2023-02,24
07BBBBB2526B1Z250,2023-03,28
07BBBBB2526B1Z250,2023-04,11
07BBBBB2526B1Z250,2023-05,33
07BBBBB2526B1Z250,2023-06,32
07BBBBB9658B1Z251,2023-01,39
07BBBBB9658B1Z251,2023-02,33
07BBBBB9658B1Z251,2023-03,16
07BBBBB9658B1Z251,2023-04,24
07BBBBB9658B1Z251,2023-05,29
07BBBBB9658B1Z251,2023-06,18
07BBBBB3189B1Z252,2023-01,24
07BBBBB3189B1Z252,2023-02,31
07BBBBB3189B1Z252,2023-03,16
07BBBBB3189B1Z252,2023-04,22
07BBBBB3189B1Z252,2023-05,24
07BBBBB3189B1Z252,2023-06,11
07BBBBB9438B1Z253,2023-01,17
07BBBBB9438B1Z253,2023-02,21
07BBBBB9438B1Z253,2023-03,26
07BBBBB9438B1Z253,2023-04,39
07BBBBB9438B1Z253,2023-05,30
07BBBBB9438B1Z253,2023-06,40
07BBBBB4916B1Z254,2023-01,17
07BBBBB4916B1Z254,2023-02,31
07BBBBB4916B1Z254,2023-03,27
07BBBBB4916B1Z254,2023-04,28
07BBBBB4916B1Z254,2023-05,33
07BBBBB4916B1Z254,2023-06,34
07BBBBB1722B1Z255,2023-01,24
07BBBBB1722B1Z255,2023-02,31
07BBBBB1722B1Z255,2023-03,20
07BBBBB1722B1Z255,2023-04,27
07BBBBB1722B1Z255,2023-05,15
07BBBBB1722B1Z255,2023-06,30
07BBBBB8056B1Z256,2023-01,19
07BBBBB8056B1Z256,2023-02,23
07BBBBB8056B1Z256,2023-03,19
07BBBBB8056B1Z256,2023-04,14
07BBBBB8056B1Z256,2023-05,13
07BBBBB8056B1Z256,2023-06,12
07BBBBB4823B1Z257,2023-01,24
07BBBBB4823B1Z257,2023-02,25
07BBBBB4823B1Z257,2023-03,17
07BBBBB4823B1Z257,2023-04,25
07BBBBB4823B1Z257,2023-05,18
07BBBBB4823B1Z257,2023-06,27
07BBBBB1792B1Z258,2023-01,34
07BBBBB1792B1Z258,2023-02,13
07BBBBB1792B1Z258,2023-03,12
07BBBBB1792B1Z258,2023-04,21
07BBBBB1792B1Z258,2023-05,23
07BBBBB1792B1Z258,2023-06,25
07BBBBB4692B1Z259,2023-01,25
07BBBBB4692B1Z259,2023-02,24
07BBBBB4692B1Z259,2023-03,38
07BBBBB4692B1Z259,2023-04,13
07BBBBB4692B1Z259,2023-05,16
07BBBBB4692B1Z259,2023-06,12
07BBBBB2083B1Z260,2023-01,18
07BBBBB2083B1Z260,2023-02,24
07BBBBB2083B1Z260,2023-03,27
07BBBBB2083B1Z260,2023-04,15
07BBBBB2083B1Z260,2023-05,28
07BBBBB2083B1Z260,2023-06,17
07BBBBB4325B1Z261,2023-01,14
07BBBBB4325B1Z261,2023-02,35
07BBBBB4325B1Z261,2023-03,31
07BBBBB4325B1Z261,2023-04,23
07BBBBB4325B1Z261,2023-05,22
07BBBBB4325B1Z261,2023-06,35
07BBBBB2227B1Z262,2023-01,34
07BBBBB2227B1Z262,2023-02,27
07BBBBB2227B1Z262,2023-03,14
07BBBBB2227B1Z262,2023-04,26
07BBBBB2227B1Z262,2023-05,13
07BBBBB2227B1Z262,2023-06,21
07BBBBB7925B1Z263,2023-01,14
07BBBBB7925B1Z263,2023-02,39
07BBBBB7925B1Z263,2023-03,18
07BBBBB7925B1Z263,2023-04,12
07BBBBB7925B1Z263,2023-05,40
07BBBBB7925B1Z263,2023-06,37
07BBBBB4283B1Z264,2023-01,34
07BBBBB4283B1Z264,2023-02,13
07BBBBB4283B1Z264,2023-03,14
07BBBBB4283B1Z264,2023-04,32
07BBBBB4283B1Z264,2023-05,33
07BBBBB4283B1Z264,2023-06,10
07BBBBB1159B1Z265,2023-01,14
07BBBBB1159B1Z265,2023-02,37
07BBBBB1159B1Z265,2023-03,15
07BBBBB1159B1Z265,2023-04,30
07BBBBB1159B1Z265,2023-05,11
07BBBBB1159B1Z265,2023-06,12
07BBBBB3871B1Z266,2023-01,31
07BBBBB3871B1Z266,2023-02,23
07BBBBB3871B1Z266,2023-03,19
07BBBBB3871B1Z266,2023-04,40
07BBBBB3871B1Z266,2023-05,20
07BBBBB3871B1Z266,2023-06,14
07BBBBB9495B1Z267,2023-01,35
07BBBBB9495B1Z267,2023-02,18
07BBBBB9495B1Z267,2023-03,20
07BBBBB9495B1Z267,2023-04,14
07BBBBB9495B1Z267,2023-05,26
07BBBBB9495B1Z267,2023-06,10
07BBBBB2723B1Z268,2023-01,25
07BBBBB2723B1Z268,2023-02,19
07BBBBB2723B1Z268,2023-03,20
07BBBBB2723B1Z268,2023-04,30
07BBBBB2723B1Z268,2023-05,15
07BBBBB2723B1Z268,2023-06,36
07BBBBB6442B1Z269,2023-01,39
07BBBBB6442B1Z269,2023-02,38
07BBBBB6442B1Z269,2023-03,16
07BBBBB6442B1Z269,2023-04,29
07BBBBB6442B1Z269,2023-05,32
07BBBBB6442B1Z269,2023-06,17
07BBBBB2722B1Z270,2023-01,18
07BBBBB2722B1Z270,2023-02,34
07BBBBB2722B1Z270,2023-03,36
07BBBBB2722B1Z270,2023-04,39
07BBBBB2722B1Z270,2023-05,34
07BBBBB2722B1Z270,2023-06,10
07BBBBB9506B1Z271,2023-01,10
07BBBBB9506B1Z271,2023-02,29
07BBBBB9506B1Z271,2023-03,23
07BBBBB9506B1Z271,2023-04,10
07BBBBB9506B1Z271,2023-05,20
07BBBBB9506B1Z271,2023-06,19
07BBBBB1795B1Z272,2023-01,32
07BBBBB1795B1Z272,2023-02,13
07BBBBB1795B1Z272,2023-03,17
07BBBBB1795B1Z272,2023-04,34
07BBBBB1795B1Z272,2023-05,27
07BBBBB1795B1Z272,2023-06,21
07BBBBB8955B1Z273,2023-01,38
07BBBBB8955B1Z273,2023-02,18
07BBBBB8955B1Z273,2023-03,32
07BBBBB8955B1Z273,2023-04,11
07BBBBB8955B1Z273,2023-05,33
07BBBBB8955B1Z273,2023-06,21
07BBBBB2123B1Z274,2023-01,18
07BBBBB2123B1Z274,2023-02,13
07BBBBB2123B1Z274,2023-03,11
07BBBBB2123B1Z274,2023-04,15
07BBBBB2123B1Z274,2023-05,16
07BBBBB2123B1Z274,2023-06,13
07BBBBB1681B1Z275,2023-01,40
07BBBBB1681B1Z275,2023-02,28
07BBBBB1681B1Z275,2023-03,37
07BBBBB1681B1Z275,2023-04,21
07BBBBB1681B1Z275,2023-05,19
07BBBBB1681B1Z275,2023-06,40
07BBBBB8489B1Z276,2023-01,16
07BBBBB8489B1Z276,2023-02,39
07BBBBB8489B1Z276,2023-03,27
07BBBBB8489B1Z276,2023-04,34
07BBBBB8489B1Z276,2023-05,27
07BBBBB8489B1Z276,2023-06,28
07BBBBB4424B1Z277,2023-01,13
07BBBBB4424B1Z277,2023-02,18
07BBBBB4424B1Z277,2023-03,24
07BBBBB4424B1Z277,2023-04,13
07BBBBB4424B1Z277,2023-05,24
07BBBBB4424B1Z277,2023-06,29
07BBBBB7149B1Z278,2023-01,12
07BBBBB7149B1Z278,2023-02,26
07BBBBB7149B1Z278,2023-03,28
07BBBBB7149B1Z278,2023-04,28
07BBBBB7149B1Z278,2023-05,28
07BBBBB7149B1Z278,2023-06,20
07BBBBB8713B1Z279,2023-01,35
07BBBBB8713B1Z279,2023-02,40
07BBBBB8713B1Z279,2023-03,36
07BBBBB8713B1Z279,2023-04,38
07BBBBB8713B1Z279,2023-05,21
07BBBBB8713B1Z279,2023-06,17
07BBBBB3150B1Z280,2023-01,37
07BBBBB3150B1Z280,2023-02,35
07BBBBB3150B1Z280,2023-03,14
07BBBBB3150B1Z280,2023-04,21
07BBBBB3150B1Z280,2023-05,40
07BBBBB3150B1Z280,2023-06,15
07BBBBB3698B1Z281,2023-01,31
07BBBBB3698B1Z281,2023-02,39
07BBBBB3698B1Z281,2023-03,23
07BBBBB3698B1Z281,2023-04,21
07BBBBB3698B1Z281,2023-05,28
07BBBBB3698B1Z281,2023-06,29
07BBBBB1713B1Z282,2023-01,19
07BBBBB1713B1Z282,2023-02,29
07BBBBB1713B1Z282,2023-03,12
07BBBBB1713B1Z282,2023-04,10
07BBBBB1713B1Z282,2023-05,22
07BBBBB1713B1Z282,2023-06,14
07BBBBB1288B1Z283,2023-01,38
07BBBBB1288B1Z283,2023-02,18
07BBBBB1288B1Z283,2023-03,13
07BBBBB1288B1Z283,2023-04,21
07BBBBB1288B1Z283,2023-05,28
07BBBBB1288B1Z283,2023-06,39
07BBBBB2316B1Z284,2023-01,40
07BBBBB2316B1Z284,2023-02,27
07BBBBB2316B1Z284,2023-03,21
07BBBBB2316B1Z284,2023-04,25
07BBBBB2316B1Z284,2023-05,32
07BBBBB2316B1Z284,2023-06,27
07BBBBB5545B1Z285,2023-01,19
07BBBBB5545B1Z285,2023-02,35
07BBBBB5545B1Z285,2023-03,17
07BBBBB5545B1Z285,2023-04,12
07BBBBB5545B1Z285,2023-05,18
07BBBBB5545B1Z285,2023-06,33
07BBBBB9740B1Z286,2023-01,35
07BBBBB9740B1Z286,2023-02,20
07BBBBB9740B1Z286,2023-03,36
07BBBBB9740B1Z286,2023-04,31
07BBBBB9740B1Z286,2023-05,11
07BBBBB9740B1Z286,2023-06,27
07BBBBB8823B1Z287,2023-01,21
07BBBBB8823B1Z287,2023-02,33
07BBBBB8823B1Z287,2023-03,30
07BBBBB8823B1Z287,2023-04,31
07BBBBB8823B1Z287,2023-05,14
07BBBBB8823B1Z287,2023-06,12
07BBBBB6536B1Z288,2023-01,16
07BBBBB6536B1Z288,2023-02,29
07BBBBB6536B1Z288,2023-03,34
07BBBBB6536B1Z288,2023-04,27
07BBBBB6536B1Z288,2023-05,10
07BBBBB6536B1Z288,2023-06,37
07BBBBB2159B1Z289,2023-01,34
07BBBBB2159B1Z289,2023-02,22
07BBBBB2159B1Z289,2023-03,37
07BBBBB2159B1Z289,2023-04,22
07BBBBB2159B1Z289,2023-05,14
07BBBBB2159B1Z289,2023-06,10
07BBBBB8430B1Z290,2023-01,29
07BBBBB8430B1Z290,2023-02,32
07BBBBB8430B1Z290,2023-03,20
07BBBBB8430B1Z290,2023-04,39
07BBBBB8430B1Z290,2023-05,29
07BBBBB8430B1Z290,2023-06,38
07BBBBB8631B1Z291,2023-01,30
07BBBBB8631B1Z291,2023-02,36
07BBBBB8631B1Z291,2023-03,21
07BBBBB8631B1Z291,2023-04,16
07BBBBB8631B1Z291,2023-05,25
07BBBBB8631B1Z291,2023-06,35
07BBBBB4325B1Z292,2023-01,29
07BBBBB4325B1Z292,2023-02,27
07BBBBB4325B1Z292,2023-03,31
07BBBBB4325B1Z292,2023-04,27
07BBBBB4325B1Z292,2023-05,36
07BBBBB4325B1Z292,2023-06,33
07BBBBB7201B1Z293,2023-01,19
07BBBBB7201B1Z293,2023-02,34
07BBBBB7201B1Z293,2023-03,32
07BBBBB7201B1Z293,2023-04,39
07BBBBB7201B1Z293,2023-05,36
07BBBBB7201B1Z293,2023-06,26
07BBBBB8250B1Z294,2023-01,34
07BBBBB8250B1Z294,2023-02,20
07BBBBB8250B1Z294,2023-03,24
07BBBBB8250B1Z294,2023-04,22
07BBBBB8250B1Z294,2023-05,28
07BBBBB8250B1Z294,2023-06,40
07BBBBB1183B1Z295,2023-01,29
07BBBBB1183B1Z295,2023-02,32
07BBBBB1183B1Z295,2023-03,40
07BBBBB1183B1Z295,2023-04,17
07BBBBB1183B1Z295,2023-05,31
07BBBBB1183B1Z295,2023-06,16
07BBBBB6301B1Z296,2023-01,23
07BBBBB6301B1Z296,2023-02,26
07BBBBB6301B1Z296,2023-03,34
07BBBBB6301B1Z296,2023-04,36
07BBBBB6301B1Z296,2023-05,38
07BBBBB6301B1Z296,2023-06,29
07BBBBB8173B1Z297,2023-01,30
07BBBBB8173B1Z297,2023-02,26
07BBBBB8173B1Z297,2023-03,40
07BBBBB8173B1Z297,2023-04,25
07BBBBB8173B1Z297,2023-05,20
07BBBBB8173B1Z297,2023-06,31
07BBBBB3013B1Z298,2023-01,33
07BBBBB3013B1Z298,2023-02,16
07BBBBB3013B1Z298,2023-03,19
07BBBBB3013B1Z298,2023-04,30
07BBBBB3013B1Z298,2023-05,20
07BBBBB3013B1Z298,2023-06,17
07BBBBB8084B1Z299,2023-01,14
07BBBBB8084B1Z299,2023-02,34
07BBBBB8084B1Z299,2023-03,16
07BBBBB8084B1Z299,2023-04,18
07BBBBB8084B1Z299,2023-05,39
07BBBBB8084B1Z299,2023-06,32
07BBBBB8798B1Z300,2023-01,16
07BBBBB8798B1Z300,2023-02,30
07BBBBB8798B1Z300,2023-03,25
07BBBBB8798B1Z300,2023-04,14
07BBBBB8798B1Z300,2023-05,18
07BBBBB8798B1Z300,2023-06,15
07BBBBB7862B1Z301,2023-01,38
07BBBBB7862B1Z301,2023-02,18
07BBBBB7862B1Z301,2023-03,18
07BBBBB7862B1Z301,2023-04,34
07BBBBB7862B1Z301,2023-05,11
07BBBBB7862B1Z301,2023-06,37
07BBBBB7103B1Z302,2023-01,40
07BBBBB7103B1Z302,2023-02,22
07BBBBB7103B1Z302,2023-03,25
07BBBBB7103B1Z302,2023-04,24
07BBBBB7103B1Z302,2023-05,33
07BBBBB7103B1Z302,2023-06,33
07BBBBB4639B1Z303,2023-01,12
07BBBBB4639B1Z303,2023-02,24
07BBBBB4639B1Z303,2023-03,10
07BBBBB4639B1Z303,2023-04,18
07BBBBB4639B1Z303,2023-05,25
07BBBBB4639B1Z303,2023-06,17
07BBBBB4845B1Z304,2023-01,23
07BBBBB4845B1Z304,2023-02,30
07BBBBB4845B1Z304,2023-03,25
07BBBBB4845B1Z304,2023-04,21
07BBBBB4845B1Z304,2023-05,13
07BBBBB4845B1Z304,2023-06,36
07BBBBB2673B1Z305,2023-01,11
07BBBBB2673B1Z305,2023-02,21
07BBBBB2673B1Z305,2023-03,21
07BBBBB2673B1Z305,2023-04,18
07BBBBB2673B1Z305,2023-05,37
07BBBBB2673B1Z305,2023-06,21
07BBBBB7116B1Z306,2023-01,20
07BBBBB7116B1Z306,2023-02,18
07BBBBB7116B1Z306,2023-03,34
07BBBBB7116B1Z306,2023-04,22
07BBBBB7116B1Z306,2023-05,15
07BBBBB7116B1Z306,2023-06,27
07BBBBB7238B1Z307,2023-01,17
07BBBBB7238B1Z307,2023-02,18
07BBBBB7238B1Z307,2023-03,31
07BBBBB7238B1Z307,2023-04,36
07BBBBB7238B1Z307,2023-05,23
07BBBBB7238B1Z307,2023-06,26
07BBBBB6638B1Z308,2023-01,39
07BBBBB6638B1Z308,2023-02,36
07BBBBB6638B1Z308,2023-03,26
07BBBBB6638B1Z308,2023-04,26
07BBBBB6638B1Z308,2023-05,36
07BBBBB6638B1Z308,2023-06,33
07BBBBB6350B1Z309,2023-01,34
07BBBBB6350B1Z309,2023-02,22
07BBBBB6350B1Z309,2023-03,33
07BBBBB6350B1Z309,2023-04,17
07BBBBB6350B1Z309,2023-05,32
07BBBBB6350B1Z309,2023-06,16
07BBBBB1067B1Z310,2023-01,20
07BBBBB1067B1Z310,2023-02,28
07BBBBB1067B1Z310,2023-03,32
07BBBBB1067B1Z310,2023-04,11
07BBBBB1067B1Z310,2023-05,19
07BBBBB1067B1Z310,2023-06,30
07BBBBB3164B1Z311,2023-01,18
07BBBBB3164B1Z311,2023-02,28
07BBBBB3164B1Z311,2023-03,36
07BBBBB3164B1Z311,2023-04,15
07BBBBB3164B1Z311,2023-05,33
07BBBBB3164B1Z311,2023-06,25
07BBBBB3020B1Z312,2023-01,19
07BBBBB3020B1Z312,2023-02,19
07BBBBB3020B1Z312,2023-03,22
07BBBBB3020B1Z312,2023-04,13
07BBBBB3020B1Z312,2023-05,11
07BBBBB3020B1Z312,2023-06,30
07BBBBB9602B1Z313,2023-01,30
07BBBBB9602B1Z313,2023-02,20
07BBBBB9602B1Z313,2023-03,29
07BBBBB9602B1Z313,2023-04,22
07BBBBB9602B1Z313,2023-05,31
07BBBBB9602B1Z313,2023-06,30
07BBBBB6391B1Z314,2023-01,37
07BBBBB6391B1Z314,2023-02,34
07BBBBB6391B1Z314,2023-03,31
07BBBBB6391B1Z314,2023-04,18
07BBBBB6391B1Z314,2023-05,16
07BBBBB6391B1Z314,2023-06,26
07BBBBB7685B1Z315,2023-01,15
07BBBBB7685B1Z315,2023-02,11
07BBBBB7685B1Z315,2023-03,37
07BBBBB7685B1Z315,2023-04,23
07BBBBB7685B1Z315,2023-05,23
07BBBBB7685B1Z315,2023-06,11
07BBBBB2605B1Z316,2023-01,10
07BBBBB2605B1Z316,2023-02,38
07BBBBB2605B1Z316,2023-03,14
07BBBBB2605B1Z316,2023-04,26
07BBBBB2605B1Z316,2023-05,19
07BBBBB2605B1Z316,2023-06,10
07BBBBB4336B1Z317,2023-01,18
07BBBBB4336B1Z317,2023-02,33
07BBBBB4336B1Z317,2023-03,32
07BBBBB4336B1Z317,2023-04,35
07BBBBB4336B1Z317,2023-05,31
07BBBBB4336B1Z317,2023-06,11
07BBBBB4633B1Z318,2023-01,28
07BBBBB4633B1Z318,2023-02,18
07BBBBB4633B1Z318,2023-03,21
07BBBBB4633B1Z318,2023-04,15
07BBBBB4633B1Z318,2023-05,38
07BBBBB4633B1Z318,2023-06,21
07BBBBB1318B1Z319,2023-01,14
07BBBBB1318B1Z319,2023-02,13
07BBBBB1318B1Z319,2023-03,15
07BBBBB1318B1Z319,2023-04,22
07BBBBB1318B1Z319,2023-05,34
07BBBBB1318B1Z319,2023-06,21
07BBBBB8200B1Z320,2023-01,22
07BBBBB8200B1Z320,2023-02,38
07BBBBB8200B1Z320,2023-03,10
07BBBBB8200B1Z320,2023-04,22
07BBBBB8200B1Z320,2023-05,33
07BBBBB8200B1Z320,2023-06,15
07BBBBB5795B1Z321,2023-01,26
07BBBBB5795B1Z321,2023-02,12
07BBBBB5795B1Z321,2023-03,35
07BBBBB5795B1Z321,2023-04,29
07BBBBB5795B1Z321,2023-05,23
07BBBBB5795B1Z321,2023-06,24
07BBBBB6853B1Z322,2023-01,29
07BBBBB6853B1Z322,2023-02,34
07BBBBB6853B1Z322,2023-03,38
07BBBBB6853B1Z322,2023-04,10
07BBBBB6853B1Z322,2023-05,22
07BBBBB6853B1Z322,2023-06,19
07BBBBB6112B1Z323,2023-01,18
07BBBBB6112B1Z323,2023-02,36
07BBBBB6112B1Z323,2023-03,32
07BBBBB6112B1Z323,2023-04,24
07BBBBB6112B1Z323,2023-05,21
07BBBBB6112B1Z323,2023-06,27
07BBBBB7606B1Z324,2023-01,18
07BBBBB7606B1Z324,2023-02,36
07BBBBB7606B1Z324,2023-03,38
07BBBBB7606B1Z324,2023-04,36
07BBBBB7606B1Z324,2023-05,32
07BBBBB7606B1Z324,2023-06,34
07BBBBB4086B1Z325,2023-01,20
07BBBBB4086B1Z325,2023-02,13
07BBBBB4086B1Z325,2023-03,20
07BBBBB4086B1Z325,2023-04,11
07BBBBB4086B1Z325,2023-05,10
07BBBBB4086B1Z325,2023-06,11
07BBBBB8584B1Z326,2023-01,34
07BBBBB8584B1Z326,2023-02,40
07BBBBB8584B1Z326,2023-03,33
07BBBBB8584B1Z326,2023-04,23
07BBBBB8584B1Z326,2023-05,20
07BBBBB8584B1Z326,2023-06,26
07BBBBB2651B1Z327,2023-01,30
07BBBBB2651B1Z327,2023-02,13
07BBBBB2651B1Z327,2023-03,39
07BBBBB2651B1Z327,2023-04,17
07BBBBB2651B1Z327,2023-05,39
07BBBBB2651B1Z327,2023-06,10
07BBBBB2017B1Z328,2023-01,24
07BBBBB2017B1Z328,2023-02,40
07BBBBB2017B1Z328,2023-03,17
07BBBBB2017B1Z328,2023-04,25
07BBBBB2017B1Z328,2023-05,19
07BBBBB2017B1Z328,2023-06,33
07BBBBB9078B1Z329,2023-01,11
07BBBBB9078B1Z329,2023-02,20
07BBBBB9078B1Z329,2023-03,27
07BBBBB9078B1Z329,2023-04,10
07BBBBB9078B1Z329,2023-05,25
07BBBBB9078B1Z329,2023-06,34
07BBBBB5594B1Z330,2023-01,13
07BBBBB5594B1Z330,2023-02,33
07BBBBB5594B1Z330,2023-03,27
07BBBBB5594B1Z330,2023-04,24
07BBBBB5594B1Z330,2023-05,19
07BBBBB5594B1Z330,2023-06,16
07BBBBB2029B1Z331,2023-01,12
07BBBBB2029B1Z331,2023-02,19
07BBBBB2029B1Z331,2023-03,29
07BBBBB2029B1Z331,2023-04,15
07BBBBB2029B1Z331,2023-05,27
07BBBBB2029B1Z331,2023-06,27
07BBBBB5569B1Z332,2023-01,20
07BBBBB5569B1Z332,2023-02,18
07BBBBB5569B1Z332,2023-03,30
07BBBBB5569B1Z332,2023-04,20
07BBBBB5569B1Z332,2023-05,11
07BBBBB5569B1Z332,2023-06,26
07BBBBB9452B1Z333,2023-01,25
07BBBBB9452B1Z333,2023-02,24
07BBBBB9452B1Z333,2023-03,31
07BBBBB9452B1Z333,2023-04,36
07BBBBB9452B1Z333,2023-05,34
07BBBBB9452B1Z333,2023-06,25
07BBBBB8156B1Z334,2023-01,26
07BBBBB8156B1Z334,2023-02,38
07BBBBB8156B1Z334,2023-03,15
07BBBBB8156B1Z334,2023-04,15
07BBBBB8156B1Z334,2023-05,13
07BBBBB8156B1Z334,2023-06,32
07BBBBB2628B1Z335,2023-01,29
07BBBBB2628B1Z335,2023-02,31
07BBBBB2628B1Z335,2023-03,10
07BBBBB2628B1Z335,2023-04,26
07BBBBB2628B1Z335,2023-05,39
07BBBBB2628B1Z335,2023-06,35
07BBBBB8243B1Z336,2023-01,31
07BBBBB8243B1Z336,2023-02,12
07BBBBB8243B1Z336,2023-03,18
07BBBBB8243B1Z336,2023-04,13
07BBBBB8243B1Z336,2023-05,40
07BBBBB8243B1Z336,2023-06,12
07BBBBB3150B1Z337,2023-01,24
07BBBBB3150B1Z337,2023-02,21
07BBBBB3150B1Z337,2023-03,21
07BBBBB3150B1Z337,2023-04,26
07BBBBB3150B1Z337,2023-05,34
07BBBBB3150B1Z337,2023-06,31
07BBBBB5531B1Z338,2023-01,23
07BBBBB5531B1Z338,2023-02,28
07BBBBB5531B1Z338,2023-03,20
07BBBBB5531B1Z338,2023-04,34
07BBBBB5531B1Z338,2023-05,20
07BBBBB5531B1Z338,2023-06,25
07BBBBB6218B1Z339,2023-01,24
07BBBBB6218B1Z339,2023-02,39
07BBBBB6218B1Z339,2023-03,25
07BBBBB6218B1Z339,2023-04,11
07BBBBB6218B1Z339,2023-05,33
07BBBBB6218B1Z339,2023-06,28
07BBBBB7325B1Z340,2023-01,39
07BBBBB7325B1Z340,2023-02,28
07BBBBB7325B1Z340,2023-03,13
07BBBBB7325B1Z340,2023-04,15
07BBBBB7325B1Z340,2023-05,23
07BBBBB7325B1Z340,2023-06,11
07BBBBB6096B1Z341,2023-01,15
07BBBBB6096B1Z341,2023-02,40
07BBBBB6096B1Z341,2023-03,12
07BBBBB6096B1Z341,2023-04,34
07BBBBB6096B1Z341,2023-05,28
07BBBBB6096B1Z341,2023-06,27
07BBBBB8684B1Z342,2023-01,17
07BBBBB8684B1Z342,2023-02,22
07BBBBB8684B1Z342,2023-03,37
07BBBBB8684B1Z342,2023-04,31
07BBBBB8684B1Z342,2023-05,11
07BBBBB8684B1Z342,2023-06,38
07BBBBB2797B1Z343,2023-01,37
07BBBBB2797B1Z343,2023-02,14
07BBBBB2797B1Z343,2023-03,10
07BBBBB2797B1Z343,2023-04,27
07BBBBB2797B1Z343,2023-05,31
07BBBBB2797B1Z343,2023-06,13
07BBBBB1039B1Z344,2023-01,18
07BBBBB1039B1Z344,2023-02,26
07BBBBB1039B1Z344,2023-03,36
07BBBBB1039B1Z344,2023-04,38
07BBBBB1039B1Z344,2023-05,17
07BBBBB1039B1Z344,2023-06,21
07BBBBB2450B1Z345,2023-01,35
07BBBBB2450B1Z345,2023-02,10
07BBBBB2450B1Z345,2023-03,40
07BBBBB2450B1Z345,2023-04,13
07BBBBB2450B1Z345,2023-05,20
07BBBBB2450B1Z345,2023-06,28
07BBBBB5082B1Z346,2023-01,19
07BBBBB5082B1Z346,2023-02,32
07BBBBB5082B1Z346,2023-03,40
07BBBBB5082B1Z346,2023-04,24
07BBBBB5082B1Z346,2023-05,22
07BBBBB5082B1Z346,2023-06,20
07BBBBB3812B1Z347,2023-01,15
07BBBBB3812B1Z347,2023-02,16
07BBBBB3812B1Z347,2023-03,12
07BBBBB3812B1Z347,2023-04,36
07BBBBB3812B1Z347,2023-05,28
07BBBBB3812B1Z347,2023-06,37
07BBBBB3762B1Z348,2023-01,23
07BBBBB3762B1Z348,2023-02,37
07BBBBB3762B1Z348,2023-03,10
07BBBBB3762B1Z348,2023-04,26
07BBBBB3762B1Z348,2023-05,11
07BBBBB3762B1Z348,2023-06,25
07BBBBB9855B1Z349,2023-01,26
07BBBBB9855B1Z349,2023-02,33
07BBBBB9855B1Z349,2023-03,10
07BBBBB9855B1Z349,2023-04,25
07BBBBB9855B1Z349,2023-05,27
07BBBBB9855B1Z349,2023-06,31
07BBBBB2233B1Z350,2023-01,12
07BBBBB2233B1Z350,2023-02,26
07BBBBB2233B1Z350,2023-03,11
07BBBBB2233B1Z350,2023-04,23
07BBBBB2233B1Z350,2023-05,26
07BBBBB2233B1Z350,2023-06,15
07BBBBB8545B1Z351,2023-01,37
07BBBBB8545B1Z351,2023-02,22
07BBBBB8545B1Z351,2023-03,22
07BBBBB8545B1Z351,2023-04,38
07BBBBB8545B1Z351,2023-05,19
07BBBBB8545B1Z351,2023-06,16
07BBBBB2812B1Z352,2023-01,28
07BBBBB2812B1Z352,2023-02,34
07BBBBB2812B1Z352,2023-03,17
07BBBBB2812B1Z352,2023-04,40
07BBBBB2812B1Z352,2023-05,20
07BBBBB2812B1Z352,2023-06,15
07BBBBB5970B1Z353,2023-01,39
07BBBBB5970B1Z353,2023-02,27
07BBBBB5970B1Z353,2023-03,27
07BBBBB5970B1Z353,2023-04,30
07BBBBB5970B1Z353,2023-05,25
07BBBBB5970B1Z353,2023-06,28
07BBBBB2942B1Z354,2023-01,34
07BBBBB2942B1Z354,2023-02,35
07BBBBB2942B1Z354,2023-03,37
07BBBBB2942B1Z354,2023-04,26
07BBBBB2942B1Z354,2023-05,37
07BBBBB2942B1Z354,2023-06,13
07BBBBB9206B1Z355,2023-01,26
07BBBBB9206B1Z355,2023-02,10
07BBBBB9206B1Z355,2023-03,34
07BBBBB9206B1Z355,2023-04,29
07BBBBB9206B1Z355,2023-05,28
07BBBBB9206B1Z355,2023-06,22
07BBBBB8022B1Z356,2023-01,27
07BBBBB8022B1Z356,2023-02,36
07BBBBB8022B1Z356,2023-03,33
07BBBBB8022B1Z356,2023-04,27
07BBBBB8022B1Z356,2023-05,19
07BBBBB8022B1Z356,2023-06,16
07BBBBB8224B1Z357,2023-01,39
07BBBBB8224B1Z357,2023-02,34
07BBBBB8224B1Z357,2023-03,19
07BBBBB8224B1Z357,2023-04,17
07BBBBB8224B1Z357,2023-05,37
07BBBBB8224B1Z357,2023-06,27
07BBBBB5812B1Z358,2023-01,28
07BBBBB5812B1Z358,2023-02,31
07BBBBB5812B1Z358,2023-03,37
07BBBBB5812B1Z358,2023-04,34
07BBBBB5812B1Z358,2023-05,23
07BBBBB5812B1Z358,2023-06,33
07BBBBB9416B1Z359,2023-01,15
07BBBBB9416B1Z359,2023-02,22
07BBBBB9416B1Z359,2023-03,29
07BBBBB9416B1Z359,2023-04,39
07BBBBB9416B1Z359,2023-05,36
07BBBBB9416B1Z359,2023-06,30
07BBBBB5933B1Z360,2023-01,30
07BBBBB5933B1Z360,2023-02,12
07BBBBB5933B1Z360,2023-03,15
07BBBBB5933B1Z360,2023-04,25
07BBBBB5933B1Z360,2023-05,28
07BBBBB5933B1Z360,2023-06,12
07BBBBB9330B1Z361,2023-01,10
07BBBBB9330B1Z361,2023-02,25
07BBBBB9330B1Z361,2023-03,30
07BBBBB9330B1Z361,2023-04,38
07BBBBB9330B1Z361,2023-05,23
07BBBBB9330B1Z361,2023-06,20
07BBBBB9122B1Z362,2023-01,19
07BBBBB9122B1Z362,2023-02,20
07BBBBB9122B1Z362,2023-03,28
07BBBBB9122B1Z362,2023-04,31
07BBBBB9122B1Z362,2023-05,37
07BBBBB9122B1Z362,2023-06,23
07BBBBB1969B1Z363,2023-01,30
07BBBBB1969B1Z363,2023-02,10
07BBBBB1969B1Z363,2023-03,25
07BBBBB1969B1Z363,2023-04,21
07BBBBB1969B1Z363,2023-05,11
07BBBBB1969B1Z363,2023-06,18
07BBBBB2004B1Z364,2023-01,14
07BBBBB2004B1Z364,2023-02,33
07BBBBB2004B1Z364,2023-03,23
07BBBBB2004B1Z364,2023-04,19
07BBBBB2004B1Z364,2023-05,38
07BBBBB2004B1Z364,2023-06,16
07BBBBB9958B1Z365,2023-01,40
07BBBBB9958B1Z365,2023-02,12
07BBBBB9958B1Z365,2023-03,36
07BBBBB9958B1Z365,2023-04,37
07BBBBB9958B1Z365,2023-05,20
07BBBBB9958B1Z365,2023-06,31
07BBBBB2942B1Z366,2023-01,36
07BBBBB2942B1Z366,2023-02,34
07BBBBB2942B1Z366,2023-03,34
07BBBBB2942B1Z366,2023-04,37
07BBBBB2942B1Z366,2023-05,33
07BBBBB2942B1Z366,2023-06,33
07BBBBB8125B1Z367,2023-01,13
07BBBBB8125B1Z367,2023-02,26
07BBBBB8125B1Z367,2023-03,10
07BBBBB8125B1Z367,2023-04,37
07BBBBB8125B1Z367,2023-05,30
07BBBBB8125B1Z367,2023-06,26
07BBBBB2380B1Z368,2023-01,39
07BBBBB2380B1Z368,2023-02,13
07BBBBB2380B1Z368,2023-03,40
07BBBBB2380B1Z368,2023-04,14
07BBBBB2380B1Z368,2023-05,20
07BBBBB2380B1Z368,2023-06,40
07BBBBB6341B1Z369,2023-01,11
07BBBBB6341B1Z369,2023-02,37
07BBBBB6341B1Z369,2023-03,21
07BBBBB6341B1Z369,2023-04,40
07BBBBB6341B1Z369,2023-05,30
07BBBBB6341B1Z369,2023-06,29
07BBBBB5633B1Z370,2023-01,12
07BBBBB5633B1Z370,2023-02,18
07BBBBB5633B1Z370,2023-03,35
07BBBBB5633B1Z370,2023-04,34
07BBBBB5633B1Z370,2023-05,16
07BBBBB5633B1Z370,2023-06,15
07BBBBB3492B1Z371,2023-01,34
07BBBBB3492B1Z371,2023-02,26
07BBBBB3492B1Z371,2023-03,36
07BBBBB3492B1Z371,2023-04,18
07BBBBB3492B1Z371,2023-05,14
07BBBBB3492B1Z371,2023-06,24
07BBBBB6851B1Z372,2023-01,27
07BBBBB6851B1Z372,2023-02,24
07BBBBB6851B1Z372,2023-03,38
07BBBBB6851B1Z372,2023-04,19
07BBBBB6851B1Z372,2023-05,36
07BBBBB6851B1Z372,2023-06,16
07BBBBB2688B1Z373,2023-01,25
07BBBBB2688B1Z373,2023-02,30
07BBBBB2688B1Z373,2023-03,11
07BBBBB2688B1Z373,2023-04,18
07BBBBB2688B1Z373,2023-05,29
07BBBBB2688B1Z373,2023-06,33
07BBBBB9703B1Z374,2023-01,18
07BBBBB9703B1Z374,2023-02,39
07BBBBB9703B1Z374,2023-03,10
07BBBBB9703B1Z374,2023-04,29
07BBBBB9703B1Z374,2023-05,20
07BBBBB9703B1Z374,2023-06,35
07BBBBB9128B1Z375,2023-01,26
07BBBBB9128B1Z375,2023-02,18
07BBBBB9128B1Z375,2023-03,39
07BBBBB9128B1Z375,2023-04,17
07BBBBB9128B1Z375,2023-05,23
07BBBBB9128B1Z375,2023-06,15
07BBBBB6677B1Z376,2023-01,15
07BBBBB6677B1Z376,2023-02,36
07BBBBB6677B1Z376,2023-03,35
07BBBBB6677B1Z376,2023-04,40
07BBBBB6677B1Z376,2023-05,22
07BBBBB6677B1Z376,2023-06,14
07BBBBB2050B1Z377,2023-01,12
07BBBBB2050B1Z377,2023-02,35
07BBBBB2050B1Z377,2023-03,13
07BBBBB2050B1Z377,2023-04,24
07BBBBB2050B1Z377,2023-05,14
07BBBBB2050B1Z377,2023-06,24
07BBBBB6087B1Z378,2023-01,26
07BBBBB6087B1Z378,2023-02,16
07BBBBB6087B1Z378,2023-03,15
07BBBBB6087B1Z378,2023-04,26
07BBBBB6087B1Z378,2023-05,16
07BBBBB6087B1Z378,2023-06,23
07BBBBB1355B1Z379,2023-01,28
07BBBBB1355B1Z379,2023-02,29
07BBBBB1355B1Z379,2023-03,17
07BBBBB1355B1Z379,2023-04,19
07BBBBB1355B1Z379,2023-05,32
07BBBBB1355B1Z379,2023-06,19
07BBBBB8917B1Z380,2023-01,20
07BBBBB8917B1Z380,2023-02,25
07BBBBB8917B1Z380,2023-03,23
07BBBBB8917B1Z380,2023-04,18
07BBBBB8917B1Z380,2023-05,35
07BBBBB8917B1Z380,2023-06,36
07BBBBB5012B1Z381,2023-01,26
07BBBBB5012B1Z381,2023-02,23
07BBBBB5012B1Z381,2023-03,35
07BBBBB5012B1Z381,2023-04,15
07BBBBB5012B1Z381,2023-05,39
07BBBBB5012B1Z381,2023-06,37
07BBBBB5908B1Z382,2023-01,33
07BBBBB5908B1Z382,2023-02,20
07BBBBB5908B1Z382,2023-03,35
07BBBBB5908B1Z382,2023-04,23
07BBBBB5908B1Z382,2023-05,23
07BBBBB5908B1Z382,2023-06,32
07BBBBB7595B1Z383,2023-01,14
07BBBBB7595B1Z383,2023-02,31
07BBBBB7595B1Z383,2023-03,38
07BBBBB7595B1Z383,2023-04,11
07BBBBB7595B1Z383,2023-05,24
07BBBBB7595B1Z383,2023-06,40
07BBBBB1303B1Z384,2023-01,34
07BBBBB1303B1Z384,2023-02,38
07BBBBB1303B1Z384,2023-03,36
07BBBBB1303B1Z384,2023-04,22
07BBBBB1303B1Z384,2023-05,20
07BBBBB1303B1Z384,2023-06,33
07BBBBB3037B1Z385,2023-01,14
07BBBBB3037B1Z385,2023-02,20
07BBBBB3037B1Z385,2023-03,25
07BBBBB3037B1Z385,2023-04,26
07BBBBB3037B1Z385,2023-05,22
07BBBBB3037B1Z385,2023-06,16
07BBBBB1400B1Z386,2023-01,21
07BBBBB1400B1Z386,2023-02,11
07BBBBB1400B1Z386,2023-03,37
07BBBBB1400B1Z386,2023-04,11
07BBBBB1400B1Z386,2023-05,10
07BBBBB1400B1Z386,2023-06,40
07BBBBB6886B1Z387,2023-01,33
07BBBBB6886B1Z387,2023-02,36
07BBBBB6886B1Z387,2023-03,30
07BBBBB6886B1Z387,2023-04,18
07BBBBB6886B1Z387,2023-05,33
07BBBBB6886B1Z387,2023-06,37
07BBBBB1881B1Z388,2023-01,28
07BBBBB1881B1Z388,2023-02,34
07BBBBB1881B1Z388,2023-03,18
07BBBBB1881B1Z388,2023-04,26
07BBBBB1881B1Z388,2023-05,37
07BBBBB1881B1Z388,2023-06,23
07BBBBB5682B1Z389,2023-01,18
07BBBBB5682B1Z389,2023-02,26
07BBBBB5682B1Z389,2023-03,23
07BBBBB5682B1Z389,2023-04,16
07BBBBB5682B1Z389,2023-05,23
07BBBBB5682B1Z389,2023-06,37
07BBBBB5954B1Z390,2023-01,27
07BBBBB5954B1Z390,2023-02,26
07BBBBB5954B1Z390,2023-03,39
07BBBBB5954B1Z390,2023-04,12
07BBBBB5954B1Z390,2023-05,18
07BBBBB5954B1Z390,2023-06,23
07BBBBB5425B1Z391,2023-01,24
07BBBBB5425B1Z391,2023-02,35
07BBBBB5425B1Z391,2023-03,36
07BBBBB5425B1Z391,2023-04,13
07BBBBB5425B1Z391,2023-05,36
07BBBBB5425B1Z391,2023-06,27
07BBBBB3708B1Z392,2023-01,26
07BBBBB3708B1Z392,2023-02,19
07BBBBB3708B1Z392,2023-03,21
07BBBBB3708B1Z392,2023-04,11
07BBBBB3708B1Z392,2023-05,26
07BBBBB3708B1Z392,2023-06,23
07BBBBB6431B1Z393,2023-01,21
07BBBBB6431B1Z393,2023-02,13
07BBBBB6431B1Z393,2023-03,26
07BBBBB6431B1Z393,2023-04,30
07BBBBB6431B1Z393,2023-05,20
07BBBBB6431B1Z393,2023-06,40
07BBBBB6129B1Z394,2023-01,12
07BBBBB6129B1Z394,2023-02,24
07BBBBB6129B1Z394,2023-03,28
07BBBBB6129B1Z394,2023-04,16
07BBBBB6129B1Z394,2023-05,32
07BBBBB6129B1Z394,2023-06,14
07BBBBB7075B1Z395,2023-01,24
07BBBBB7075B1Z395,2023-02,11
07BBBBB7075B1Z395,2023-03,30
07BBBBB7075B1Z395,2023-04,20
07BBBBB7075B1Z395,2023-05,37
07BBBBB7075B1Z395,2023-06,14
07BBBBB9968B1Z396,2023-01,30
07BBBBB9968B1Z396,2023-02,36
07BBBBB9968B1Z396,2023-03,21
07BBBBB9968B1Z396,2023-04,23
07BBBBB9968B1Z396,2023-05,40
07BBBBB9968B1Z396,2023-06,12
07BBBBB2551B1Z397,2023-01,13
07BBBBB2551B1Z397,2023-02,11
07BBBBB2551B1Z397,2023-03,40
07BBBBB2551B1Z397,2023-04,23
07BBBBB2551B1Z397,2023-05,16
07BBBBB2551B1Z397,2023-06,37
07BBBBB2831B1Z398,2023-01,40
07BBBBB2831B1Z398,2023-02,18
07BBBBB2831B1Z398,2023-03,33
07BBBBB2831B1Z398,2023-04,25
07BBBBB2831B1Z398,2023-05,24
07BBBBB2831B1Z398,2023-06,14
07BBBBB7446B1Z399,2023-01,13
07BBBBB7446B1Z399,2023-02,26
07BBBBB7446B1Z399,2023-03,22
07BBBBB7446B1Z399,2023-04,32
07BBBBB7446B1Z399,2023-05,30
07BBBBB7446B1Z399,2023-06,32
07BBBBB7801B1Z400,2023-01,33
07BBBBB7801B1Z400,2023-02,16
07BBBBB7801B1Z400,2023-03,26
07BBBBB7801B1Z400,2023-04,32
07BBBBB7801B1Z400,2023-05,28
07BBBBB7801B1Z400,2023-06,23
07BBBBB7026B1Z401,2023-01,18
07BBBBB7026B1Z401,2023-02,24
07BBBBB7026B1Z401,2023-03,28
07BBBBB7026B1Z401,2023-04,30
07BBBBB7026B1Z401,2023-05,31
07BBBBB7026B1Z401,2023-06,16
07BBBBB1019B1Z402,2023-01,13
07BBBBB1019B1Z402,2023-02,13
07BBBBB1019B1Z402,2023-03,36
07BBBBB1019B1Z402,2023-04,26
07BBBBB1019B1Z402,2023-05,21
07BBBBB1019B1Z402,2023-06,27
07BBBBB4251B1Z403,2023-01,29
07BBBBB4251B1Z403,2023-02,26
07BBBBB4251B1Z403,2023-03,39
07BBBBB4251B1Z403,2023-04,18
07BBBBB4251B1Z403,2023-05,28
07BBBBB4251B1Z403,2023-06,28
07BBBBB5650B1Z404,2023-01,37
07BBBBB5650B1Z404,2023-02,30
07BBBBB5650B1Z404,2023-03,18
07BBBBB5650B1Z404,2023-04,22
07BBBBB5650B1Z404,2023-05,12
07BBBBB5650B1Z404,2023-06,36
07BBBBB6919B1Z405,2023-01,22
07BBBBB6919B1Z405,2023-02,13
07BBBBB6919B1Z405,2023-03,24
07BBBBB6919B1Z405,2023-04,29
07BBBBB6919B1Z405,2023-05,21
07BBBBB6919B1Z405,2023-06,10
07BBBBB9268B1Z406,2023-01,20
07BBBBB9268B1Z406,2023-02,15
07BBBBB9268B1Z406,2023-03,10
07BBBBB9268B1Z406,2023-04,36
07BBBBB9268B1Z406,2023-05,27
07BBBBB9268B1Z406,2023-06,24
07BBBBB8883B1Z407,2023-01,40
07BBBBB8883B1Z407,2023-02,11
07BBBBB8883B1Z407,2023-03,29
07BBBBB8883B1Z407,2023-04,21
07BBBBB8883B1Z407,2023-05,22
07BBBBB8883B1Z407,2023-06,20
07BBBBB9296B1Z408,2023-01,26
07BBBBB9296B1Z408,2023-02,39
07BBBBB9296B1Z408,2023-03,40
07BBBBB9296B1Z408,2023-04,35
07BBBBB9296B1Z408,2023-05,11
07BBBBB9296B1Z408,2023-06,35
07BBBBB4924B1Z409,2023-01,11
07BBBBB4924B1Z409,2023-02,13
07BBBBB4924B1Z409,2023-03,40
07BBBBB4924B1Z409,2023-04,32
07BBBBB4924B1Z409,2023-05,14
07BBBBB4924B1Z409,2023-06,36
07BBBBB5245B1Z410,2023-01,35
07BBBBB5245B1Z410,2023-02,38
07BBBBB5245B1Z410,2023-03,17
07BBBBB5245B1Z410,2023-04,20
07BBBBB5245B1Z410,2023-05,35
07BBBBB5245B1Z410,2023-06,15
07BBBBB8656B1Z411,2023-01,10
07BBBBB8656B1Z411,2023-02,28
07BBBBB8656B1Z411,2023-03,29
07BBBBB8656B1Z411,2023-04,38
07BBBBB8656B1Z411,2023-05,17
07BBBBB8656B1Z411,2023-06,40
07BBBBB6649B1Z412,2023-01,32
07BBBBB6649B1Z412,2023-02,39
07BBBBB6649B1Z412,2023-03,24
07BBBBB6649B1Z412,2023-04,13
07BBBBB6649B1Z412,2023-05,21
07BBBBB6649B1Z412,2023-06,21
07BBBBB7084B1Z413,2023-01,10
07BBBBB7084B1Z413,2023-02,34
07BBBBB7084B1Z413,2023-03,20
07BBBBB7084B1Z413,2023-04,10
07BBBBB7084B1Z413,2023-05,12
07BBBBB7084B1Z413,2023-06,10
07BBBBB5857B1Z414,2023-01,15
07BBBBB5857B1Z414,2023-02,30
07BBBBB5857B1Z414,2023-03,25
07BBBBB5857B1Z414,2023-04,15
07BBBBB5857B1Z414,2023-05,25
07BBBBB5857B1Z414,2023-06,37
07BBBBB3363B1Z415,2023-01,22
07BBBBB3363B1Z415,2023-02,31
07BBBBB3363B1Z415,2023-03,33
07BBBBB3363B1Z415,2023-04,16
07BBBBB3363B1Z415,2023-05,31
07BBBBB3363B1Z415,2023-06,18
07BBBBB8019B1Z416,2023-01,16
07BBBBB8019B1Z416,2023-02,15
07BBBBB8019B1Z416,2023-03,31
07BBBBB8019B1Z416,2023-04,18
07BBBBB8019B1Z416,2023-05,14
07BBBBB8019B1Z416,2023-06,25
07BBBBB4813B1Z417,2023-01,18
07BBBBB4813B1Z417,2023-02,18
07BBBBB4813B1Z417,2023-03,32
07BBBBB4813B1Z417,2023-04,16
07BBBBB4813B1Z417,2023-05,17
07BBBBB4813B1Z417,2023-06,33
07BBBBB9760B1Z418,2023-01,27
07BBBBB9760B1Z418,2023-02,16
07BBBBB9760B1Z418,2023-03,29
07BBBBB9760B1Z418,2023-04,36
07BBBBB9760B1Z418,2023-05,13
07BBBBB9760B1Z418,2023-06,20
07BBBBB1374B1Z419,2023-01,18
07BBBBB1374B1Z419,2023-02,32
07BBBBB1374B1Z419,2023-03,32
07BBBBB1374B1Z419,2023-04,30
07BBBBB1374B1Z419,2023-05,19
07BBBBB1374B1Z419,2023-06,33
07BBBBB4234B1Z420,2023-01,28
07BBBBB4234B1Z420,2023-02,24
07BBBBB4234B1Z420,2023-03,13
07BBBBB4234B1Z420,2023-04,24
07BBBBB4234B1Z420,2023-05,13
07BBBBB4234B1Z420,2023-06,20
07BBBBB7514B1Z421,2023-01,20
07BBBBB7514B1Z421,2023-02,15
07BBBBB7514B1Z421,2023-03,13
07BBBBB7514B1Z421,2023-04,20
07BBBBB7514B1Z421,2023-05,34
07BBBBB7514B1Z421,2023-06,24
07BBBBB6284B1Z422,2023-01,35
07BBBBB6284B1Z422,2023-02,32
07BBBBB6284B1Z422,2023-03,22
07BBBBB6284B1Z422,2023-04,30
07BBBBB6284B1Z422,2023-05,37
07BBBBB6284B1Z422,2023-06,13
07BBBBB1083B1Z423,2023-01,31
07BBBBB1083B1Z423,2023-02,30
07BBBBB1083B1Z423,2023-03,22
07BBBBB1083B1Z423,2023-04,24
07BBBBB1083B1Z423,2023-05,40
07BBBBB1083B1Z423,2023-06,22
07BBBBB3562B1Z424,2023-01,15
07BBBBB3562B1Z424,2023-02,24
07BBBBB3562B1Z424,2023-03,15
07BBBBB3562B1Z424,2023-04,33
07BBBBB3562B1Z424,2023-05,13
07BBBBB3562B1Z424,2023-06,35
07BBBBB5207B1Z425,2023-01,18
07BBBBB5207B1Z425,2023-02,15
07BBBBB5207B1Z425,2023-03,11
07BBBBB5207B1Z425,2023-04,38
07BBBBB5207B1Z425,2023-05,15
07BBBBB5207B1Z425,2023-06,38
07BBBBB9864B1Z426,2023-01,27
07BBBBB9864B1Z426,2023-02,39
07BBBBB9864B1Z426,2023-03,34
07BBBBB9864B1Z426,2023-04,19
07BBBBB9864B1Z426,2023-05,13
07BBBBB9864B1Z426,2023-06,19
07BBBBB3122B1Z427,2023-01,17
07BBBBB3122B1Z427,2023-02,11
07BBBBB3122B1Z427,2023-03,40
07BBBBB3122B1Z427,2023-04,16
07BBBBB3122B1Z427,2023-05,37
07BBBBB3122B1Z427,2023-06,23
07BBBBB2978B1Z428,2023-01,31
07BBBBB2978B1Z428,2023-02,22
07BBBBB2978B1Z428,2023-03,30
07BBBBB2978B1Z428,2023-04,33
07BBBBB2978B1Z428,2023-05,21
07BBBBB2978B1Z428,2023-06,25
07BBBBB7728B1Z429,2023-01,35
07BBBBB7728B1Z429,2023-02,35
07BBBBB7728B1Z429,2023-03,10
07BBBBB7728B1Z429,2023-04,29
07BBBBB7728B1Z429,2023-05,26
07BBBBB7728B1Z429,2023-06,24
07BBBBB5711B1Z430,2023-01,10
07BBBBB5711B1Z430,2023-02,37
07BBBBB5711B1Z430,2023-03,25
07BBBBB5711B1Z430,2023-04,23
07BBBBB5711B1Z430,2023-05,32
07BBBBB5711B1Z430,2023-06,31
07BBBBB8691B1Z431,2023-01,16
07BBBBB8691B1Z431,2023-02,19
07BBBBB8691B1Z431,2023-03,17
07BBBBB8691B1Z431,2023-04,19
07BBBBB8691B1Z431,2023-05,33
07BBBBB8691B1Z431,2023-06,18
07BBBBB7985B1Z432,2023-01,39
07BBBBB7985B1Z432,2023-02,30
07BBBBB7985B1Z432,2023-03,34
07BBBBB7985B1Z432,2023-04,25
07BBBBB7985B1Z432,2023-05,14
07BBBBB7985B1Z432,2023-06,35
07BBBBB4912B1Z433,2023-01,15
07BBBBB4912B1Z433,2023-02,11
07BBBBB4912B1Z433,2023-03,22
07BBBBB4912B1Z433,2023-04,20
07BBBBB4912B1Z433,2023-05,20
07BBBBB4912B1Z433,2023-06,14
07BBBBB8103B1Z434,2023-01,39
07BBBBB8103B1Z434,2023-02,19
07BBBBB8103B1Z434,2023-03,23
07BBBBB8103B1Z434,2023-04,24
07BBBBB8103B1Z434,2023-05,14
07BBBBB8103B1Z434,2023-06,36
07BBBBB9536B1Z435,2023-01,19
07BBBBB9536B1Z435,2023-02,10
07BBBBB9536B1Z435,2023-03,17
07BBBBB9536B1Z435,2023-04,35
07BBBBB9536B1Z435,2023-05,39
07BBBBB9536B1Z435,2023-06,36
07BBBBB9688B1Z436,2023-01,24
07BBBBB9688B1Z436,2023-02,14
07BBBBB9688B1Z436,2023-03,13
07BBBBB9688B1Z436,2023-04,30
07BBBBB9688B1Z436,2023-05,23
07BBBBB9688B1Z436,2023-06,30
07BBBBB8471B1Z437,2023-01,13
07BBBBB8471B1Z437,2023-02,23
07BBBBB8471B1Z437,2023-03,31
07BBBBB8471B1Z437,2023-04,10
07BBBBB8471B1Z437,2023-05,39
07BBBBB8471B1Z437,2023-06,20
07BBBBB4388B1Z438,2023-01,22
07BBBBB4388B1Z438,2023-02,38
07BBBBB4388B1Z438,2023-03,30
07BBBBB4388B1Z438,2023-04,23
07BBBBB4388B1Z438,2023-05,22
07BBBBB4388B1Z438,2023-06,37
07BBBBB9963B1Z439,2023-01,28
07BBBBB9963B1Z439,2023-02,12
07BBBBB9963B1Z439,2023-03,27
07BBBBB9963B1Z439,2023-04,17
07BBBBB9963B1Z439,2023-05,34
07BBBBB9963B1Z439,2023-06,11
07BBBBB9254B1Z440,2023-01,17
07BBBBB9254B1Z440,2023-02,14
07BBBBB9254B1Z440,2023-03,31
07BBBBB9254B1Z440,2023-04,36
07BBBBB9254B1Z440,2023-05,21
07BBBBB9254B1Z440,2023-06,38
07BBBBB1268B1Z441,2023-01,30
07BBBBB1268B1Z441,2023-02,23
07BBBBB1268B1Z441,2023-03,12
07BBBBB1268B1Z441,2023-04,18
07BBBBB1268B1Z441,2023-05,12
07BBBBB1268B1Z441,2023-06,14
07BBBBB8784B1Z442,2023-01,23
07BBBBB8784B1Z442,2023-02,25
07BBBBB8784B1Z442,2023-03,37
07BBBBB8784B1Z442,2023-04,18
07BBBBB8784B1Z442,2023-05,16
07BBBBB8784B1Z442,2023-06,25
07BBBBB5190B1Z443,2023-01,19
07BBBBB5190B1Z443,2023-02,29
07BBBBB5190B1Z443,2023-03,40
07BBBBB5190B1Z443,2023-04,36
07BBBBB5190B1Z443,2023-05,25
07BBBBB5190B1Z443,2023-06,29
07BBBBB1141B1Z444,2023-01,24
07BBBBB1141B1Z444,2023-02,34
07BBBBB1141B1Z444,2023-03,12
07BBBBB1141B1Z444,2023-04,18
07BBBBB1141B1Z444,2023-05,14
07BBBBB1141B1Z444,2023-06,16
07BBBBB8777B1Z445,2023-01,23
07BBBBB8777B1Z445,2023-02,37
07BBBBB8777B1Z445,2023-03,35
07BBBBB8777B1Z445,2023-04,18
07BBBBB8777B1Z445,2023-05,10
07BBBBB8777B1Z445,2023-06,25
07BBBBB4803B1Z446,2023-01,28
07BBBBB4803B1Z446,2023-02,10
07BBBBB4803B1Z446,2023-03,34
07BBBBB4803B1Z446,2023-04,11
07BBBBB4803B1Z446,2023-05,34
07BBBBB4803B1Z446,2023-06,17
07BBBBB8966B1Z447,2023-01,16
07BBBBB8966B1Z447,2023-02,31
07BBBBB8966B1Z447,2023-03,17
07BBBBB8966B1Z447,2023-04,21
07BBBBB8966B1Z447,2023-05,22
07BBBBB8966B1Z447,2023-06,40
07BBBBB1009B1Z448,2023-01,38
07BBBBB1009B1Z448,2023-02,27
07BBBBB1009B1Z448,2023-03,15
07BBBBB1009B1Z448,2023-04,19
07BBBBB1009B1Z448,2023-05,25
07BBBBB1009B1Z448,2023-06,22
07BBBBB1498B1Z449,2023-01,21
07BBBBB1498B1Z449,2023-02,14
07BBBBB1498B1Z449,2023-03,18
07BBBBB1498B1Z449,2023-04,39
07BBBBB1498B1Z449,2023-05,24
07BBBBB1498B1Z449,2023-06,32
07BBBBB4424B1Z450,2023-01,39
07BBBBB4424B1Z450,2023-02,12
07BBBBB4424B1Z450,2023-03,18
07BBBBB4424B1Z450,2023-04,28
07BBBBB4424B1Z450,2023-05,29
07BBBBB4424B1Z450,2023-06,24
07BBBBB5535B1Z451,2023-01,35
07BBBBB5535B1Z451,2023-02,29
07BBBBB5535B1Z451,2023-03,29
07BBBBB5535B1Z451,2023-04,18
07BBBBB5535B1Z451,2023-05,33
07BBBBB5535B1Z451,2023-06,33
07BBBBB2827B1Z452,2023-01,24
07BBBBB2827B1Z452,2023-02,17
07BBBBB2827B1Z452,2023-03,10
07BBBBB2827B1Z452,2023-04,15
07BBBBB2827B1Z452,2023-05,31
07BBBBB2827B1Z452,2023-06,28
07BBBBB8011B1Z453,2023-01,21
07BBBBB8011B1Z453,2023-02,18
07BBBBB8011B1Z453,2023-03,39
07BBBBB8011B1Z453,2023-04,18
07BBBBB8011B1Z453,2023-05,16
07BBBBB8011B1Z453,2023-06,34
07BBBBB3158B1Z454,2023-01,34
07BBBBB3158B1Z454,2023-02,24
07BBBBB3158B1Z454,2023-03,10
07BBBBB3158B1Z454,2023-04,20
07BBBBB3158B1Z454,2023-05,24
07BBBBB3158B1Z454,2023-06,12
07BBBBB6250B1Z455,2023-01,11
07BBBBB6250B1Z455,2023-02,24
07BBBBB6250B1Z455,2023-03,27
07BBBBB6250B1Z455,2023-04,12
07BBBBB6250B1Z455,2023-05,19
07BBBBB6250B1Z455,2023-06,39
07BBBBB7057B1Z456,2023-01,22
07BBBBB7057B1Z456,2023-02,29
07BBBBB7057B1Z456,2023-03,18
07BBBBB7057B1Z456,2023-04,26
07BBBBB7057B1Z456,2023-05,20
07BBBBB7057B1Z456,2023-06,10
07BBBBB2980B1Z457,2023-01,34
07BBBBB2980B1Z457,2023-02,17
07BBBBB2980B1Z457,2023-03,19
07BBBBB2980B1Z457,2023-04,11
07BBBBB2980B1Z457,2023-05,25
07BBBBB2980B1Z457,2023-06,18
07BBBBB3025B1Z458,2023-01,25
07BBBBB3025B1Z458,2023-02,10
07BBBBB3025B1Z458,2023-03,28
07BBBBB3025B1Z458,2023-04,16
07BBBBB3025B1Z458,2023-05,26
07BBBBB3025B1Z458,2023-06,28
07BBBBB2928B1Z459,2023-01,27
07BBBBB2928B1Z459,2023-02,17
07BBBBB2928B1Z459,2023-03,33
07BBBBB2928B1Z459,2023-04,29
07BBBBB2928B1Z459,2023-05,23
07BBBBB2928B1Z459,2023-06,13
07BBBBB5095B1Z460,2023-01,26
07BBBBB5095B1Z460,2023-02,24
07BBBBB5095B1Z460,2023-03,36
07BBBBB5095B1Z460,2023-04,14
07BBBBB5095B1Z460,2023-05,21
07BBBBB5095B1Z460,2023-06,19
07BBBBB5092B1Z461,2023-01,10
07BBBBB5092B1Z461,2023-02,31
07BBBBB5092B1Z461,2023-03,18
07BBBBB5092B1Z461,2023-04,13
07BBBBB5092B1Z461,2023-05,17
07BBBBB5092B1Z461,2023-06,16
07BBBBB3016B1Z462,2023-01,40
07BBBBB3016B1Z462,2023-02,26
07BBBBB3016B1Z462,2023-03,15
07BBBBB3016B1Z462,2023-04,31
07BBBBB3016B1Z462,2023-05,34
07BBBBB3016B1Z462,2023-06,17
07BBBBB2367B1Z463,2023-01,21
07BBBBB2367B1Z463,2023-02,30
07BBBBB2367B1Z463,2023-03,34
07BBBBB2367B1Z463,2023-04,34
07BBBBB2367B1Z463,2023-05,32
07BBBBB2367B1Z463,2023-06,29
07BBBBB1309B1Z464,2023-01,30
07BBBBB1309B1Z464,2023-02,39
07BBBBB1309B1Z464,2023-03,34
07BBBBB1309B1Z464,2023-04,18
07BBBBB1309B1Z464,2023-05,39
07BBBBB1309B1Z464,2023-06,19
07BBBBB3766B1Z465,2023-01,25
07BBBBB3766B1Z465,2023-02,33
07BBBBB3766B1Z465,2023-03,34
07BBBBB3766B1Z465,2023-04,15
07BBBBB3766B1Z465,2023-05,36
07BBBBB3766B1Z465,2023-06,13
07BBBBB9613B1Z466,2023-01,32
07BBBBB9613B1Z466,2023-02,31
07BBBBB9613B1Z466,2023-03,23
07BBBBB9613B1Z466,2023-04,38
07BBBBB9613B1Z466,2023-05,33
07BBBBB9613B1Z466,2023-06,25
07BBBBB2877B1Z467,2023-01,36
07BBBBB2877B1Z467,2023-02,30
07BBBBB2877B1Z467,2023-03,36
07BBBBB2877B1Z467,2023-04,15
07BBBBB2877B1Z467,2023-05,33
07BBBBB2877B1Z467,2023-06,38
07BBBBB7927B1Z468,2023-01,15
07BBBBB7927B1Z468,2023-02,37
07BBBBB7927B1Z468,2023-03,14
07BBBBB7927B1Z468,2023-04,21
07BBBBB7927B1Z468,2023-05,27
07BBBBB7927B1Z468,2023-06,23
07BBBBB5662B1Z469,2023-01,10
07BBBBB5662B1Z469,2023-02,10
07BBBBB5662B1Z469,2023-03,23
07BBBBB5662B1Z469,2023-04,31
07BBBBB5662B1Z469,2023-05,28
07BBBBB5662B1Z469,2023-06,24
07BBBBB6405B1Z470,2023-01,15
07BBBBB6405B1Z470,2023-02,33
07BBBBB6405B1Z470,2023-03,34
07BBBBB6405B1Z470,2023-04,37
07BBBBB6405B1Z470,2023-05,12
07BBBBB6405B1Z470,2023-06,17
07BBBBB8654B1Z471,2023-01,35
07BBBBB8654B1Z471,2023-02,32
07BBBBB8654B1Z471,2023-03,15
07BBBBB8654B1Z471,2023-04,40
07BBBBB8654B1Z471,2023-05,31
07BBBBB8654B1Z471,2023-06,30
07BBBBB7024B1Z472,2023-01,17
07BBBBB7024B1Z472,2023-02,11
07BBBBB7024B1Z472,2023-03,31
07BBBBB7024B1Z472,2023-04,16
07BBBBB7024B1Z472,2023-05,25
07BBBBB7024B1Z472,2023-06,33
07BBBBB8854B1Z473,2023-01,30
07BBBBB8854B1Z473,2023-02,34
07BBBBB8854B1Z473,2023-03,13
07BBBBB8854B1Z473,2023-04,26
07BBBBB8854B1Z473,2023-05,11
07BBBBB8854B1Z473,2023-06,39
07BBBBB1105B1Z474,2023-01,39
07BBBBB1105B1Z474,2023-02,38
07BBBBB1105B1Z474,2023-03,13
07BBBBB1105B1Z474,2023-04,33
07BBBBB1105B1Z474,2023-05,18
07BBBBB1105B1Z474,2023-06,24
07BBBBB5752B1Z475,2023-01,11
07BBBBB5752B1Z475,2023-02,18
07BBBBB5752B1Z475,2023-03,28
07BBBBB5752B1Z475,2023-04,37
07BBBBB5752B1Z475,2023-05,25
07BBBBB5752B1Z475,2023-06,11
07BBBBB4299B1Z476,2023-01,33
07BBBBB4299B1Z476,2023-02,32
07BBBBB4299B1Z476,2023-03,21
07BBBBB4299B1Z476,2023-04,32
07BBBBB4299B1Z476,2023-05,37
07BBBBB4299B1Z476,2023-06,18
07BBBBB5525B1Z477,2023-01,37
07BBBBB5525B1Z477,2023-02,28
07BBBBB5525B1Z477,2023-03,31
07BBBBB5525B1Z477,2023-04,36
07BBBBB5525B1Z477,2023-05,36
07BBBBB5525B1Z477,2023-06,26
07BBBBB7057B1Z478,2023-01,38
07BBBBB7057B1Z478,2023-02,36
07BBBBB7057B1Z478,2023-03,12
07BBBBB7057B1Z478,2023-04,18
07BBBBB7057B1Z478,2023-05,21
07BBBBB7057B1Z478,2023-06,37
07BBBBB9335B1Z479,2023-01,28
07BBBBB9335B1Z479,2023-02,18
07BBBBB9335B1Z479,2023-03,18
07BBBBB9335B1Z479,2023-04,35
07BBBBB9335B1Z479,2023-05,11
07BBBBB9335B1Z479,2023-06,20
07BBBBB3631B1Z480,2023-01,28
07BBBBB3631B1Z480,2023-02,11
07BBBBB3631B1Z480,2023-03,31
07BBBBB3631B1Z480,2023-04,36
07BBBBB3631B1Z480,2023-05,10
07BBBBB3631B1Z480,2023-06,28
07BBBBB7776B1Z481,2023-01,23
07BBBBB7776B1Z481,2023-02,23
07BBBBB7776B1Z481,2023-03,29
07BBBBB7776B1Z481,2023-04,11
07BBBBB7776B1Z481,2023-05,36
07BBBBB7776B1Z481,2023-06,32
07BBBBB9351B1Z482,2023-01,28
07BBBBB9351B1Z482,2023-02,18
07BBBBB9351B1Z482,2023-03,32
07BBBBB9351B1Z482,2023-04,40
07BBBBB9351B1Z482,2023-05,23
07BBBBB9351B1Z482,2023-06,33
07BBBBB1959B1Z483,2023-01,16
07BBBBB1959B1Z483,2023-02,31
07BBBBB1959B1Z483,2023-03,18
07BBBBB1959B1Z483,2023-04,38
07BBBBB1959B1Z483,2023-05,34
07BBBBB1959B1Z483,2023-06,15
07BBBBB3565B1Z484,2023-01,12
07BBBBB3565B1Z484,2023-02,25
07BBBBB3565B1Z484,2023-03,13
07BBBBB3565B1Z484,2023-04,29
07BBBBB3565B1Z484,2023-05,18
07BBBBB3565B1Z484,2023-06,37
07BBBBB4697B1Z485,2023-01,20
07BBBBB4697B1Z485,2023-02,34
07BBBBB4697B1Z485,2023-03,34
07BBBBB4697B1Z485,2023-04,33
07BBBBB4697B1Z485,2023-05,27
07BBBBB4697B1Z485,2023-06,19
07BBBBB6030B1Z486,2023-01,21
07BBBBB6030B1Z486,2023-02,28
07BBBBB6030B1Z486,2023-03,23
07BBBBB6030B1Z486,2023-04,30
07BBBBB6030B1Z486,2023-05,18
07BBBBB6030B1Z486,2023-06,27
07BBBBB8689B1Z487,2023-01,30
07BBBBB8689B1Z487,2023-02,29
07BBBBB8689B1Z487,2023-03,29
07BBBBB8689B1Z487,2023-04,21
07BBBBB8689B1Z487,2023-05,20
07BBBBB8689B1Z487,2023-06,38
07BBBBB5182B1Z488,2023-01,16
07BBBBB5182B1Z488,2023-02,24
07BBBBB5182B1Z488,2023-03,29
07BBBBB5182B1Z488,2023-04,21
07BBBBB5182B1Z488,2023-05,38
07BBBBB5182B1Z488,2023-06,22
07BBBBB9395B1Z489,2023-01,16
07BBBBB9395B1Z489,2023-02,22
07BBBBB9395B1Z489,2023-03,22
07BBBBB9395B1Z489,2023-04,12
07BBBBB9395B1Z489,2023-05,16
07BBBBB9395B1Z489,2023-06,32
07BBBBB9739B1Z490,2023-01,16
07BBBBB9739B1Z490,2023-02,23
07BBBBB9739B1Z490,2023-03,17
07BBBBB9739B1Z490,2023-04,17
07BBBBB9739B1Z490,2023-05,18
07BBBBB9739B1Z490,2023-06,18
07BBBBB4896B1Z491,2023-01,27
07BBBBB4896B1Z491,2023-02,17
07BBBBB4896B1Z491,2023-03,11
07BBBBB4896B1Z491,2023-04,38
07BBBBB4896B1Z491,2023-05,31
07BBBBB4896B1Z491,2023-06,21
07BBBBB5575B1Z492,2023-01,37
07BBBBB5575B1Z492,2023-02,16
07BBBBB5575B1Z492,2023-03,24
07BBBBB5575B1Z492,2023-04,28
07BBBBB5575B1Z492,2023-05,24
07BBBBB5575B1Z492,2023-06,13
07BBBBB7487B1Z493,2023-01,28
07BBBBB7487B1Z493,2023-02,11
07BBBBB7487B1Z493,2023-03,25
07BBBBB7487B1Z493,2023-04,36
07BBBBB7487B1Z493,2023-05,23
07BBBBB7487B1Z493,2023-06,29
07BBBBB7283B1Z494,2023-01,29
07BBBBB7283B1Z494,2023-02,17
07BBBBB7283B1Z494,2023-03,37
07BBBBB7283B1Z494,2023-04,32
07BBBBB7283B1Z494,2023-05,32
07BBBBB7283B1Z494,2023-06,20
07BBBBB4561B1Z495,2023-01,37
07BBBBB4561B1Z495,2023-02,13
07BBBBB4561B1Z495,2023-03,22
07BBBBB4561B1Z495,2023-04,11
07BBBBB4561B1Z495,2023-05,16
07BBBBB4561B1Z495,2023-06,29
07BBBBB7941B1Z496,2023-01,20
07BBBBB7941B1Z496,2023-02,40
07BBBBB7941B1Z496,2023-03,40
07BBBBB7941B1Z496,2023-04,22
07BBBBB7941B1Z496,2023-05,17
07BBBBB7941B1Z496,2023-06,30
07BBBBB5482B1Z497,2023-01,13
07BBBBB5482B1Z497,2023-02,26
07BBBBB5482B1Z497,2023-03,17
07BBBBB5482B1Z497,2023-04,12
07BBBBB5482B1Z497,2023-05,30
07BBBBB5482B1Z497,2023-06,35
07BBBBB1539B1Z498,2023-01,18
07BBBBB1539B1Z498,2023-02,21
07BBBBB1539B1Z498,2023-03,11
07BBBBB1539B1Z498,2023-04,21
07BBBBB1539B1Z498,2023-05,13
07BBBBB1539B1Z498,2023-06,32
07BBBBB2404B1Z499,2023-01,29
07BBBBB2404B1Z499,2023-02,17
07BBBBB2404B1Z499,2023-03,11
07BBBBB2404B1Z499,2023-04,40
07BBBBB2404B1Z499,2023-05,25
07BBBBB2404B1Z499,2023-06,14
11ABCDE3573F1Z0,2023-01,1
11ABCDE3573F1Z0,2023-02,4
11ABCDE3573F1Z0,2023-03,-3
11ABCDE3573F1Z0,2023-04,-2
11ABCDE3573F1Z0,2023-05,-3
11ABCDE3573F1Z0,2023-06,5
33ABCDE6274F1Z1,2023-01,-4
33ABCDE6274F1Z1,2023-02,3
33ABCDE6274F1Z1,2023-03,0
33ABCDE6274F1Z1,2023-04,1
33ABCDE6274F1Z1,2023-05,-2
33ABCDE6274F1Z1,2023-06,-4
18ABCDE1814F1Z2,2023-01,-4
18ABCDE1814F1Z2,2023-02,-1
18ABCDE1814F1Z2,2023-03,-4
18ABCDE1814F1Z2,2023-04,5
18ABCDE1814F1Z2,2023-05,2
18ABCDE1814F1Z2,2023-06,-1
22ABCDE6648F1Z3,2023-01,4
22ABCDE6648F1Z3,2023-02,5
22ABCDE6648F1Z3,2023-03,5
22ABCDE6648F1Z3,2023-04,4
22ABCDE6648F1Z3,2023-05,-1
22ABCDE6648F1Z3,2023-06,5
14ABCDE8703F1Z4,2023-01,3
14ABCDE8703F1Z4,2023-02,-5
14ABCDE8703F1Z4,2023-03,5
14ABCDE8703F1Z4,2023-04,-1
14ABCDE8703F1Z4,2023-05,3
14ABCDE8703F1Z4,2023-06,3
20ABCDE8432F1Z5,2023-01,-1
20ABCDE8432F1Z5,2023-02,-2
20ABCDE8432F1Z5,2023-03,-1
20ABCDE8432F1Z5,2023-04,-1
20ABCDE8432F1Z5,2023-05,-3
20ABCDE8432F1Z5,2023-06,-1
27ABCDE2814F1Z6,2023-01,2
27ABCDE2814F1Z6,2023-02,5
27ABCDE2814F1Z6,2023-03,-1
27ABCDE2814F1Z6,2023-04,1
27ABCDE2814F1Z6,2023-05,3
27ABCDE2814F1Z6,2023-06,0
25ABCDE1216F1Z7,2023-01,1
25ABCDE1216F1Z7,2023-02,0
25ABCDE1216F1Z7,2023-03,4
25ABCDE1216F1Z7,2023-04,-2
25ABCDE1216F1Z7,2023-05,4
25ABCDE1216F1Z7,2023-06,2
32ABCDE7693F1Z8,2023-01,-5
32ABCDE7693F1Z8,2023-02,5
32ABCDE7693F1Z8,2023-03,1
32ABCDE7693F1Z8,2023-04,-5
32ABCDE7693F1Z8,2023-05,4
32ABCDE7693F1Z8,2023-06,-1
35ABCDE9331F1Z9,2023-01,5
35ABCDE9331F1Z9,2023-02,-5
35ABCDE9331F1Z9,2023-03,1
35ABCDE9331F1Z9,2023-04,-3
35ABCDE9331F1Z9,2023-05,-1
35ABCDE9331F1Z9,2023-06,3
26ABCDE7298F1Z10,2023-01,-3
26ABCDE7298F1Z10,2023-02,2
26ABCDE7298F1Z10,2023-03,-3
26ABCDE7298F1Z10,2023-04,-2
26ABCDE7298F1Z10,2023-05,-4
26ABCDE7298F1Z10,2023-06,-5
16ABCDE2783F1Z11,2023-01,1
16ABCDE2783F1Z11,2023-02,-4
16ABCDE2783F1Z11,2023-03,2
16ABCDE2783F1Z11,2023-04,-1
16ABCDE2783F1Z11,2023-05,4
16ABCDE2783F1Z11,2023-06,3
12ABCDE9263F1Z12,2023-01,-2
12ABCDE9263F1Z12,2023-02,5
12ABCDE9263F1Z12,2023-03,0
12ABCDE9263F1Z12,2023-04,-1
12ABCDE9263F1Z12,2023-05,0
12ABCDE9263F1Z12,2023-06,-3
18ABCDE3334F1Z13,2023-01,5
18ABCDE3334F1Z13,2023-02,1
18ABCDE3334F1Z13,2023-03,3
18ABCDE3334F1Z13,2023-04,2
18ABCDE3334F1Z13,2023-05,5
18ABCDE3334F1Z13,2023-06,4
26ABCDE1891F1Z14,2023-01,-1
26ABCDE1891F1Z14,2023-02,-3
26ABCDE1891F1Z14,2023-03,0
26ABCDE1891F1Z14,2023-04,-4
26ABCDE1891F1Z14,2023-05,4
26ABCDE1891F1Z14,2023-06,4
30ABCDE7513F1Z15,2023-01,5
30ABCDE7513F1Z15,2023-02,-3
30ABCDE7513F1Z15,2023-03,0
30ABCDE7513F1Z15,2023-04,4
30ABCDE7513F1Z15,2023-05,0
30ABCDE7513F1Z15,2023-06,-3
24ABCDE5728F1Z16,2023-01,2
24ABCDE5728F1Z16,2023-02,0
24ABCDE5728F1Z16,2023-03,3
24ABCDE5728F1Z16,2023-04,5
24ABCDE5728F1Z16,2023-05,-3
24ABCDE5728F1Z16,2023-06,-1
30ABCDE6530F1Z17,2023-01,-2
30ABCDE6530F1Z17,2023-02,-5
30ABCDE6530F1Z17,2023-03,2
30ABCDE6530F1Z17,2023-04,-2
30ABCDE6530F1Z17,2023-05,-3
30ABCDE6530F1Z17,2023-06,-5
35ABCDE4671F1Z18,2023-01,-2
35ABCDE4671F1Z18,2023-02,-1
35ABCDE4671F1Z18,2023-03,-4
35ABCDE4671F1Z18,2023-04,-1
35ABCDE4671F1Z18,2023-05,-5
35ABCDE4671F1Z18,2023-06,-4
17ABCDE6687F1Z19,2023-01,1
17ABCDE6687F1Z19,2023-02,-2
17ABCDE6687F1Z19,2023-03,-3
17ABCDE6687F1Z19,2023-04,-1
17ABCDE6687F1Z19,2023-05,-5
17ABCDE6687F1Z19,2023-06,-3
31ABCDE8067F1Z20,2023-01,-2
31ABCDE8067F1Z20,2023-02,-5
31ABCDE8067F1Z20,2023-03,-1
31ABCDE8067F1Z20,2023-04,0
31ABCDE8067F1Z20,2023-05,3
31ABCDE8067F1Z20,2023-06,1
26ABCDE4287F1Z21,2023-01,2
26ABCDE4287F1Z21,2023-02,0
26ABCDE4287F1Z21,2023-03,-2
26ABCDE4287F1Z21,2023-04,1
26ABCDE4287F1Z21,2023-05,5
26ABCDE4287F1Z21,2023-06,3
36ABCDE7412F1Z22,2023-01,1
36ABCDE7412F1Z22,2023-02,0
36ABCDE7412F1Z22,2023-03,-2
36ABCDE7412F1Z22,2023-04,-3
36ABCDE7412F1Z22,2023-05,1
36ABCDE7412F1Z22,2023-06,-3
23ABCDE9697F1Z23,2023-01,-4
23ABCDE9697F1Z23,2023-02,3
23ABCDE9697F1Z23,2023-03,5
23ABCDE9697F1Z23,2023-04,-5
23ABCDE9697F1Z23,2023-05,4
23ABCDE9697F1Z23,2023-06,-2
35ABCDE6794F1Z24,2023-01,-1
35ABCDE6794F1Z24,2023-02,-2
35ABCDE6794F1Z24,2023-03,-1
35ABCDE6794F1Z24,2023-04,0
35ABCDE6794F1Z24,2023-05,-5
35ABCDE6794F1Z24,2023-06,-4
11ABCDE5920F1Z25,2023-01,-3
11ABCDE5920F1Z25,2023-02,5
11ABCDE5920F1Z25,2023-03,-5
11ABCDE5920F1Z25,2023-04,-3
11ABCDE5920F1Z25,2023-05,-3
11ABCDE5920F1Z25,2023-06,-5
25ABCDE8939F1Z26,2023-01,5
25ABCDE8939F1Z26,2023-02,-2
25ABCDE8939F1Z26,2023-03,-4
25ABCDE8939F1Z26,2023-04,2
25ABCDE8939F1Z26,2023-05,3
25ABCDE8939F1Z26,2023-06,-3
13ABCDE3199F1Z27,2023-01,-1
13ABCDE3199F1Z27,2023-02,-5
13ABCDE3199F1Z27,2023-03,-5
13ABCDE3199F1Z27,2023-04,3
13ABCDE3199F1Z27,2023-05,-5
13ABCDE3199F1Z27,2023-06,-5
31ABCDE4676F1Z28,2023-01,5
31ABCDE4676F1Z28,2023-02,5
31ABCDE4676F1Z28,2023-03,-3
31ABCDE4676F1Z28,2023-04,4
31ABCDE4676F1Z28,2023-05,0
31ABCDE4676F1Z28,2023-06,-3
12ABCDE2824F1Z29,2023-01,1
12ABCDE2824F1Z29,2023-02,5
12ABCDE2824F1Z29,2023-03,-2
12ABCDE2824F1Z29,2023-04,2
12ABCDE2824F1Z29,2023-05,-1
12ABCDE2824F1Z29,2023-06,0
29ABCDE7299F1Z30,2023-01,-2
29ABCDE7299F1Z30,2023-02,5
29ABCDE7299F1Z30,2023-03,-1
29ABCDE7299F1Z30,2023-04,-1
29ABCDE7299F1Z30,2023-05,3
29ABCDE7299F1Z30,2023-06,3
29ABCDE3989F1Z31,2023-01,4
29ABCDE3989F1Z31,2023-02,1
29ABCDE3989F1Z31,2023-03,0
29ABCDE3989F1Z31,2023-04,-5
29ABCDE3989F1Z31,2023-05,2
29ABCDE3989F1Z31,2023-06,0
31ABCDE7167F1Z32,2023-01,-1
31ABCDE7167F1Z32,2023-02,-2
31ABCDE7167F1Z32,2023-03,-2
31ABCDE7167F1Z32,2023-04,-2
31ABCDE7167F1Z32,2023-05,1
31ABCDE7167F1Z32,2023-06,-2
33ABCDE3742F1Z33,2023-01,3
33ABCDE3742F1Z33,2023-02,0
33ABCDE3742F1Z33,2023-03,3
33ABCDE3742F1Z33,2023-04,0
33ABCDE3742F1Z33,2023-05,5
33ABCDE3742F1Z33,2023-06,4
20ABCDE9440F1Z34,2023-01,2
20ABCDE9440F1Z34,2023-02,0
20ABCDE9440F1Z34,2023-03,-3
20ABCDE9440F1Z34,2023-04,0
20ABCDE9440F1Z34,2023-05,1
20ABCDE9440F1Z34,2023-06,5
12ABCDE5551F1Z35,2023-01,5
12ABCDE5551F1Z35,2023-02,2
12ABCDE5551F1Z35,2023-03,-1
12ABCDE5551F1Z35,2023-04,1
12ABCDE5551F1Z35,2023-05,-1
12ABCDE5551F1Z35,2023-06,-3
13ABCDE1278F1Z36,2023-01,0
13ABCDE1278F1Z36,2023-02,-4
13ABCDE1278F1Z36,2023-03,-3
13ABCDE1278F1Z36,2023-04,4
13ABCDE1278F1Z36,2023-05,-4
13ABCDE1278F1Z36,2023-06,-4
29ABCDE1885F1Z37,2023-01,5
29ABCDE1885F1Z37,2023-02,2
29ABCDE1885F1Z37,2023-03,1
29ABCDE1885F1Z37,2023-04,0
29ABCDE1885F1Z37,2023-05,-2
29ABCDE1885F1Z37,2023-06,-5
35ABCDE5420F1Z38,2023-01,5
35ABCDE5420F1Z38,2023-02,0
35ABCDE5420F1Z38,2023-03,1
35ABCDE5420F1Z38,2023-04,5
35ABCDE5420F1Z38,2023-05,-3
35ABCDE5420F1Z38,2023-06,-5
33ABCDE6704F1Z39,2023-01,-4
33ABCDE6704F1Z39,2023-02,-2
33ABCDE6704F1Z39,2023-03,3
33ABCDE6704F1Z39,2023-04,-4
33ABCDE6704F1Z39,2023-05,5
33ABCDE6704F1Z39,2023-06,3
16ABCDE8074F1Z40,2023-01,4
16ABCDE8074F1Z40,2023-02,-3
16ABCDE8074F1Z40,2023-03,1
16ABCDE8074F1Z40,2023-04,0
16ABCDE8074F1Z40,2023-05,5
16ABCDE8074F1Z40,2023-06,-4
15ABCDE2773F1Z41,2023-01,4
15ABCDE2773F1Z41,2023-02,0
15ABCDE2773F1Z41,2023-03,2
15ABCDE2773F1Z41,2023-04,-1
15ABCDE2773F1Z41,2023-05,-1
15ABCDE2773F1Z41,2023-06,4
19ABCDE2700F1Z42,2023-01,-2
19ABCDE2700F1Z42,2023-02,2
19ABCDE2700F1Z42,2023-03,-4
19ABCDE2700F1Z42,2023-04,-5
19ABCDE2700F1Z42,2023-05,4
19ABCDE2700F1Z42,2023-06,-4
14ABCDE4898F1Z43,2023-01,1
14ABCDE4898F1Z43,2023-02,3
14ABCDE4898F1Z43,2023-03,5
14ABCDE4898F1Z43,2023-04,2
14ABCDE4898F1Z43,2023-05,-1
14ABCDE4898F1Z43,2023-06,1
27ABCDE6878F1Z44,2023-01,-5
27ABCDE6878F1Z44,2023-02,4
27ABCDE6878F1Z44,2023-03,1
27ABCDE6878F1Z44,2023-04,4
27ABCDE6878F1Z44,2023-05,-2
27ABCDE6878F1Z44,2023-06,4
21ABCDE9896F1Z45,2023-01,-4
21ABCDE9896F1Z45,2023-02,-3
21ABCDE9896F1Z45,2023-03,1
21ABCDE9896F1Z45,2023-04,-1
21ABCDE9896F1Z45,2023-05,-3
21ABCDE9896F1Z45,2023-06,-5
11ABCDE9399F1Z46,2023-01,-1
11ABCDE9399F1Z46,2023-02,-4
11ABCDE9399F1Z46,2023-03,-5
11ABCDE9399F1Z46,2023-04,3
11ABCDE9399F1Z46,2023-05,0
11ABCDE9399F1Z46,2023-06,4
27ABCDE6371F1Z47,2023-01,1
27ABCDE6371F1Z47,2023-02,-5
27ABCDE6371F1Z47,2023-03,-1
27ABCDE6371F1Z47,2023-04,2
27ABCDE6371F1Z47,2023-05,-4
27ABCDE6371F1Z47,2023-06,1
18ABCDE9015F1Z48,2023-01,5
18ABCDE9015F1Z48,2023-02,0
18ABCDE9015F1Z48,2023-03,5
18ABCDE9015F1Z48,2023-04,-2
18ABCDE9015F1Z48,2023-05,5
18ABCDE9015F1Z48,2023-06,1
33ABCDE2626F1Z49,2023-01,-2
33ABCDE2626F1Z49,2023-02,-5
33ABCDE2626F1Z49,2023-03,-1
33ABCDE2626F1Z49,2023-04,4
33ABCDE2626F1Z49,2023-05,1
33ABCDE2626F1Z49,2023-06,0
31ABCDE8165F1Z50,2023-01,-4
31ABCDE8165F1Z50,2023-02,-1
31ABCDE8165F1Z50,2023-03,5
31ABCDE8165F1Z50,2023-04,2
31ABCDE8165F1Z50,2023-05,4
31ABCDE8165F1Z50,2023-06,-1
36ABCDE4759F1Z51,2023-01,2
36ABCDE4759F1Z51,2023-02,1
36ABCDE4759F1Z51,2023-03,-2
36ABCDE4759F1Z51,2023-04,-1
36ABCDE4759F1Z51,2023-05,1
36ABCDE4759F1Z51,2023-06,4
22ABCDE2214F1Z52,2023-01,1
22ABCDE2214F1Z52,2023-02,4
22ABCDE2214F1Z52,2023-03,4
22ABCDE2214F1Z52,2023-04,2
22ABCDE2214F1Z52,2023-05,0
22ABCDE2214F1Z52,2023-06,4
36ABCDE5218F1Z53,2023-01,-3
36ABCDE5218F1Z53,2023-02,5
36ABCDE5218F1Z53,2023-03,-3
36ABCDE5218F1Z53,2023-04,2
36ABCDE5218F1Z53,2023-05,-1
36ABCDE5218F1Z53,2023-06,-1
20ABCDE6812F1Z54,2023-01,-5
20ABCDE6812F1Z54,2023-02,-2
20ABCDE6812F1Z54,2023-03,3
20ABCDE6812F1Z54,2023-04,0
20ABCDE6812F1Z54,2023-05,-5
20ABCDE6812F1Z54,2023-06,3
27ABCDE6962F1Z55,2023-01,-4
27ABCDE6962F1Z55,2023-02,1
27ABCDE6962F1Z55,2023-03,1
27ABCDE6962F1Z55,2023-04,5
27ABCDE6962F1Z55,2023-05,2
27ABCDE6962F1Z55,2023-06,2
14ABCDE1190F1Z56,2023-01,-1
14ABCDE1190F1Z56,2023-02,-3
14ABCDE1190F1Z56,2023-03,-4
14ABCDE1190F1Z56,2023-04,5
14ABCDE1190F1Z56,2023-05,0
14ABCDE1190F1Z56,2023-06,-4
23ABCDE4037F1Z57,2023-01,-2
23ABCDE4037F1Z57,2023-02,5
23ABCDE4037F1Z57,2023-03,0
23ABCDE4037F1Z57,2023-04,-2
23ABCDE4037F1Z57,2023-05,1
23ABCDE4037F1Z57,2023-06,-5
17ABCDE9303F1Z58,2023-01,0
17ABCDE9303F1Z58,2023-02,5
17ABCDE9303F1Z58,2023-03,-1
17ABCDE9303F1Z58,2023-04,-1
17ABCDE9303F1Z58,2023-05,1
17ABCDE9303F1Z58,2023-06,-4
36ABCDE1234F1Z59,2023-01,5
36ABCDE1234F1Z59,2023-02,2
36ABCDE1234F1Z59,2023-03,2
36ABCDE1234F1Z59,2023-04,2
36ABCDE1234F1Z59,2023-05,-2
36ABCDE1234F1Z59,2023-06,4
18ABCDE5376F1Z60,2023-01,-2
18ABCDE5376F1Z60,2023-02,-1
18ABCDE5376F1Z60,2023-03,0
18ABCDE5376F1Z60,2023-04,5
18ABCDE5376F1Z60,2023-05,-3
18ABCDE5376F1Z60,2023-06,0
12ABCDE4680F1Z61,2023-01,1
12ABCDE4680F1Z61,2023-02,5
12ABCDE4680F1Z61,2023-03,-5
12ABCDE4680F1Z61,2023-04,4
12ABCDE4680F1Z61,2023-05,3
12ABCDE4680F1Z61,2023-06,0
34ABCDE3914F1Z62,2023-01,-2
34ABCDE3914F1Z62,2023-02,-3
34ABCDE3914F1Z62,2023-03,-3
34ABCDE3914F1Z62,2023-04,4
34ABCDE3914F1Z62,2023-05,1
34ABCDE3914F1Z62,2023-06,3
13ABCDE3488F1Z63,2023-01,3
13ABCDE3488F1Z63,2023-02,1
13ABCDE3488F1Z63,2023-03,0
13ABCDE3488F1Z63,2023-04,0
13ABCDE3488F1Z63,2023-05,1
13ABCDE3488F1Z63,2023-06,0
17ABCDE3922F1Z64,2023-01,-2
17ABCDE3922F1Z64,2023-02,-2
17ABCDE3922F1Z64,2023-03,2
17ABCDE3922F1Z64,2023-04,-2
17ABCDE3922F1Z64,2023-05,4
17ABCDE3922F1Z64,2023-06,-1
14ABCDE6695F1Z65,2023-01,0
14ABCDE6695F1Z65,2023-02,1
14ABCDE6695F1Z65,2023-03,-4
14ABCDE6695F1Z65,2023-04,5
14ABCDE6695F1Z65,2023-05,0
14ABCDE6695F1Z65,2023-06,-2
36ABCDE6093F1Z66,2023-01,-4
36ABCDE6093F1Z66,2023-02,2
36ABCDE6093F1Z66,2023-03,-2
36ABCDE6093F1Z66,2023-04,1
36ABCDE6093F1Z66,2023-05,5
36ABCDE6093F1Z66,2023-06,2
32ABCDE6645F1Z67,2023-01,1
32ABCDE6645F1Z67,2023-02,-3
32ABCDE6645F1Z67,2023-03,-3
32ABCDE6645F1Z67,2023-04,-4
32ABCDE6645F1Z67,2023-05,2
32ABCDE6645F1Z67,2023-06,4
21ABCDE3359F1Z68,2023-01,5
21ABCDE3359F1Z68,2023-02,0
21ABCDE3359F1Z68,2023-03,4
21ABCDE3359F1Z68,2023-04,0
21ABCDE3359F1Z68,2023-05,4
21ABCDE3359F1Z68,2023-06,-3
23ABCDE2626F1Z69,2023-01,3
23ABCDE2626F1Z69,2023-02,3
23ABCDE2626F1Z69,2023-03,-2
23ABCDE2626F1Z69,2023-04,1
23ABCDE2626F1Z69,2023-05,4
23ABCDE2626F1Z69,2023-06,4
34ABCDE2511F1Z70,2023-01,1
34ABCDE2511F1Z70,2023-02,1
34ABCDE2511F1Z70,2023-03,-1
34ABCDE2511F1Z70,2023-04,5
34ABCDE2511F1Z70,2023-05,-2
34ABCDE2511F1Z70,2023-06,-3
32ABCDE3766F1Z71,2023-01,5
32ABCDE3766F1Z71,2023-02,-5
32ABCDE3766F1Z71,2023-03,0
32ABCDE3766F1Z71,2023-04,-2
32ABCDE3766F1Z71,2023-05,4
32ABCDE3766F1Z71,2023-06,-3
20ABCDE8471F1Z72,2023-01,5
20ABCDE8471F1Z72,2023-02,0
20ABCDE8471F1Z72,2023-03,-1
20ABCDE8471F1Z72,2023-04,-1
20ABCDE8471F1Z72,2023-05,4
20ABCDE8471F1Z72,2023-06,-2
10ABCDE9125F1Z73,2023-01,0
10ABCDE9125F1Z73,2023-02,-1
10ABCDE9125F1Z73,2023-03,5
10ABCDE9125F1Z73,2023-04,2
10ABCDE9125F1Z73,2023-05,0
10ABCDE9125F1Z73,2023-06,-2
34ABCDE3157F1Z74,2023-01,-4
34ABCDE3157F1Z74,2023-02,-2
34ABCDE3157F1Z74,2023-03,3
34ABCDE3157F1Z74,2023-04,1
34ABCDE3157F1Z74,2023-05,5
34ABCDE3157F1Z74,2023-06,2
26ABCDE2194F1Z75,2023-01,4
26ABCDE2194F1Z75,2023-02,5
26ABCDE2194F1Z75,2023-03,4
26ABCDE2194F1Z75,2023-04,5
26ABCDE2194F1Z75,2023-05,-1
26ABCDE2194F1Z75,2023-06,-3
19ABCDE2941F1Z76,2023-01,1
19ABCDE2941F1Z76,2023-02,3
19ABCDE2941F1Z76,2023-03,-2
19ABCDE2941F1Z76,2023-04,5
19ABCDE2941F1Z76,2023-05,4
19ABCDE2941F1Z76,2023-06,-2
11ABCDE8464F1Z77,2023-01,1
11ABCDE8464F1Z77,2023-02,5
11ABCDE8464F1Z77,2023-03,-2
11ABCDE8464F1Z77,2023-04,1
11ABCDE8464F1Z77,2023-05,0
11ABCDE8464F1Z77,2023-06,2
22ABCDE5255F1Z78,2023-01,-4
22ABCDE5255F1Z78,2023-02,5
22ABCDE5255F1Z78,2023-03,5
22ABCDE5255F1Z78,2023-04,-4
22ABCDE5255F1Z78,2023-05,-3
22ABCDE5255F1Z78,2023-06,-2
11ABCDE6917F1Z79,2023-01,1
11ABCDE6917F1Z79,2023-02,-3
11ABCDE6917F1Z79,2023-03,1
11ABCDE6917F1Z79,2023-04,0
11ABCDE6917F1Z79,2023-05,0
11ABCDE6917F1Z79,2023-06,4
13ABCDE3078F1Z80,2023-01,4
13ABCDE3078F1Z80,2023-02,-4
13ABCDE3078F1Z80,2023-03,3
13ABCDE3078F1Z80,2023-04,0
13ABCDE3078F1Z80,2023-05,-2
13ABCDE3078F1Z80,2023-06,-3
26ABCDE7636F1Z81,2023-01,-2
26ABCDE7636F1Z81,2023-02,-4
26ABCDE7636F1Z81,2023-03,-5
26ABCDE7636F1Z81,2023-04,-1
26ABCDE7636F1Z81,2023-05,-2
26ABCDE7636F1Z81,2023-06,-5
13ABCDE5149F1Z82,2023-01,2
13ABCDE5149F1Z82,2023-02,3
13ABCDE5149F1Z82,2023-03,4
13ABCDE5149F1Z82,2023-04,3
13ABCDE5149F1Z82,2023-05,-1
13ABCDE5149F1Z82,2023-06,-2
26ABCDE3416F1Z83,2023-01,-1
26ABCDE3416F1Z83,2023-02,5
26ABCDE3416F1Z83,2023-03,5
26ABCDE3416F1Z83,2023-04,-4
26ABCDE3416F1Z83,2023-05,-3
26ABCDE3416F1Z83,2023-06,-3
16ABCDE6638F1Z84,2023-01,2
16ABCDE6638F1Z84,2023-02,-5
16ABCDE6638F1Z84,2023-03,-1
16ABCDE6638F1Z84,2023-04,5
16ABCDE6638F1Z84,2023-05,-2
16ABCDE6638F1Z84,2023-06,1
20ABCDE4637F1Z85,2023-01,-3
20ABCDE4637F1Z85,2023-02,0
20ABCDE4637F1Z85,2023-03,5
20ABCDE4637F1Z85,2023-04,-1
20ABCDE4637F1Z85,2023-05,-5
20ABCDE4637F1Z85,2023-06,-2
30ABCDE1490F1Z86,2023-01,1
30ABCDE1490F1Z86,2023-02,-3
30ABCDE1490F1Z86,2023-03,0
30ABCDE1490F1Z86,2023-04,5
30ABCDE1490F1Z86,2023-05,2
30ABCDE1490F1Z86,2023-06,0
30ABCDE6657F1Z87,2023-01,-5
30ABCDE6657F1Z87,2023-02,-1
30ABCDE6657F1Z87,2023-03,-3
30ABCDE6657F1Z87,2023-04,-5
30ABCDE6657F1Z87,2023-05,0
30ABCDE6657F1Z87,2023-06,-2
36ABCDE4854F1Z88,2023-01,0
36ABCDE4854F1Z88,2023-02,0
36ABCDE4854F1Z88,2023-03,-4
36ABCDE4854F1Z88,2023-04,1
36ABCDE4854F1Z88,2023-05,2
36ABCDE4854F1Z88,2023-06,-3
28ABCDE3655F1Z89,2023-01,-5
28ABCDE3655F1Z89,2023-02,-5
28ABCDE3655F1Z89,2023-03,0
28ABCDE3655F1Z89,2023-04,2
28ABCDE3655F1Z89,2023-05,-3
28ABCDE3655F1Z89,2023-06,0
33ABCDE9723F1Z90,2023-01,3
33ABCDE9723F1Z90,2023-02,-3
33ABCDE9723F1Z90,2023-03,-1
33ABCDE9723F1Z90,2023-04,3
33ABCDE9723F1Z90,2023-05,1
33ABCDE9723F1Z90,2023-06,-5
26ABCDE1293F1Z91,2023-01,3
26ABCDE1293F1Z91,2023-02,2
26ABCDE1293F1Z91,2023-03,-1
26ABCDE1293F1Z91,2023-04,1
26ABCDE1293F1Z91,2023-05,1
26ABCDE1293F1Z91,2023-06,3
19ABCDE6745F1Z92,2023-01,4
19ABCDE6745F1Z92,2023-02,-2
19ABCDE6745F1Z92,2023-03,5
19ABCDE6745F1Z92,2023-04,4
19ABCDE6745F1Z92,2023-05,-2
19ABCDE6745F1Z92,2023-06,-5
21ABCDE1674F1Z93,2023-01,-5
21ABCDE1674F1Z93,2023-02,-4
21ABCDE1674F1Z93,2023-03,-5
21ABCDE1674F1Z93,2023-04,-1
21ABCDE1674F1Z93,2023-05,4
21ABCDE1674F1Z93,2023-06,-1
24ABCDE8176F1Z94,2023-01,-3
24ABCDE8176F1Z94,2023-02,-2
24ABCDE8176F1Z94,2023-03,-3
24ABCDE8176F1Z94,2023-04,5
24ABCDE8176F1Z94,2023-05,2
24ABCDE8176F1Z94,2023-06,3
26ABCDE7520F1Z95,2023-01,-4
26ABCDE7520F1Z95,2023-02,0
26ABCDE7520F1Z95,2023-03,-1
26ABCDE7520F1Z95,2023-04,-3
26ABCDE7520F1Z95,2023-05,2
26ABCDE7520F1Z95,2023-06,2
13ABCDE7985F1Z96,2023-01,3
13ABCDE7985F1Z96,2023-02,-5
13ABCDE7985F1Z96,2023-03,-3
13ABCDE7985F1Z96,2023-04,3
13ABCDE7985F1Z96,2023-05,-2
13ABCDE7985F1Z96,2023-06,-2
25ABCDE6399F1Z97,2023-01,3
25ABCDE6399F1Z97,2023-02,-5
25ABCDE6399F1Z97,2023-03,-2
25ABCDE6399F1Z97,2023-04,-2
25ABCDE6399F1Z97,2023-05,-3
25ABCDE6399F1Z97,2023-06,-2
29ABCDE9213F1Z98,2023-01,-5
29ABCDE9213F1Z98,2023-02,0
29ABCDE9213F1Z98,2023-03,-5
29ABCDE9213F1Z98,2023-04,-2
29ABCDE9213F1Z98,2023-05,-5
29ABCDE9213F1Z98,2023-06,-2
33ABCDE9918F1Z99,2023-01,-4
33ABCDE9918F1Z99,2023-02,-2
33ABCDE9918F1Z99,2023-03,4
33ABCDE9918F1Z99,2023-04,-5
33ABCDE9918F1Z99,2023-05,5
33ABCDE9918F1Z99,2023-06,0
13ABCDE3134F1Z100,2023-01,2
13ABCDE3134F1Z100,2023-02,-4
13ABCDE3134F1Z100,2023-03,-3
13ABCDE3134F1Z100,2023-04,2
13ABCDE3134F1Z100,2023-05,2
13ABCDE3134F1Z100,2023-06,-2
29ABCDE9893F1Z101,2023-01,-4
29ABCDE9893F1Z101,2023-02,-5
29ABCDE9893F1Z101,2023-03,-4
29ABCDE9893F1Z101,2023-04,5
29ABCDE9893F1Z101,2023-05,-4
29ABCDE9893F1Z101,2023-06,-1
29ABCDE2802F1Z102,2023-01,-2
29ABCDE2802F1Z102,2023-02,-5
29ABCDE2802F1Z102,2023-03,4
29ABCDE2802F1Z102,2023-04,5
29ABCDE2802F1Z102,2023-05,-2
29ABCDE2802F1Z102,2023-06,-3
20ABCDE9023F1Z103,2023-01,4
20ABCDE9023F1Z103,2023-02,4
20ABCDE9023F1Z103,2023-03,-1
20ABCDE9023F1Z103,2023-04,-3
20ABCDE9023F1Z103,2023-05,3
20ABCDE9023F1Z103,2023-06,1
24ABCDE3017F1Z104,2023-01,-5
24ABCDE3017F1Z104,2023-02,-3
24ABCDE3017F1Z104,2023-03,-5
24ABCDE3017F1Z104,2023-04,-3
24ABCDE3017F1Z104,2023-05,0
24ABCDE3017F1Z104,2023-06,4
11ABCDE7117F1Z105,2023-01,1
11ABCDE7117F1Z105,2023-02,-4
11ABCDE7117F1Z105,2023-03,2
11ABCDE7117F1Z105,2023-04,3
11ABCDE7117F1Z105,2023-05,5
11ABCDE7117F1Z105,2023-06,3
29ABCDE3890F1Z106,2023-01,0
29ABCDE3890F1Z106,2023-02,-5
29ABCDE3890F1Z106,2023-03,-1
29ABCDE3890F1Z106,2023-04,-5
29ABCDE3890F1Z106,2023-05,-2
29ABCDE3890F1Z106,2023-06,-1
28ABCDE9620F1Z107,2023-01,3
28ABCDE9620F1Z107,2023-02,1
28ABCDE9620F1Z107,2023-03,-1
28ABCDE9620F1Z107,2023-04,1
28ABCDE9620F1Z107,2023-05,4
28ABCDE9620F1Z107,2023-06,-3
17ABCDE9252F1Z108,2023-01,-5
17ABCDE9252F1Z108,2023-02,-4
17ABCDE9252F1Z108,2023-03,-5
17ABCDE9252F1Z108,2023-04,-4
17ABCDE9252F1Z108,2023-05,5
17ABCDE9252F1Z108,2023-06,-5
31ABCDE2200F1Z109,2023-01,4
31ABCDE2200F1Z109,2023-02,5
31ABCDE2200F1Z109,2023-03,-4
31ABCDE2200F1Z109,2023-04,3
31ABCDE2200F1Z109,2023-05,4
31ABCDE2200F1Z109,2023-06,5
14ABCDE2903F1Z110,2023-01,1
14ABCDE2903F1Z110,2023-02,-1
14ABCDE2903F1Z110,2023-03,3
14ABCDE2903F1Z110,2023-04,3
14ABCDE2903F1Z110,2023-05,-5
14ABCDE2903F1Z110,2023-06,0
23ABCDE5782F1Z111,2023-01,3
23ABCDE5782F1Z111,2023-02,1
23ABCDE5782F1Z111,2023-03,-2
23ABCDE5782F1Z111,2023-04,-5
23ABCDE5782F1Z111,2023-05,4
23ABCDE5782F1Z111,2023-06,-1
16ABCDE8946F1Z112,2023-01,3
16ABCDE8946F1Z112,2023-02,2
16ABCDE8946F1Z112,2023-03,-4
16ABCDE8946F1Z112,2023-04,3
16ABCDE8946F1Z112,2023-05,0
16ABCDE8946F1Z112,2023-06,-2
21ABCDE4573F1Z113,2023-01,1
21ABCDE4573F1Z113,2023-02,0
21ABCDE4573F1Z113,2023-03,2
21ABCDE4573F1Z113,2023-04,-1
21ABCDE4573F1Z113,2023-05,2
21ABCDE4573F1Z113,2023-06,0
33ABCDE9745F1Z114,2023-01,-5
33ABCDE9745F1Z114,2023-02,-3
33ABCDE9745F1Z114,2023-03,2
33ABCDE9745F1Z114,2023-04,5
33ABCDE9745F1Z114,2023-05,5
33ABCDE9745F1Z114,2023-06,2
21ABCDE1194F1Z115,2023-01,2
21ABCDE1194F1Z115,2023-02,5
21ABCDE1194F1Z115,2023-03,-2
21ABCDE1194F1Z115,2023-04,-5
21ABCDE1194F1Z115,2023-05,0
21ABCDE1194F1Z115,2023-06,-3
15ABCDE8579F1Z116,2023-01,2
15ABCDE8579F1Z116,2023-02,-5
15ABCDE8579F1Z116,2023-03,4
15ABCDE8579F1Z116,2023-04,1
15ABCDE8579F1Z116,2023-05,5
15ABCDE8579F1Z116,2023-06,-4
27ABCDE8491F1Z117,2023-01,-2
27ABCDE8491F1Z117,2023-02,-3
27ABCDE8491F1Z117,2023-03,-3
27ABCDE8491F1Z117,2023-04,-1
27ABCDE8491F1Z117,2023-05,2
27ABCDE8491F1Z117,2023-06,2
12ABCDE2905F1Z118,2023-01,-3
12ABCDE2905F1Z118,2023-02,0
12ABCDE2905F1Z118,2023-03,2
12ABCDE2905F1Z118,2023-04,1
12ABCDE2905F1Z118,2023-05,1
12ABCDE2905F1Z118,2023-06,-3
32ABCDE2670F1Z119,2023-01,3
32ABCDE2670F1Z119,2023-02,-1
32ABCDE2670F1Z119,2023-03,-2
32ABCDE2670F1Z119,2023-04,2
32ABCDE2670F1Z119,2023-05,-3
32ABCDE2670F1Z119,2023-06,5
19ABCDE1403F1Z120,2023-01,5
19ABCDE1403F1Z120,2023-02,0
19ABCDE1403F1Z120,2023-03,-1
19ABCDE1403F1Z120,2023-04,1
19ABCDE1403F1Z120,2023-05,-5
19ABCDE1403F1Z120,2023-06,4
12ABCDE4058F1Z121,2023-01,5
12ABCDE4058F1Z121,2023-02,-2
12ABCDE4058F1Z121,2023-03,5
12ABCDE4058F1Z121,2023-04,-1
12ABCDE4058F1Z121,2023-05,5
12ABCDE4058F1Z121,2023-06,-3
14ABCDE8617F1Z122,2023-01,2
14ABCDE8617F1Z122,2023-02,-4
14ABCDE8617F1Z122,2023-03,0
14ABCDE8617F1Z122,2023-04,-2
14ABCDE8617F1Z122,2023-05,-4
14ABCDE8617F1Z122,2023-06,1
36ABCDE7264F1Z123,2023-01,2
36ABCDE7264F1Z123,2023-02,-4
36ABCDE7264F1Z123,2023-03,2
36ABCDE7264F1Z123,2023-04,-5
36ABCDE7264F1Z123,2023-05,5
36ABCDE7264F1Z123,2023-06,-1
32ABCDE9754F1Z124,2023-01,0
32ABCDE9754F1Z124,2023-02,-1
32ABCDE9754F1Z124,2023-03,-1
32ABCDE9754F1Z124,2023-04,2
32ABCDE9754F1Z124,2023-05,-4
32ABCDE9754F1Z124,2023-06,4
14ABCDE5100F1Z125,2023-01,1
14ABCDE5100F1Z125,2023-02,5
14ABCDE5100F1Z125,2023-03,2
14ABCDE5100F1Z125,2023-04,-1
14ABCDE5100F1Z125,2023-05,-4
14ABCDE5100F1Z125,2023-06,-2
14ABCDE5687F1Z126,2023-01,0
14ABCDE5687F1Z126,2023-02,-3
14ABCDE5687F1Z126,2023-03,-2
14ABCDE5687F1Z126,2023-04,-1
14ABCDE5687F1Z126,2023-05,4
14ABCDE5687F1Z126,2023-06,-4
14ABCDE7330F1Z127,2023-01,1
14ABCDE7330F1Z127,2023-02,-2
14ABCDE7330F1Z127,2023-03,2
14ABCDE7330F1Z127,2023-04,-2
14ABCDE7330F1Z127,2023-05,3
14ABCDE7330F1Z127,2023-06,-5
16ABCDE1693F1Z128,2023-01,-3
16ABCDE1693F1Z128,2023-02,4
16ABCDE1693F1Z128,2023-03,2
16ABCDE1693F1Z128,2023-04,-4
16ABCDE1693F1Z128,2023-05,0
16ABCDE1693F1Z128,2023-06,-4
35ABCDE3302F1Z129,2023-01,5
35ABCDE3302F1Z129,2023-02,-3
35ABCDE3302F1Z129,2023-03,-5
35ABCDE3302F1Z129,2023-04,-3
35ABCDE3302F1Z129,2023-05,-1
35ABCDE3302F1Z129,2023-06,-4
30ABCDE4266F1Z130,2023-01,-4
30ABCDE4266F1Z130,2023-02,-2
30ABCDE4266F1Z130,2023-03,5
30ABCDE4266F1Z130,2023-04,5
30ABCDE4266F1Z130,2023-05,5
30ABCDE4266F1Z130,2023-06,2
31ABCDE6748F1Z131,2023-01,3
31ABCDE6748F1Z131,2023-02,2
31ABCDE6748F1Z131,2023-03,-4
31ABCDE6748F1Z131,2023-04,4
31ABCDE6748F1Z131,2023-05,-3
31ABCDE6748F1Z131,2023-06,1
15ABCDE1809F1Z132,2023-01,-3
15ABCDE1809F1Z132,2023-02,4
15ABCDE1809F1Z132,2023-03,3
15ABCDE1809F1Z132,2023-04,5
15ABCDE1809F1Z132,2023-05,-4
15ABCDE1809F1Z132,2023-06,-2
12ABCDE5973F1Z133,2023-01,1
12ABCDE5973F1Z133,2023-02,-5
12ABCDE5973F1Z133,2023-03,-3
12ABCDE5973F1Z133,2023-04,1
12ABCDE5973F1Z133,2023-05,0
12ABCDE5973F1Z133,2023-06,1
18ABCDE2635F1Z134,2023-01,2
18ABCDE2635F1Z134,2023-02,0
18ABCDE2635F1Z134,2023-03,0
18ABCDE2635F1Z134,2023-04,0
18ABCDE2635F1Z134,2023-05,5
18ABCDE2635F1Z134,2023-06,1
19ABCDE2000F1Z135,2023-01,-1
19ABCDE2000F1Z135,2023-02,-1
19ABCDE2000F1Z135,2023-03,0
19ABCDE2000F1Z135,2023-04,4
19ABCDE2000F1Z135,2023-05,-5
19ABCDE2000F1Z135,2023-06,2
34ABCDE4453F1Z136,2023-01,-1
34ABCDE4453F1Z136,2023-02,3
34ABCDE4453F1Z136,2023-03,1
34ABCDE4453F1Z136,2023-04,1
34ABCDE4453F1Z136,2023-05,3
34ABCDE4453F1Z136,2023-06,-2
27ABCDE3147F1Z137,2023-01,-3
27ABCDE3147F1Z137,2023-02,-5
27ABCDE3147F1Z137,2023-03,0
27ABCDE3147F1Z137,2023-04,-1
27ABCDE3147F1Z137,2023-05,2
27ABCDE3147F1Z137,2023-06,-3
15ABCDE5656F1Z138,2023-01,-5
15ABCDE5656F1Z138,2023-02,4
15ABCDE5656F1Z138,2023-03,-1
15ABCDE5656F1Z138,2023-04,3
15ABCDE5656F1Z138,2023-05,5
15ABCDE5656F1Z138,2023-06,-2
19ABCDE6787F1Z139,2023-01,-3
19ABCDE6787F1Z139,2023-02,2
19ABCDE6787F1Z139,2023-03,-4
19ABCDE6787F1Z139,2023-04,-2
19ABCDE6787F1Z139,2023-05,1
19ABCDE6787F1Z139,2023-06,1
24ABCDE9252F1Z140,2023-01,-4
24ABCDE9252F1Z140,2023-02,-1
24ABCDE9252F1Z140,2023-03,1
24ABCDE9252F1Z140,2023-04,-1
24ABCDE9252F1Z140,2023-05,-1
24ABCDE9252F1Z140,2023-06,-3
31ABCDE4288F1Z141,2023-01,-5
31ABCDE4288F1Z141,2023-02,-5
31ABCDE4288F1Z141,2023-03,3
31ABCDE4288F1Z141,2023-04,0
31ABCDE4288F1Z141,2023-05,-5
31ABCDE4288F1Z141,2023-06,4
11ABCDE6992F1Z142,2023-01,1
11ABCDE6992F1Z142,2023-02,0
11ABCDE6992F1Z142,2023-03,5
11ABCDE6992F1Z142,2023-04,2
11ABCDE6992F1Z142,2023-05,1
11ABCDE6992F1Z142,2023-06,3
19ABCDE7173F1Z143,2023-01,-1
19ABCDE7173F1Z143,2023-02,-3
19ABCDE7173F1Z143,2023-03,0
19ABCDE7173F1Z143,2023-04,5
19ABCDE7173F1Z143,2023-05,1
19ABCDE7173F1Z143,2023-06,3
28ABCDE2360F1Z144,2023-01,3
28ABCDE2360F1Z144,2023-02,4
28ABCDE2360F1Z144,2023-03,1
28ABCDE2360F1Z144,2023-04,1
28ABCDE2360F1Z144,2023-05,-5
28ABCDE2360F1Z144,2023-06,2
32ABCDE4452F1Z145,2023-01,2
32ABCDE4452F1Z145,2023-02,2
32ABCDE4452F1Z145,2023-03,-2
32ABCDE4452F1Z145,2023-04,-4
32ABCDE4452F1Z145,2023-05,-5
32ABCDE4452F1Z145,2023-06,-2
32ABCDE5551F1Z146,2023-01,-2
32ABCDE5551F1Z146,2023-02,-5
32ABCDE5551F1Z146,2023-03,2
32ABCDE5551F1Z146,2023-04,2
32ABCDE5551F1Z146,2023-05,-4
32ABCDE5551F1Z146,2023-06,0
20ABCDE8920F1Z147,2023-01,5
20ABCDE8920F1Z147,2023-02,0
20ABCDE8920F1Z147,2023-03,4
20ABCDE8920F1Z147,2023-04,-2
20ABCDE8920F1Z147,2023-05,1
20ABCDE8920F1Z147,2023-06,-2
32ABCDE1904F1Z148,2023-01,1
32ABCDE1904F1Z148,2023-02,-3
32ABCDE1904F1Z148,2023-03,2
32ABCDE1904F1Z148,2023-04,-4
32ABCDE1904F1Z148,2023-05,0
32ABCDE1904F1Z148,2023-06,-3
23ABCDE4296F1Z149,2023-01,-3
23ABCDE4296F1Z149,2023-02,-1
23ABCDE4296F1Z149,2023-03,-3
23ABCDE4296F1Z149,2023-04,-2
23ABCDE4296F1Z149,2023-05,-5
23ABCDE4296F1Z149,2023-06,-5
10ABCDE6651F1Z150,2023-01,5
10ABCDE6651F1Z150,2023-02,4
10ABCDE6651F1Z150,2023-03,-4
10ABCDE6651F1Z150,2023-04,-2
10ABCDE6651F1Z150,2023-05,-5
10ABCDE6651F1Z150,2023-06,2
16ABCDE3580F1Z151,2023-01,1
16ABCDE3580F1Z151,2023-02,-1
16ABCDE3580F1Z151,2023-03,-5
16ABCDE3580F1Z151,2023-04,-4
16ABCDE3580F1Z151,2023-05,-1
16ABCDE3580F1Z151,2023-06,1
23ABCDE6292F1Z152,2023-01,2
23ABCDE6292F1Z152,2023-02,0
23ABCDE6292F1Z152,2023-03,-4
23ABCDE6292F1Z152,2023-04,1
23ABCDE6292F1Z152,2023-05,-4
23ABCDE6292F1Z152,2023-06,3
24ABCDE1154F1Z153,2023-01,3
24ABCDE1154F1Z153,2023-02,3
24ABCDE1154F1Z153,2023-03,5
24ABCDE1154F1Z153,2023-04,1
24ABCDE1154F1Z153,2023-05,2
24ABCDE1154F1Z153,2023-06,3
36ABCDE7762F1Z154,2023-01,2
36ABCDE7762F1Z154,2023-02,0
36ABCDE7762F1Z154,2023-03,5
36ABCDE7762F1Z154,2023-04,-5
36ABCDE7762F1Z154,2023-05,0
36ABCDE7762F1Z154,2023-06,1
21ABCDE7622F1Z155,2023-01,-4
21ABCDE7622F1Z155,2023-02,-2
21ABCDE7622F1Z155,2023-03,1
21ABCDE7622F1Z155,2023-04,4
21ABCDE7622F1Z155,2023-05,1
21ABCDE7622F1Z155,2023-06,-3
16ABCDE8549F1Z156,2023-01,-1
16ABCDE8549F1Z156,2023-02,3
16ABCDE8549F1Z156,2023-03,-5
16ABCDE8549F1Z156,2023-04,4
16ABCDE8549F1Z156,2023-05,-3
16ABCDE8549F1Z156,2023-06,4
18ABCDE6106F1Z157,2023-01,2
18ABCDE6106F1Z157,2023-02,-4
18ABCDE6106F1Z157,2023-03,-1
18ABCDE6106F1Z157,2023-04,-3
18ABCDE6106F1Z157,2023-05,-3
18ABCDE6106F1Z157,2023-06,5
13ABCDE8211F1Z158,2023-01,2
13ABCDE8211F1Z158,2023-02,2
13ABCDE8211F1Z158,2023-03,-4
13ABCDE8211F1Z158,2023-04,-3
13ABCDE8211F1Z158,2023-05,2
13ABCDE8211F1Z158,2023-06,-2
25ABCDE5512F1Z159,2023-01,-5
25ABCDE5512F1Z159,2023-02,3
25ABCDE5512F1Z159,2023-03,3
25ABCDE5512F1Z159,2023-04,5
25ABCDE5512F1Z159,2023-05,1
25ABCDE5512F1Z159,2023-06,2
33ABCDE5889F1Z160,2023-01,-3
33ABCDE5889F1Z160,2023-02,-2
33ABCDE5889F1Z160,2023-03,-4
33ABCDE5889F1Z160,2023-04,3
33ABCDE5889F1Z160,2023-05,4
33ABCDE5889F1Z160,2023-06,2
13ABCDE8839F1Z161,2023-01,0
13ABCDE8839F1Z161,2023-02,2
13ABCDE8839F1Z161,2023-03,-3
13ABCDE8839F1Z161,2023-04,4
13ABCDE8839F1Z161,2023-05,1
13ABCDE8839F1Z161,2023-06,2
10ABCDE6950F1Z162,2023-01,0
10ABCDE6950F1Z162,2023-02,4
10ABCDE6950F1Z162,2023-03,-4
10ABCDE6950F1Z162,2023-04,0
10ABCDE6950F1Z162,2023-05,-4
10ABCDE6950F1Z162,2023-06,5
26ABCDE5131F1Z163,2023-01,1
26ABCDE5131F1Z163,2023-02,-1
26ABCDE5131F1Z163,2023-03,1
26ABCDE5131F1Z163,2023-04,3
26ABCDE5131F1Z163,2023-05,4
26ABCDE5131F1Z163,2023-06,4
25ABCDE6753F1Z164,2023-01,4
25ABCDE6753F1Z164,2023-02,3
25ABCDE6753F1Z164,2023-03,2
25ABCDE6753F1Z164,2023-04,-1
25ABCDE6753F1Z164,2023-05,-4
25ABCDE6753F1Z164,2023-06,-4
21ABCDE5946F1Z165,2023-01,1
21ABCDE5946F1Z165,2023-02,-5
21ABCDE5946F1Z165,2023-03,-4
21ABCDE5946F1Z165,2023-04,4
21ABCDE5946F1Z165,2023-05,-1
21ABCDE5946F1Z165,2023-06,3
25ABCDE7411F1Z166,2023-01,4
25ABCDE7411F1Z166,2023-02,4
25ABCDE7411F1Z166,2023-03,0
25ABCDE7411F1Z166,2023-04,-5
25ABCDE7411F1Z166,2023-05,-3
25ABCDE7411F1Z166,2023-06,-3
23ABCDE1490F1Z167,2023-01,-5
23ABCDE1490F1Z167,2023-02,-3
23ABCDE1490F1Z167,2023-03,-3
23ABCDE1490F1Z167,2023-04,5
23ABCDE1490F1Z167,2023-05,1
23ABCDE1490F1Z167,2023-06,-1
13ABCDE6098F1Z168,2023-01,-5
13ABCDE6098F1Z168,2023-02,5
13ABCDE6098F1Z168,2023-03,2
13ABCDE6098F1Z168,2023-04,4
13ABCDE6098F1Z168,2023-05,5
13ABCDE6098F1Z168,2023-06,1
35ABCDE8847F1Z169,2023-01,5
35ABCDE8847F1Z169,2023-02,2
35ABCDE8847F1Z169,2023-03,2
35ABCDE8847F1Z169,2023-04,-2
35ABCDE8847F1Z169,2023-05,-1
35ABCDE8847F1Z169,2023-06,-3
24ABCDE4801F1Z170,2023-01,-3
24ABCDE4801F1Z170,2023-02,-3
24ABCDE4801F1Z170,2023-03,-1
24ABCDE4801F1Z170,2023-04,4
24ABCDE4801F1Z170,2023-05,5
24ABCDE4801F1Z170,2023-06,1
20ABCDE4438F1Z171,2023-01,-2
20ABCDE4438F1Z171,2023-02,3
20ABCDE4438F1Z171,2023-03,-2
20ABCDE4438F1Z171,2023-04,3
20ABCDE4438F1Z171,2023-05,-2
20ABCDE4438F1Z171,2023-06,4
24ABCDE2254F1Z172,2023-01,4
24ABCDE2254F1Z172,2023-02,1
24ABCDE2254F1Z172,2023-03,0
24ABCDE2254F1Z172,2023-04,3
24ABCDE2254F1Z172,2023-05,3
24ABCDE2254F1Z172,2023-06,-3
36ABCDE1422F1Z173,2023-01,-5
36ABCDE1422F1Z173,2023-02,-4
36ABCDE1422F1Z173,2023-03,3
36ABCDE1422F1Z173,2023-04,-3
36ABCDE1422F1Z173,2023-05,-5
36ABCDE1422F1Z173,2023-06,3
15ABCDE6150F1Z174,2023-01,4
15ABCDE6150F1Z174,2023-02,-4
15ABCDE6150F1Z174,2023-03,5
15ABCDE6150F1Z174,2023-04,-2
15ABCDE6150F1Z174,2023-05,-2
15ABCDE6150F1Z174,2023-06,-2
34ABCDE4644F1Z175,2023-01,2
34ABCDE4644F1Z175,2023-02,-1
34ABCDE4644F1Z175,2023-03,-5
34ABCDE4644F1Z175,2023-04,-5
34ABCDE4644F1Z175,2023-05,-3
34ABCDE4644F1Z175,2023-06,3
13ABCDE5696F1Z176,2023-01,-2
13ABCDE5696F1Z176,2023-02,0
13ABCDE5696F1Z176,2023-03,-4
13ABCDE5696F1Z176,2023-04,2
13ABCDE5696F1Z176,2023-05,-2
13ABCDE5696F1Z176,2023-06,3
14ABCDE5687F1Z177,2023-01,-3
14ABCDE5687F1Z177,2023-02,-1
14ABCDE5687F1Z177,2023-03,0
14ABCDE5687F1Z177,2023-04,5
14ABCDE5687F1Z177,2023-05,2
14ABCDE5687F1Z177,2023-06,-1
17ABCDE3400F1Z178,2023-01,5
17ABCDE3400F1Z178,2023-02,-1
17ABCDE3400F1Z178,2023-03,-4
17ABCDE3400F1Z178,2023-04,-1
17ABCDE3400F1Z178,2023-05,5
17ABCDE3400F1Z178,2023-06,-1
26ABCDE1845F1Z179,2023-01,3
26ABCDE1845F1Z179,2023-02,0
26ABCDE1845F1Z179,2023-03,3
26ABCDE1845F1Z179,2023-04,1
26ABCDE1845F1Z179,2023-05,3
26ABCDE1845F1Z179,2023-06,-5
32ABCDE6645F1Z180,2023-01,3
32ABCDE6645F1Z180,2023-02,-5
32ABCDE6645F1Z180,2023-03,1
32ABCDE6645F1Z180,2023-04,1
32ABCDE6645F1Z180,2023-05,2
32ABCDE6645F1Z180,2023-06,2
35ABCDE3063F1Z181,2023-01,1
35ABCDE3063F1Z181,2023-02,-3
35ABCDE3063F1Z181,2023-03,4
35ABCDE3063F1Z181,2023-04,-3
35ABCDE3063F1Z181,2023-05,3
35ABCDE3063F1Z181,2023-06,-2
13ABCDE3042F1Z182,2023-01,5
13ABCDE3042F1Z182,2023-02,-3
13ABCDE3042F1Z182,2023-03,0
13ABCDE3042F1Z182,2023-04,4
13ABCDE3042F1Z182,2023-05,3
13ABCDE3042F1Z182,2023-06,3
33ABCDE5021F1Z183,2023-01,1
33ABCDE5021F1Z183,2023-02,-4
33ABCDE5021F1Z183,2023-03,5
33ABCDE5021F1Z183,2023-04,-4
33ABCDE5021F1Z183,2023-05,4
33ABCDE5021F1Z183,2023-06,0
33ABCDE8614F1Z184,2023-01,-5
33ABCDE8614F1Z184,2023-02,-5
33ABCDE8614F1Z184,2023-03,5
33ABCDE8614F1Z184,2023-04,3
33ABCDE8614F1Z184,2023-05,-5
33ABCDE8614F1Z184,2023-06,-1
18ABCDE6417F1Z185,2023-01,4
18ABCDE6417F1Z185,2023-02,0
18ABCDE6417F1Z185,2023-03,2
18ABCDE6417F1Z185,2023-04,-3
18ABCDE6417F1Z185,2023-05,-2
18ABCDE6417F1Z185,2023-06,-2
20ABCDE4145F1Z186,2023-01,-2
20ABCDE4145F1Z186,2023-02,2
20ABCDE4145F1Z186,2023-03,0
20ABCDE4145F1Z186,2023-04,3
20ABCDE4145F1Z186,2023-05,2
20ABCDE4145F1Z186,2023-06,-5
14ABCDE1625F1Z187,2023-01,4
14ABCDE1625F1Z187,2023-02,4
14ABCDE1625F1Z187,2023-03,-4
14ABCDE1625F1Z187,2023-04,1
14ABCDE1625F1Z187,2023-05,3
14ABCDE1625F1Z187,2023-06,-5
20ABCDE8514F1Z188,2023-01,-1
20ABCDE8514F1Z188,2023-02,4
20ABCDE8514F1Z188,2023-03,5
20ABCDE8514F1Z188,2023-04,-1
20ABCDE8514F1Z188,2023-05,2
20ABCDE8514F1Z188,2023-06,-3
29ABCDE2754F1Z189,2023-01,5
29ABCDE2754F1Z189,2023-02,4
29ABCDE2754F1Z189,2023-03,2
29ABCDE2754F1Z189,2023-04,-1
29ABCDE2754F1Z189,2023-05,0
29ABCDE2754F1Z189,2023-06,-2
12ABCDE4679F1Z190,2023-01,0
12ABCDE4679F1Z190,2023-02,2
12ABCDE4679F1Z190,2023-03,-2
12ABCDE4679F1Z190,2023-04,-3
12ABCDE4679F1Z190,2023-05,-5
12ABCDE4679F1Z190,2023-06,-5
28ABCDE4249F1Z191,2023-01,1
28ABCDE4249F1Z191,2023-02,-5
28ABCDE4249F1Z191,2023-03,0
28ABCDE4249F1Z191,2023-04,-5
28ABCDE4249F1Z191,2023-05,0
28ABCDE4249F1Z191,2023-06,2
14ABCDE1347F1Z192,2023-01,-4
14ABCDE1347F1Z192,2023-02,2
14ABCDE1347F1Z192,2023-03,-2
14ABCDE1347F1Z192,2023-04,5
14ABCDE1347F1Z192,2023-05,-4
14ABCDE1347F1Z192,2023-06,-1
19ABCDE3312F1Z193,2023-01,-2
19ABCDE3312F1Z193,2023-02,0
19ABCDE3312F1Z193,2023-03,5
19ABCDE3312F1Z193,2023-04,-2
19ABCDE3312F1Z193,2023-05,-3
19ABCDE3312F1Z193,2023-06,-4
28ABCDE3893F1Z194,2023-01,2
28ABCDE3893F1Z194,2023-02,3
28ABCDE3893F1Z194,2023-03,0
28ABCDE3893F1Z194,2023-04,-5
28ABCDE3893F1Z194,2023-05,3
28ABCDE3893F1Z194,2023-06,4
15ABCDE5767F1Z195,2023-01,2
15ABCDE5767F1Z195,2023-02,0
15ABCDE5767F1Z195,2023-03,5
15ABCDE5767F1Z195,2023-04,1
15ABCDE5767F1Z195,2023-05,5
15ABCDE5767F1Z195,2023-06,4
10ABCDE6453F1Z196,2023-01,-2
10ABCDE6453F1Z196,2023-02,1
10ABCDE6453F1Z196,2023-03,2
10ABCDE6453F1Z196,2023-04,-2
10ABCDE6453F1Z196,2023-05,-1
10ABCDE6453F1Z196,2023-06,-4
35ABCDE6394F1Z197,2023-01,-5
35ABCDE6394F1Z197,2023-02,3
35ABCDE6394F1Z197,2023-03,3
35ABCDE6394F1Z197,2023-04,-5
35ABCDE6394F1Z197,2023-05,4
35ABCDE6394F1Z197,2023-06,1
22ABCDE3575F1Z198,2023-01,4
22ABCDE3575F1Z198,2023-02,0
22ABCDE3575F1Z198,2023-03,5
22ABCDE3575F1Z198,2023-04,4
22ABCDE3575F1Z198,2023-05,-4
22ABCDE3575F1Z198,2023-06,-2
30ABCDE4958F1Z199,2023-01,-4
30ABCDE4958F1Z199,2023-02,-4
30ABCDE4958F1Z199,2023-03,5
30ABCDE4958F1Z199,2023-04,-2
30ABCDE4958F1Z199,2023-05,-5
30ABCDE4958F1Z199,2023-06,5
13ABCDE2745F1Z200,2023-01,0
13ABCDE2745F1Z200,2023-02,5
13ABCDE2745F1Z200,2023-03,5
13ABCDE2745F1Z200,2023-04,5
13ABCDE2745F1Z200,2023-05,0
13ABCDE2745F1Z200,2023-06,2
11ABCDE4435F1Z201,2023-01,3
11ABCDE4435F1Z201,2023-02,3
11ABCDE4435F1Z201,2023-03,4
11ABCDE4435F1Z201,2023-04,-2
11ABCDE4435F1Z201,2023-05,4
11ABCDE4435F1Z201,2023-06,3
32ABCDE5215F1Z202,2023-01,5
32ABCDE5215F1Z202,2023-02,-2
32ABCDE5215F1Z202,2023-03,-2
32ABCDE5215F1Z202,2023-04,2
32ABCDE5215F1Z202,2023-05,-1
32ABCDE5215F1Z202,2023-06,3
26ABCDE9345F1Z203,2023-01,5
26ABCDE9345F1Z203,2023-02,-2
26ABCDE9345F1Z203,2023-03,-2
26ABCDE9345F1Z203,2023-04,3
26ABCDE9345F1Z203,2023-05,-3
26ABCDE9345F1Z203,2023-06,-2
23ABCDE7239F1Z204,2023-01,-3
23ABCDE7239F1Z204,2023-02,4
23ABCDE7239F1Z204,2023-03,5
23ABCDE7239F1Z204,2023-04,-3
23ABCDE7239F1Z204,2023-05,-5
23ABCDE7239F1Z204,2023-06,4
14ABCDE2119F1Z205,2023-01,3
14ABCDE2119F1Z205,2023-02,-3
14ABCDE2119F1Z205,2023-03,4
14ABCDE2119F1Z205,2023-04,-3
14ABCDE2119F1Z205,2023-05,-1
14ABCDE2119F1Z205,2023-06,1
11ABCDE5000F1Z206,2023-01,4
11ABCDE5000F1Z206,2023-02,1
11ABCDE5000F1Z206,2023-03,5
11ABCDE5000F1Z206,2023-04,-4
11ABCDE5000F1Z206,2023-05,-2
11ABCDE5000F1Z206,2023-06,-3
19ABCDE1195F1Z207,2023-01,2
19ABCDE1195F1Z207,2023-02,-5
19ABCDE1195F1Z207,2023-03,-4
19ABCDE1195F1Z207,2023-04,5
19ABCDE1195F1Z207,2023-05,5
19ABCDE1195F1Z207,2023-06,-3
22ABCDE3943F1Z208,2023-01,1
22ABCDE3943F1Z208,2023-02,-3
22ABCDE3943F1Z208,2023-03,-2
22ABCDE3943F1Z208,2023-04,1
22ABCDE3943F1Z208,2023-05,1
22ABCDE3943F1Z208,2023-06,4
36ABCDE6769F1Z209,2023-01,0
36ABCDE6769F1Z209,2023-02,3
36ABCDE6769F1Z209,2023-03,-3
36ABCDE6769F1Z209,2023-04,1
36ABCDE6769F1Z209,2023-05,2
36ABCDE6769F1Z209,2023-06,0
31ABCDE6714F1Z210,2023-01,-5
31ABCDE6714F1Z210,2023-02,3
31ABCDE6714F1Z210,2023-03,5
31ABCDE6714F1Z210,2023-04,-1
31ABCDE6714F1Z210,2023-05,-3
31ABCDE6714F1Z210,2023-06,-5
20ABCDE8817F1Z211,2023-01,5
20ABCDE8817F1Z211,2023-02,-1
20ABCDE8817F1Z211,2023-03,-4
20ABCDE8817F1Z211,2023-04,-3
20ABCDE8817F1Z211,2023-05,-2
20ABCDE8817F1Z211,2023-06,1
10ABCDE6103F1Z212,2023-01,-3
10ABCDE6103F1Z212,2023-02,1
10ABCDE6103F1Z212,2023-03,-5
10ABCDE6103F1Z212,2023-04,-5
10ABCDE6103F1Z212,2023-05,-5
10ABCDE6103F1Z212,2023-06,4
24ABCDE9901F1Z213,2023-01,-2
24ABCDE9901F1Z213,2023-02,3
24ABCDE9901F1Z213,2023-03,2
24ABCDE9901F1Z213,2023-04,-2
24ABCDE9901F1Z213,2023-05,-1
24ABCDE9901F1Z213,2023-06,-1
20ABCDE3243F1Z214,2023-01,-5
20ABCDE3243F1Z214,2023-02,3
20ABCDE3243F1Z214,2023-03,3
20ABCDE3243F1Z214,2023-04,-4
20ABCDE3243F1Z214,2023-05,0
20ABCDE3243F1Z214,2023-06,-1
14ABCDE5091F1Z215,2023-01,5
14ABCDE5091F1Z215,2023-02,0
14ABCDE5091F1Z215,2023-03,2
14ABCDE5091F1Z215,2023-04,5
14ABCDE5091F1Z215,2023-05,1
14ABCDE5091F1Z215,2023-06,3
36ABCDE8262F1Z216,2023-01,1
36ABCDE8262F1Z216,2023-02,5
36ABCDE8262F1Z216,2023-03,-3
36ABCDE8262F1Z216,2023-04,-2
36ABCDE8262F1Z216,2023-05,-4
36ABCDE8262F1Z216,2023-06,1
18ABCDE7285F1Z217,2023-01,4
18ABCDE7285F1Z217,2023-02,5
18ABCDE7285F1Z217,2023-03,-4
18ABCDE7285F1Z217,2023-04,5
18ABCDE7285F1Z217,2023-05,-1
18ABCDE7285F1Z217,2023-06,3
20ABCDE8643F1Z218,2023-01,-4
20ABCDE8643F1Z218,2023-02,-1
20ABCDE8643F1Z218,2023-03,2
20ABCDE8643F1Z218,2023-04,-1
20ABCDE8643F1Z218,2023-05,3
20ABCDE8643F1Z218,2023-06,-2
25ABCDE7716F1Z219,2023-01,2
25ABCDE7716F1Z219,2023-02,-2
25ABCDE7716F1Z219,2023-03,-4
25ABCDE7716F1Z219,2023-04,-1
25ABCDE7716F1Z219,2023-05,-1
25ABCDE7716F1Z219,2023-06,0
30ABCDE4720F1Z220,2023-01,1
30ABCDE4720F1Z220,2023-02,-1
30ABCDE4720F1Z220,2023-03,-5
30ABCDE4720F1Z220,2023-04,-4
30ABCDE4720F1Z220,2023-05,5
30ABCDE4720F1Z220,2023-06,1
36ABCDE2747F1Z221,2023-01,-5
36ABCDE2747F1Z221,2023-02,-3
36ABCDE2747F1Z221,2023-03,-2
36ABCDE2747F1Z221,2023-04,4
36ABCDE2747F1Z221,2023-05,-2
36ABCDE2747F1Z221,2023-06,5
34ABCDE6082F1Z222,2023-01,3
34ABCDE6082F1Z222,2023-02,-2
34ABCDE6082F1Z222,2023-03,-1
34ABCDE6082F1Z222,2023-04,2
34ABCDE6082F1Z222,2023-05,4
34ABCDE6082F1Z222,2023-06,-5
28ABCDE2013F1Z223,2023-01,-4
28ABCDE2013F1Z223,2023-02,1
28ABCDE2013F1Z223,2023-03,0
28ABCDE2013F1Z223,2023-04,-2
28ABCDE2013F1Z223,2023-05,-3
28ABCDE2013F1Z223,2023-06,1
29ABCDE7543F1Z224,2023-01,-2
29ABCDE7543F1Z224,2023-02,-1
29ABCDE7543F1Z224,2023-03,5
29ABCDE7543F1Z224,2023-04,2
29ABCDE7543F1Z224,2023-05,-5
29ABCDE7543F1Z224,2023-06,-3
25ABCDE7090F1Z225,2023-01,2
25ABCDE7090F1Z225,2023-02,-4
25ABCDE7090F1Z225,2023-03,4
25ABCDE7090F1Z225,2023-04,2
25ABCDE7090F1Z225,2023-05,-2
25ABCDE7090F1Z225,2023-06,-3
21ABCDE3051F1Z226,2023-01,2
21ABCDE3051F1Z226,2023-02,1
21ABCDE3051F1Z226,2023-03,-4
21ABCDE3051F1Z226,2023-04,-3
21ABCDE3051F1Z226,2023-05,0
21ABCDE3051F1Z226,2023-06,3
18ABCDE5246F1Z227,2023-01,-5
18ABCDE5246F1Z227,2023-02,-1
18ABCDE5246F1Z227,2023-03,-5
18ABCDE5246F1Z227,2023-04,-3
18ABCDE5246F1Z227,2023-05,3
18ABCDE5246F1Z227,2023-06,0
23ABCDE2439F1Z228,2023-01,-2
23ABCDE2439F1Z228,2023-02,5
23ABCDE2439F1Z228,2023-03,1
23ABCDE2439F1Z228,2023-04,-1
23ABCDE2439F1Z228,2023-05,4
23ABCDE2439F1Z228,2023-06,5
29ABCDE9226F1Z229,2023-01,5
29ABCDE9226F1Z229,2023-02,3
29ABCDE9226F1Z229,2023-03,4
29ABCDE9226F1Z229,2023-04,-5
29ABCDE9226F1Z229,2023-05,0
29ABCDE9226F1Z229,2023-06,3
17ABCDE6855F1Z230,2023-01,-1
17ABCDE6855F1Z230,2023-02,-1
17ABCDE6855F1Z230,2023-03,2
17ABCDE6855F1Z230,2023-04,3
17ABCDE6855F1Z230,2023-05,1
17ABCDE6855F1Z230,2023-06,-4
11ABCDE9526F1Z231,2023-01,0
11ABCDE9526F1Z231,2023-02,-3
11ABCDE9526F1Z231,2023-03,-2
11ABCDE9526F1Z231,2023-04,0
11ABCDE9526F1Z231,2023-05,-1
11ABCDE9526F1Z231,2023-06,5
24ABCDE7881F1Z232,2023-01,-4
24ABCDE7881F1Z232,2023-02,2
24ABCDE7881F1Z232,2023-03,1
24ABCDE7881F1Z232,2023-04,5
24ABCDE7881F1Z232,2023-05,3
24ABCDE7881F1Z232,2023-06,-5
12ABCDE1403F1Z233,2023-01,3
12ABCDE1403F1Z233,2023-02,-1
12ABCDE1403F1Z233,2023-03,2
12ABCDE1403F1Z233,2023-04,5
12ABCDE1403F1Z233,2023-05,4
12ABCDE1403F1Z233,2023-06,-2
30ABCDE1637F1Z234,2023-01,0
30ABCDE1637F1Z234,2023-02,-3
30ABCDE1637F1Z234,2023-03,0
30ABCDE1637F1Z234,2023-04,-4
30ABCDE1637F1Z234,2023-05,-2
30ABCDE1637F1Z234,2023-06,4
15ABCDE2702F1Z235,2023-01,-2
15ABCDE2702F1Z235,2023-02,3
15ABCDE2702F1Z235,2023-03,2
15ABCDE2702F1Z235,2023-04,4
15ABCDE2702F1Z235,2023-05,-4
15ABCDE2702F1Z235,2023-06,-4
27ABCDE1740F1Z236,2023-01,-1
27ABCDE1740F1Z236,2023-02,1
27ABCDE1740F1Z236,2023-03,-3
27ABCDE1740F1Z236,2023-04,0
27ABCDE1740F1Z236,2023-05,-4
27ABCDE1740F1Z236,2023-06,1
33ABCDE4255F1Z237,2023-01,-4
33ABCDE4255F1Z237,2023-02,-5
33ABCDE4255F1Z237,2023-03,-3
33ABCDE4255F1Z237,2023-04,2
33ABCDE4255F1Z237,2023-05,-2
33ABCDE4255F1Z237,2023-06,-1
23ABCDE8791F1Z238,2023-01,2
23ABCDE8791F1Z238,2023-02,3
23ABCDE8791F1Z238,2023-03,2
23ABCDE8791F1Z238,2023-04,-4
23ABCDE8791F1Z238,2023-05,2
23ABCDE8791F1Z238,2023-06,-5
18ABCDE2440F1Z239,2023-01,-4
18ABCDE2440F1Z239,2023-02,-5
18ABCDE2440F1Z239,2023-03,-3
18ABCDE2440F1Z239,2023-04,-4
18ABCDE2440F1Z239,2023-05,1
18ABCDE2440F1Z239,2023-06,5
19ABCDE3423F1Z240,2023-01,-2
19ABCDE3423F1Z240,2023-02,-5
19ABCDE3423F1Z240,2023-03,-1
19ABCDE3423F1Z240,2023-04,-2
19ABCDE3423F1Z240,2023-05,-3
19ABCDE3423F1Z240,2023-06,-5
33ABCDE5912F1Z241,2023-01,-1
33ABCDE5912F1Z241,2023-02,2
33ABCDE5912F1Z241,2023-03,1
33ABCDE5912F1Z241,2023-04,-4
33ABCDE5912F1Z241,2023-05,4
33ABCDE5912F1Z241,2023-06,2
28ABCDE7687F1Z242,2023-01,-3
28ABCDE7687F1Z242,2023-02,-4
28ABCDE7687F1Z242,2023-03,-5
28ABCDE7687F1Z242,2023-04,-5
28ABCDE7687F1Z242,2023-05,-1
28ABCDE7687F1Z242,2023-06,-5
16ABCDE2611F1Z243,2023-01,1
16ABCDE2611F1Z243,2023-02,3
16ABCDE2611F1Z243,2023-03,-2
16ABCDE2611F1Z243,2023-04,-4
16ABCDE2611F1Z243,2023-05,-2
16ABCDE2611F1Z243,2023-06,-1
29ABCDE9837F1Z244,2023-01,-5
29ABCDE9837F1Z244,2023-02,-1
29ABCDE9837F1Z244,2023-03,1
29ABCDE9837F1Z244,2023-04,-4
29ABCDE9837F1Z244,2023-05,-1
29ABCDE9837F1Z244,2023-06,1
26ABCDE9014F1Z245,2023-01,-2
26ABCDE9014F1Z245,2023-02,4
26ABCDE9014F1Z245,2023-03,4
26ABCDE9014F1Z245,2023-04,-4
26ABCDE9014F1Z245,2023-05,0
26ABCDE9014F1Z245,2023-06,-2
29ABCDE2567F1Z246,2023-01,-4
29ABCDE2567F1Z246,2023-02,-1
29ABCDE2567F1Z246,2023-03,3
29ABCDE2567F1Z246,2023-04,3
29ABCDE2567F1Z246,2023-05,2
29ABCDE2567F1Z246,2023-06,5
24ABCDE4544F1Z247,2023-01,3
24ABCDE4544F1Z247,2023-02,-5
24ABCDE4544F1Z247,2023-03,-5
24ABCDE4544F1Z247,2023-04,2
24ABCDE4544F1Z247,2023-05,4
24ABCDE4544F1Z247,2023-06,4
32ABCDE5706F1Z248,2023-01,5
32ABCDE5706F1Z248,2023-02,-4
32ABCDE5706F1Z248,2023-03,4
32ABCDE5706F1Z248,2023-04,-2
32ABCDE5706F1Z248,2023-05,4
32ABCDE5706F1Z248,2023-06,4
11ABCDE5245F1Z249,2023-01,4
11ABCDE5245F1Z249,2023-02,3
11ABCDE5245F1Z249,2023-03,-2
11ABCDE5245F1Z249,2023-04,2
11ABCDE5245F1Z249,2023-05,1
11ABCDE5245F1Z249,2023-06,-3
10ABCDE2632F1Z250,2023-01,-3
10ABCDE2632F1Z250,2023-02,1
10ABCDE2632F1Z250,2023-03,5
10ABCDE2632F1Z250,2023-04,1
10ABCDE2632F1Z250,2023-05,4
10ABCDE2632F1Z250,2023-06,2
22ABCDE7366F1Z251,2023-01,2
22ABCDE7366F1Z251,2023-02,2
22ABCDE7366F1Z251,2023-03,-5
22ABCDE7366F1Z251,2023-04,-5
22ABCDE7366F1Z251,2023-05,-1
22ABCDE7366F1Z251,2023-06,3
33ABCDE6017F1Z252,2023-01,1
33ABCDE6017F1Z252,2023-02,-5
33ABCDE6017F1Z252,2023-03,-3
33ABCDE6017F1Z252,2023-04,4
33ABCDE6017F1Z252,2023-05,3
33ABCDE6017F1Z252,2023-06,2
34ABCDE8198F1Z253,2023-01,-4
34ABCDE8198F1Z253,2023-02,5
34ABCDE8198F1Z253,2023-03,-1
34ABCDE8198F1Z253,2023-04,4
34ABCDE8198F1Z253,2023-05,-4
34ABCDE8198F1Z253,2023-06,3
24ABCDE8202F1Z254,2023-01,3
24ABCDE8202F1Z254,2023-02,-2
24ABCDE8202F1Z254,2023-03,0
24ABCDE8202F1Z254,2023-04,-1
24ABCDE8202F1Z254,2023-05,2
24ABCDE8202F1Z254,2023-06,-2
16ABCDE4144F1Z255,2023-01,4
16ABCDE4144F1Z255,2023-02,3
16ABCDE4144F1Z255,2023-03,3
16ABCDE4144F1Z255,2023-04,2
16ABCDE4144F1Z255,2023-05,1
16ABCDE4144F1Z255,2023-06,0
24ABCDE2224F1Z256,2023-01,0
24ABCDE2224F1Z256,2023-02,-2
24ABCDE2224F1Z256,2023-03,-2
24ABCDE2224F1Z256,2023-04,5
24ABCDE2224F1Z256,2023-05,1
24ABCDE2224F1Z256,2023-06,1
21ABCDE3055F1Z257,2023-01,-2
21ABCDE3055F1Z257,2023-02,0
21ABCDE3055F1Z257,2023-03,0
21ABCDE3055F1Z257,2023-04,5
21ABCDE3055F1Z257,2023-05,3
21ABCDE3055F1Z257,2023-06,1
14ABCDE3531F1Z258,2023-01,1
14ABCDE3531F1Z258,2023-02,0
14ABCDE3531F1Z258,2023-03,5
14ABCDE3531F1Z258,2023-04,-1
14ABCDE3531F1Z258,2023-05,4
14ABCDE3531F1Z258,2023-06,3
10ABCDE2230F1Z259,2023-01,0
10ABCDE2230F1Z259,2023-02,-1
10ABCDE2230F1Z259,2023-03,5
10ABCDE2230F1Z259,2023-04,2
10ABCDE2230F1Z259,2023-05,3
10ABCDE2230F1Z259,2023-06,-1
13ABCDE5429F1Z260,2023-01,2
13ABCDE5429F1Z260,2023-02,4
13ABCDE5429F1Z260,2023-03,-5
13ABCDE5429F1Z260,2023-04,0
13ABCDE5429F1Z260,2023-05,-1
13ABCDE5429F1Z260,2023-06,1
33ABCDE2828F1Z261,2023-01,0
33ABCDE2828F1Z261,2023-02,3
33ABCDE2828F1Z261,2023-03,-3
33ABCDE2828F1Z261,2023-04,-2
33ABCDE2828F1Z261,2023-05,-5
33ABCDE2828F1Z261,2023-06,5
36ABCDE2823F1Z262,2023-01,4
36ABCDE2823F1Z262,2023-02,-2
36ABCDE2823F1Z262,2023-03,3
36ABCDE2823F1Z262,2023-04,0
36ABCDE2823F1Z262,2023-05,0
36ABCDE2823F1Z262,2023-06,3
36ABCDE2858F1Z263,2023-01,5
36ABCDE2858F1Z263,2023-02,5
36ABCDE2858F1Z263,2023-03,-5
36ABCDE2858F1Z263,2023-04,2
36ABCDE2858F1Z263,2023-05,2
36ABCDE2858F1Z263,2023-06,-5
36ABCDE4648F1Z264,2023-01,0
36ABCDE4648F1Z264,2023-02,-3
36ABCDE4648F1Z264,2023-03,2
36ABCDE4648F1Z264,2023-04,1
36ABCDE4648F1Z264,2023-05,-4
36ABCDE4648F1Z264,2023-06,1
18ABCDE8021F1Z265,2023-01,3
18ABCDE8021F1Z265,2023-02,-4
18ABCDE8021F1Z265,2023-03,-5
18ABCDE8021F1Z265,2023-04,-2
18ABCDE8021F1Z265,2023-05,1
18ABCDE8021F1Z265,2023-06,0
17ABCDE5363F1Z266,2023-01,-3
17ABCDE5363F1Z266,2023-02,-2
17ABCDE5363F1Z266,2023-03,0
17ABCDE5363F1Z266,2023-04,-1
17ABCDE5363F1Z266,2023-05,3
17ABCDE5363F1Z266,2023-06,-1
19ABCDE8619F1Z267,2023-01,0
19ABCDE8619F1Z267,2023-02,0
19ABCDE8619F1Z267,2023-03,3
19ABCDE8619F1Z267,2023-04,-2
19ABCDE8619F1Z267,2023-05,2
19ABCDE8619F1Z267,2023-06,-5
18ABCDE7642F1Z268,2023-01,-3
18ABCDE7642F1Z268,2023-02,3
18ABCDE7642F1Z268,2023-03,2
18ABCDE7642F1Z268,2023-04,3
18ABCDE7642F1Z268,2023-05,-1
18ABCDE7642F1Z268,2023-06,3
14ABCDE5616F1Z269,2023-01,-5
14ABCDE5616F1Z269,2023-02,2
14ABCDE5616F1Z269,2023-03,2
14ABCDE5616F1Z269,2023-04,4
14ABCDE5616F1Z269,2023-05,-1
14ABCDE5616F1Z269,2023-06,0
28ABCDE8211F1Z270,2023-01,1
28ABCDE8211F1Z270,2023-02,2
28ABCDE8211F1Z270,2023-03,-2
28ABCDE8211F1Z270,2023-04,5
28ABCDE8211F1Z270,2023-05,-4
28ABCDE8211F1Z270,2023-06,2
21ABCDE2404F1Z271,2023-01,-1
21ABCDE2404F1Z271,2023-02,5
21ABCDE2404F1Z271,2023-03,1
21ABCDE2404F1Z271,2023-04,-1
21ABCDE2404F1Z271,2023-05,0
21ABCDE2404F1Z271,2023-06,5
34ABCDE9504F1Z272,2023-01,5
34ABCDE9504F1Z272,2023-02,-2
34ABCDE9504F1Z272,2023-03,0
34ABCDE9504F1Z272,2023-04,-3
34ABCDE9504F1Z272,2023-05,3
34ABCDE9504F1Z272,2023-06,1
32ABCDE6190F1Z273,2023-01,-4
32ABCDE6190F1Z273,2023-02,2
32ABCDE6190F1Z273,2023-03,-3
32ABCDE6190F1Z273,2023-04,3
32ABCDE6190F1Z273,2023-05,0
32ABCDE6190F1Z273,2023-06,5
36ABCDE6998F1Z274,2023-01,-1
36ABCDE6998F1Z274,2023-02,-3
36ABCDE6998F1Z274,2023-03,5
36ABCDE6998F1Z274,2023-04,-5
36ABCDE6998F1Z274,2023-05,-4
36ABCDE6998F1Z274,2023-06,-5
32ABCDE4830F1Z275,2023-01,-1
32ABCDE4830F1Z275,2023-02,4
32ABCDE4830F1Z275,2023-03,2
32ABCDE4830F1Z275,2023-04,1
32ABCDE4830F1Z275,2023-05,-3
32ABCDE4830F1Z275,2023-06,-5
31ABCDE2214F1Z276,2023-01,-3
31ABCDE2214F1Z276,2023-02,-3
31ABCDE2214F1Z276,2023-03,-5
31ABCDE2214F1Z276,2023-04,-2
31ABCDE2214F1Z276,2023-05,0
31ABCDE2214F1Z276,2023-06,-3
23ABCDE6337F1Z277,2023-01,3
23ABCDE6337F1Z277,2023-02,4
23ABCDE6337F1Z277,2023-03,-5
23ABCDE6337F1Z277,2023-04,1
23ABCDE6337F1Z277,2023-05,-3
23ABCDE6337F1Z277,2023-06,2
31ABCDE8652F1Z278,2023-01,1
31ABCDE8652F1Z278,2023-02,1
31ABCDE8652F1Z278,2023-03,3
31ABCDE8652F1Z278,2023-04,-1
31ABCDE8652F1Z278,2023-05,5
31ABCDE8652F1Z278,2023-06,-3
10ABCDE8383F1Z279,2023-01,5
10ABCDE8383F1Z279,2023-02,-2
10ABCDE8383F1Z279,2023-03,-5
10ABCDE8383F1Z279,2023-04,2
10ABCDE8383F1Z279,2023-05,-5
10ABCDE8383F1Z279,2023-06,-3
32ABCDE6115F1Z280,2023-01,0
32ABCDE6115F1Z280,2023-02,-4
32ABCDE6115F1Z280,2023-03,2
32ABCDE6115F1Z280,2023-04,1
32ABCDE6115F1Z280,2023-05,1
32ABCDE6115F1Z280,2023-06,0
32ABCDE9072F1Z281,2023-01,-1
32ABCDE9072F1Z281,2023-02,-3
32ABCDE9072F1Z281,2023-03,4
32ABCDE9072F1Z281,2023-04,-1
32ABCDE9072F1Z281,2023-05,-2
32ABCDE9072F1Z281,2023-06,3
23ABCDE8663F1Z282,2023-01,5
23ABCDE8663F1Z282,2023-02,4
23ABCDE8663F1Z282,2023-03,5
23ABCDE8663F1Z282,2023-04,0
23ABCDE8663F1Z282,2023-05,2
23ABCDE8663F1Z282,2023-06,1
20ABCDE3438F1Z283,2023-01,1
20ABCDE3438F1Z283,2023-02,2
20ABCDE3438F1Z283,2023-03,5
20ABCDE3438F1Z283,2023-04,5
20ABCDE3438F1Z283,2023-05,-2
20ABCDE3438F1Z283,2023-06,-1
16ABCDE9999F1Z284,2023-01,-4
16ABCDE9999F1Z284,2023-02,3
16ABCDE9999F1Z284,2023-03,-1
16ABCDE9999F1Z284,2023-04,-1
16ABCDE9999F1Z284,2023-05,1
16ABCDE9999F1Z284,2023-06,-5
16ABCDE7459F1Z285,2023-01,-2
16ABCDE7459F1Z285,2023-02,5
16ABCDE7459F1Z285,2023-03,2
16ABCDE7459F1Z285,2023-04,1
16ABCDE7459F1Z285,2023-05,-5
16ABCDE7459F1Z285,2023-06,1
14ABCDE9497F1Z286,2023-01,-3
14ABCDE9497F1Z286,2023-02,-3
14ABCDE9497F1Z286,2023-03,-3
14ABCDE9497F1Z286,2023-04,0
14ABCDE9497F1Z286,2023-05,4
14ABCDE9497F1Z286,2023-06,-4
27ABCDE4129F1Z287,2023-01,-3
27ABCDE4129F1Z287,2023-02,-4
27ABCDE4129F1Z287,2023-03,1
27ABCDE4129F1Z287,2023-04,3
27ABCDE4129F1Z287,2023-05,3
27ABCDE4129F1Z287,2023-06,5
15ABCDE9848F1Z288,2023-01,-5
15ABCDE9848F1Z288,2023-02,3
15ABCDE9848F1Z288,2023-03,-4
15ABCDE9848F1Z288,2023-04,-4
15ABCDE9848F1Z288,2023-05,1
15ABCDE9848F1Z288,2023-06,1
29ABCDE9053F1Z289,2023-01,3
29ABCDE9053F1Z289,2023-02,-1
29ABCDE9053F1Z289,2023-03,-2
29ABCDE9053F1Z289,2023-04,1
29ABCDE9053F1Z289,2023-05,-3
29ABCDE9053F1Z289,2023-06,-1
35ABCDE7124F1Z290,2023-01,-2
35ABCDE7124F1Z290,2023-02,4
35ABCDE7124F1Z290,2023-03,0
35ABCDE7124F1Z290,2023-04,2
35ABCDE7124F1Z290,2023-05,-3
35ABCDE7124F1Z290,2023-06,-1
19ABCDE3969F1Z291,2023-01,-3
19ABCDE3969F1Z291,2023-02,1
19ABCDE3969F1Z291,2023-03,3
19ABCDE3969F1Z291,2023-04,0
19ABCDE3969F1Z291,2023-05,0
19ABCDE3969F1Z291,2023-06,0
13ABCDE6500F1Z292,2023-01,3
13ABCDE6500F1Z292,2023-02,1
13ABCDE6500F1Z292,2023-03,-5
13ABCDE6500F1Z292,2023-04,3
13ABCDE6500F1Z292,2023-05,-4
13ABCDE6500F1Z292,2023-06,-5
33ABCDE3009F1Z293,2023-01,3
33ABCDE3009F1Z293,2023-02,-4
33ABCDE3009F1Z293,2023-03,5
33ABCDE3009F1Z293,2023-04,1
33ABCDE3009F1Z293,2023-05,-4
33ABCDE3009F1Z293,2023-06,5
25ABCDE5606F1Z294,2023-01,1
25ABCDE5606F1Z294,2023-02,-4
25ABCDE5606F1Z294,2023-03,2
25ABCDE5606F1Z294,2023-04,5
25ABCDE5606F1Z294,2023-05,0
25ABCDE5606F1Z294,2023-06,4
34ABCDE2965F1Z295,2023-01,3
34ABCDE2965F1Z295,2023-02,0
34ABCDE2965F1Z295,2023-03,-1
34ABCDE2965F1Z295,2023-04,1
34ABCDE2965F1Z295,2023-05,3
34ABCDE2965F1Z295,2023-06,2
25ABCDE8926F1Z296,2023-01,5
25ABCDE8926F1Z296,2023-02,5
25ABCDE8926F1Z296,2023-03,-2
25ABCDE8926F1Z296,2023-04,-3
25ABCDE8926F1Z296,2023-05,1
25ABCDE8926F1Z296,2023-06,-1
17ABCDE2794F1Z297,2023-01,-1
17ABCDE2794F1Z297,2023-02,-2
17ABCDE2794F1Z297,2023-03,-4
17ABCDE2794F1Z297,2023-04,0
17ABCDE2794F1Z297,2023-05,-5
17ABCDE2794F1Z297,2023-06,-2
20ABCDE6941F1Z298,2023-01,4
20ABCDE6941F1Z298,2023-02,-5
20ABCDE6941F1Z298,2023-03,0
20ABCDE6941F1Z298,2023-04,-5
20ABCDE6941F1Z298,2023-05,5
20ABCDE6941F1Z298,2023-06,-2
22ABCDE4849F1Z299,2023-01,-4
22ABCDE4849F1Z299,2023-02,1
22ABCDE4849F1Z299,2023-03,0
22ABCDE4849F1Z299,2023-04,-5
22ABCDE4849F1Z299,2023-05,5
22ABCDE4849F1Z299,2023-06,2
17ABCDE9382F1Z300,2023-01,2
17ABCDE9382F1Z300,2023-02,-1
17ABCDE9382F1Z300,2023-03,-3
17ABCDE9382F1Z300,2023-04,4
17ABCDE9382F1Z300,2023-05,-2
17ABCDE9382F1Z300,2023-06,-3
14ABCDE6012F1Z301,2023-01,4
14ABCDE6012F1Z301,2023-02,1
14ABCDE6012F1Z301,2023-03,-1
14ABCDE6012F1Z301,2023-04,1
14ABCDE6012F1Z301,2023-05,-1
14ABCDE6012F1Z301,2023-06,0
11ABCDE7783F1Z302,2023-01,3
11ABCDE7783F1Z302,2023-02,2
11ABCDE7783F1Z302,2023-03,-3
11ABCDE7783F1Z302,2023-04,5
11ABCDE7783F1Z302,2023-05,3
11ABCDE7783F1Z302,2023-06,-2
24ABCDE9818F1Z303,2023-01,0
24ABCDE9818F1Z303,2023-02,4
24ABCDE9818F1Z303,2023-03,-2
24ABCDE9818F1Z303,2023-04,2
24ABCDE9818F1Z303,2023-05,4
24ABCDE9818F1Z303,2023-06,0
10ABCDE5467F1Z304,2023-01,0
10ABCDE5467F1Z304,2023-02,-2
10ABCDE5467F1Z304,2023-03,-1
10ABCDE5467F1Z304,2023-04,0
10ABCDE5467F1Z304,2023-05,4
10ABCDE5467F1Z304,2023-06,0
30ABCDE4660F1Z305,2023-01,5
30ABCDE4660F1Z305,2023-02,2
30ABCDE4660F1Z305,2023-03,4
30ABCDE4660F1Z305,2023-04,-1
30ABCDE4660F1Z305,2023-05,-2
30ABCDE4660F1Z305,2023-06,5
28ABCDE6130F1Z306,2023-01,1
28ABCDE6130F1Z306,2023-02,5
28ABCDE6130F1Z306,2023-03,-5
28ABCDE6130F1Z306,2023-04,3
28ABCDE6130F1Z306,2023-05,4
28ABCDE6130F1Z306,2023-06,5
22ABCDE7516F1Z307,2023-01,-5
22ABCDE7516F1Z307,2023-02,1
22ABCDE7516F1Z307,2023-03,-4
22ABCDE7516F1Z307,2023-04,-4
22ABCDE7516F1Z307,2023-05,-1
22ABCDE7516F1Z307,2023-06,3
12ABCDE9551F1Z308,2023-01,-4
12ABCDE9551F1Z308,2023-02,-1
12ABCDE9551F1Z308,2023-03,0
12ABCDE9551F1Z308,2023-04,3
12ABCDE9551F1Z308,2023-05,5
12ABCDE9551F1Z308,2023-06,-5
36ABCDE2325F1Z309,2023-01,-5
36ABCDE2325F1Z309,2023-02,0
36ABCDE2325F1Z309,2023-03,0
36ABCDE2325F1Z309,2023-04,-1
36ABCDE2325F1Z309,2023-05,1
36ABCDE2325F1Z309,2023-06,-3
19ABCDE8897F1Z310,2023-01,-4
19ABCDE8897F1Z310,2023-02,-1
19ABCDE8897F1Z310,2023-03,2
19ABCDE8897F1Z310,2023-04,3
19ABCDE8897F1Z310,2023-05,-1
19ABCDE8897F1Z310,2023-06,-4
12ABCDE7574F1Z311,2023-01,-2
12ABCDE7574F1Z311,2023-02,4
12ABCDE7574F1Z311,2023-03,3
12ABCDE7574F1Z311,2023-04,2
12ABCDE7574F1Z311,2023-05,3
12ABCDE7574F1Z311,2023-06,1
30ABCDE4896F1Z312,2023-01,-4
30ABCDE4896F1Z312,2023-02,5
30ABCDE4896F1Z312,2023-03,-1
30ABCDE4896F1Z312,2023-04,4
30ABCDE4896F1Z312,2023-05,2
30ABCDE4896F1Z312,2023-06,3
23ABCDE5966F1Z313,2023-01,-1
23ABCDE5966F1Z313,2023-02,-2
23ABCDE5966F1Z313,2023-03,-4
23ABCDE5966F1Z313,2023-04,4
23ABCDE5966F1Z313,2023-05,-3
23ABCDE5966F1Z313,2023-06,-3
13ABCDE3080F1Z314,2023-01,-5
13ABCDE3080F1Z314,2023-02,-4
13ABCDE3080F1Z314,2023-03,4
13ABCDE3080F1Z314,2023-04,5
13ABCDE3080F1Z314,2023-05,4
13ABCDE3080F1Z314,2023-06,4
22ABCDE6794F1Z315,2023-01,4
22ABCDE6794F1Z315,2023-02,0
22ABCDE6794F1Z315,2023-03,-1
22ABCDE6794F1Z315,2023-04,-4
22ABCDE6794F1Z315,2023-05,1
22ABCDE6794F1Z315,2023-06,-3
22ABCDE3061F1Z316,2023-01,-1
22ABCDE3061F1Z316,2023-02,-5
22ABCDE3061F1Z316,2023-03,-5
22ABCDE3061F1Z316,2023-04,1
22ABCDE3061F1Z316,2023-05,1
22ABCDE3061F1Z316,2023-06,4
15ABCDE1206F1Z317,2023-01,-5
15ABCDE1206F1Z317,2023-02,-2
15ABCDE1206F1Z317,2023-03,0
15ABCDE1206F1Z317,2023-04,-5
15ABCDE1206F1Z317,2023-05,3
15ABCDE1206F1Z317,2023-06,-5
29ABCDE6322F1Z318,2023-01,-3
29ABCDE6322F1Z318,2023-02,-3
29ABCDE6322F1Z318,2023-03,3
29ABCDE6322F1Z318,2023-04,3
29ABCDE6322F1Z318,2023-05,-1
29ABCDE6322F1Z318,2023-06,-5
29ABCDE9456F1Z319,2023-01,2
29ABCDE9456F1Z319,2023-02,3
29ABCDE9456F1Z319,2023-03,0
29ABCDE9456F1Z319,2023-04,4
29ABCDE9456F1Z319,2023-05,4
29ABCDE9456F1Z319,2023-06,4
35ABCDE4571F1Z320,2023-01,0
35ABCDE4571F1Z320,2023-02,1
35ABCDE4571F1Z320,2023-03,-3
35ABCDE4571F1Z320,2023-04,5
35ABCDE4571F1Z320,2023-05,0
35ABCDE4571F1Z320,2023-06,5
13ABCDE2763F1Z321,2023-01,-5
13ABCDE2763F1Z321,2023-02,-3
13ABCDE2763F1Z321,2023-03,-2
13ABCDE2763F1Z321,2023-04,1
13ABCDE2763F1Z321,2023-05,1
13ABCDE2763F1Z321,2023-06,-1
10ABCDE7755F1Z322,2023-01,5
10ABCDE7755F1Z322,2023-02,-4
10ABCDE7755F1Z322,2023-03,0
10ABCDE7755F1Z322,2023-04,5
10ABCDE7755F1Z322,2023-05,-1
10ABCDE7755F1Z322,2023-06,2
20ABCDE1951F1Z323,2023-01,0
20ABCDE1951F1Z323,2023-02,2
20ABCDE1951F1Z323,2023-03,5
20ABCDE1951F1Z323,2023-04,-4
20ABCDE1951F1Z323,2023-05,0
20ABCDE1951F1Z323,2023-06,1
33ABCDE1289F1Z324,2023-01,3
33ABCDE1289F1Z324,2023-02,0
33ABCDE1289F1Z324,2023-03,3
33ABCDE1289F1Z324,2023-04,2
33ABCDE1289F1Z324,2023-05,4
33ABCDE1289F1Z324,2023-06,-3
19ABCDE3062F1Z325,2023-01,-5
19ABCDE3062F1Z325,2023-02,-3
19ABCDE3062F1Z325,2023-03,-5
19ABCDE3062F1Z325,2023-04,-2
19ABCDE3062F1Z325,2023-05,-4
19ABCDE3062F1Z325,2023-06,2
24ABCDE6836F1Z326,2023-01,0
24ABCDE6836F1Z326,2023-02,0
24ABCDE6836F1Z326,2023-03,-1
24ABCDE6836F1Z326,2023-04,0
24ABCDE6836F1Z326,2023-05,2
24ABCDE6836F1Z326,2023-06,3
21ABCDE5342F1Z327,2023-01,-1
21ABCDE5342F1Z327,2023-02,3
21ABCDE5342F1Z327,2023-03,4
21ABCDE5342F1Z327,2023-04,-4
21ABCDE5342F1Z327,2023-05,-1
21ABCDE5342F1Z327,2023-06,3
22ABCDE5239F1Z328,2023-01,-3
22ABCDE5239F1Z328,2023-02,5
22ABCDE5239F1Z328,2023-03,-5
22ABCDE5239F1Z328,2023-04,-1
22ABCDE5239F1Z328,2023-05,-5
22ABCDE5239F1Z328,2023-06,-5
35ABCDE9732F1Z329,2023-01,5
35ABCDE9732F1Z329,2023-02,-2
35ABCDE9732F1Z329,2023-03,4
35ABCDE9732F1Z329,2023-04,4
35ABCDE9732F1Z329,2023-05,-5
35ABCDE9732F1Z329,2023-06,1
34ABCDE2620F1Z330,2023-01,-5
34ABCDE2620F1Z330,2023-02,5
34ABCDE2620F1Z330,2023-03,-5
34ABCDE2620F1Z330,2023-04,0
34ABCDE2620F1Z330,2023-05,5
34ABCDE2620F1Z330,2023-06,-1
35ABCDE5714F1Z331,2023-01,5
35ABCDE5714F1Z331,2023-02,-2
35ABCDE5714F1Z331,2023-03,2
35ABCDE5714F1Z331,2023-04,1
35ABCDE5714F1Z331,2023-05,-1
35ABCDE5714F1Z331,2023-06,-1
35ABCDE6339F1Z332,2023-01,-2
35ABCDE6339F1Z332,2023-02,5
35ABCDE6339F1Z332,2023-03,0
35ABCDE6339F1Z332,2023-04,1
35ABCDE6339F1Z332,2023-05,5
35ABCDE6339F1Z332,2023-06,2
28ABCDE8522F1Z333,2023-01,2
28ABCDE8522F1Z333,2023-02,-4
28ABCDE8522F1Z333,2023-03,-1
28ABCDE8522F1Z333,2023-04,-2
28ABCDE8522F1Z333,2023-05,-1
28ABCDE8522F1Z333,2023-06,-5
25ABCDE5895F1Z334,2023-01,1
25ABCDE5895F1Z334,2023-02,-2
25ABCDE5895F1Z334,2023-03,-1
25ABCDE5895F1Z334,2023-04,-1
25ABCDE5895F1Z334,2023-05,-4
25ABCDE5895F1Z334,2023-06,-2
11ABCDE9454F1Z335,2023-01,-2
11ABCDE9454F1Z335,2023-02,-2
11ABCDE9454F1Z335,2023-03,-3
11ABCDE9454F1Z335,2023-04,-2
11ABCDE9454F1Z335,2023-05,2
11ABCDE9454F1Z335,2023-06,4
25ABCDE7371F1Z336,2023-01,1
25ABCDE7371F1Z336,2023-02,0
25ABCDE7371F1Z336,2023-03,2
25ABCDE7371F1Z336,2023-04,3
25ABCDE7371F1Z336,2023-05,-5
25ABCDE7371F1Z336,2023-06,-4
23ABCDE9672F1Z337,2023-01,-4
23ABCDE9672F1Z337,2023-02,3
23ABCDE9672F1Z337,2023-03,-2
23ABCDE9672F1Z337,2023-04,3
23ABCDE9672F1Z337,2023-05,-1
23ABCDE9672F1Z337,2023-06,3
34ABCDE7302F1Z338,2023-01,4
34ABCDE7302F1Z338,2023-02,-2
34ABCDE7302F1Z338,2023-03,-3
34ABCDE7302F1Z338,2023-04,-1
34ABCDE7302F1Z338,2023-05,-3
34ABCDE7302F1Z338,2023-06,3
12ABCDE9342F1Z339,2023-01,5
12ABCDE9342F1Z339,2023-02,3
12ABCDE9342F1Z339,2023-03,4
12ABCDE9342F1Z339,2023-04,5
12ABCDE9342F1Z339,2023-05,0
12ABCDE9342F1Z339,2023-06,-4
16ABCDE9404F1Z340,2023-01,1
16ABCDE9404F1Z340,2023-02,-3
16ABCDE9404F1Z340,2023-03,-4
16ABCDE9404F1Z340,2023-04,-5
16ABCDE9404F1Z340,2023-05,-5
16ABCDE9404F1Z340,2023-06,-5
11ABCDE4401F1Z341,2023-01,-2
11ABCDE4401F1Z341,2023-02,0
11ABCDE4401F1Z341,2023-03,0
11ABCDE4401F1Z341,2023-04,-1
11ABCDE4401F1Z341,2023-05,-1
11ABCDE4401F1Z341,2023-06,5
28ABCDE6170F1Z342,2023-01,2
28ABCDE6170F1Z342,2023-02,3
28ABCDE6170F1Z342,2023-03,3
28ABCDE6170F1Z342,2023-04,-4
28ABCDE6170F1Z342,2023-05,-2
28ABCDE6170F1Z342,2023-06,2
31ABCDE9979F1Z343,2023-01,-4
31ABCDE9979F1Z343,2023-02,0
31ABCDE9979F1Z343,2023-03,-4
31ABCDE9979F1Z343,2023-04,-3
31ABCDE9979F1Z343,2023-05,-2
31ABCDE9979F1Z343,2023-06,3
33ABCDE7671F1Z344,2023-01,-5
33ABCDE7671F1Z344,2023-02,0
33ABCDE7671F1Z344,2023-03,1
33ABCDE7671F1Z344,2023-04,5
33ABCDE7671F1Z344,2023-05,-2
33ABCDE7671F1Z344,2023-06,3
33ABCDE1960F1Z345,2023-01,-2
33ABCDE1960F1Z345,2023-02,-4
33ABCDE1960F1Z345,2023-03,1
33ABCDE1960F1Z345,2023-04,2
33ABCDE1960F1Z345,2023-05,2
33ABCDE1960F1Z345,2023-06,3
34ABCDE5926F1Z346,2023-01,-3
34ABCDE5926F1Z346,2023-02,-4
34ABCDE5926F1Z346,2023-03,0
34ABCDE5926F1Z346,2023-04,-4
34ABCDE5926F1Z346,2023-05,-2
34ABCDE5926F1Z346,2023-06,-2
23ABCDE6474F1Z347,2023-01,2
23ABCDE6474F1Z347,2023-02,-2
23ABCDE6474F1Z347,2023-03,-5
23ABCDE6474F1Z347,2023-04,-5
23ABCDE6474F1Z347,2023-05,0
23ABCDE6474F1Z347,2023-06,3
14ABCDE5126F1Z348,2023-01,-5
14ABCDE5126F1Z348,2023-02,4
14ABCDE5126F1Z348,2023-03,0
14ABCDE5126F1Z348,2023-04,0
14ABCDE5126F1Z348,2023-05,2
14ABCDE5126F1Z348,2023-06,0
11ABCDE6606F1Z349,2023-01,2
11ABCDE6606F1Z349,2023-02,-3
11ABCDE6606F1Z349,2023-03,4
11ABCDE6606F1Z349,2023-04,-1
11ABCDE6606F1Z349,2023-05,2
11ABCDE6606F1Z349,2023-06,5
11ABCDE4242F1Z350,2023-01,0
11ABCDE4242F1Z350,2023-02,-5
11ABCDE4242F1Z350,2023-03,1
11ABCDE4242F1Z350,2023-04,0
11ABCDE4242F1Z350,2023-05,-5
11ABCDE4242F1Z350,2023-06,2
16ABCDE1192F1Z351,2023-01,4
16ABCDE1192F1Z351,2023-02,3
16ABCDE1192F1Z351,2023-03,-1
16ABCDE1192F1Z351,2023-04,-1
16ABCDE1192F1Z351,2023-05,-3
16ABCDE1192F1Z351,2023-06,4
14ABCDE9542F1Z352,2023-01,-5
14ABCDE9542F1Z352,2023-02,2
14ABCDE9542F1Z352,2023-03,2
14ABCDE9542F1Z352,2023-04,4
14ABCDE9542F1Z352,2023-05,2
14ABCDE9542F1Z352,2023-06,-4
36ABCDE5527F1Z353,2023-01,0
36ABCDE5527F1Z353,2023-02,1
36ABCDE5527F1Z353,2023-03,-2
36ABCDE5527F1Z353,2023-04,-2
36ABCDE5527F1Z353,2023-05,-5
36ABCDE5527F1Z353,2023-06,-5
13ABCDE2951F1Z354,2023-01,-1
13ABCDE2951F1Z354,2023-02,-2
13ABCDE2951F1Z354,2023-03,-5
13ABCDE2951F1Z354,2023-04,2
13ABCDE2951F1Z354,2023-05,-3
13ABCDE2951F1Z354,2023-06,2
34ABCDE1872F1Z355,2023-01,1
34ABCDE1872F1Z355,2023-02,-4
34ABCDE1872F1Z355,2023-03,-2
34ABCDE1872F1Z355,2023-04,-2
34ABCDE1872F1Z355,2023-05,4
34ABCDE1872F1Z355,2023-06,-4
33ABCDE3805F1Z356,2023-01,-4
33ABCDE3805F1Z356,2023-02,2
33ABCDE3805F1Z356,2023-03,2
33ABCDE3805F1Z356,2023-04,-1
33ABCDE3805F1Z356,2023-05,-4
33ABCDE3805F1Z356,2023-06,-5
14ABCDE6233F1Z357,2023-01,0
14ABCDE6233F1Z357,2023-02,5
14ABCDE6233F1Z357,2023-03,1
14ABCDE6233F1Z357,2023-04,-4
14ABCDE6233F1Z357,2023-05,2
14ABCDE6233F1Z357,2023-06,3
13ABCDE4011F1Z358,2023-01,5
13ABCDE4011F1Z358,2023-02,-3
13ABCDE4011F1Z358,2023-03,5
13ABCDE4011F1Z358,2023-04,5
13ABCDE4011F1Z358,2023-05,5
13ABCDE4011F1Z358,2023-06,5
30ABCDE3270F1Z359,2023-01,1
30ABCDE3270F1Z359,2023-02,2
30ABCDE3270F1Z359,2023-03,-1
30ABCDE3270F1Z359,2023-04,-1
30ABCDE3270F1Z359,2023-05,0
30ABCDE3270F1Z359,2023-06,-1
11ABCDE3056F1Z360,2023-01,-1
11ABCDE3056F1Z360,2023-02,0
11ABCDE3056F1Z360,2023-03,-3
11ABCDE3056F1Z360,2023-04,-2
11ABCDE3056F1Z360,2023-05,-1
11ABCDE3056F1Z360,2023-06,3
34ABCDE6099F1Z361,2023-01,-5
34ABCDE6099F1Z361,2023-02,-3
34ABCDE6099F1Z361,2023-03,2
34ABCDE6099F1Z361,2023-04,-2
34ABCDE6099F1Z361,2023-05,2
34ABCDE6099F1Z361,2023-06,4
19ABCDE9087F1Z362,2023-01,0
19ABCDE9087F1Z362,2023-02,-3
19ABCDE9087F1Z362,2023-03,-1
19ABCDE9087F1Z362,2023-04,2
19ABCDE9087F1Z362,2023-05,-1
19ABCDE9087F1Z362,2023-06,0
29ABCDE1420F1Z363,2023-01,1
29ABCDE1420F1Z363,2023-02,-1
29ABCDE1420F1Z363,2023-03,1
29ABCDE1420F1Z363,2023-04,-3
29ABCDE1420F1Z363,2023-05,-4
29ABCDE1420F1Z363,2023-06,5
30ABCDE5075F1Z364,2023-01,5
30ABCDE5075F1Z364,2023-02,-3
30ABCDE5075F1Z364,2023-03,-1
30ABCDE5075F1Z364,2023-04,1
30ABCDE5075F1Z364,2023-05,-5
30ABCDE5075F1Z364,2023-06,4
11ABCDE9778F1Z365,2023-01,-4
11ABCDE9778F1Z365,2023-02,-1
11ABCDE9778F1Z365,2023-03,2
11ABCDE9778F1Z365,2023-04,-1
11ABCDE9778F1Z365,2023-05,4
11ABCDE9778F1Z365,2023-06,-4
35ABCDE9200F1Z366,2023-01,0
35ABCDE9200F1Z366,2023-02,1
35ABCDE9200F1Z366,2023-03,-5
35ABCDE9200F1Z366,2023-04,5
35ABCDE9200F1Z366,2023-05,-1
35ABCDE9200F1Z366,2023-06,-1
29ABCDE6877F1Z367,2023-01,3
29ABCDE6877F1Z367,2023-02,-4
29ABCDE6877F1Z367,2023-03,1
29ABCDE6877F1Z367,2023-04,3
29ABCDE6877F1Z367,2023-05,2
29ABCDE6877F1Z367,2023-06,3
15ABCDE7557F1Z368,2023-01,-1
15ABCDE7557F1Z368,2023-02,-3
15ABCDE7557F1Z368,2023-03,-5
15ABCDE7557F1Z368,2023-04,4
15ABCDE7557F1Z368,2023-05,-4
15ABCDE7557F1Z368,2023-06,-4
17ABCDE4247F1Z369,2023-01,-5
17ABCDE4247F1Z369,2023-02,5
17ABCDE4247F1Z369,2023-03,-1
17ABCDE4247F1Z369,2023-04,-4
17ABCDE4247F1Z369,2023-05,0
17ABCDE4247F1Z369,2023-06,5
10ABCDE5380F1Z370,2023-01,-4
10ABCDE5380F1Z370,2023-02,0
10ABCDE5380F1Z370,2023-03,-2
10ABCDE5380F1Z370,2023-04,-4
10ABCDE5380F1Z370,2023-05,2
10ABCDE5380F1Z370,2023-06,-3
11ABCDE2895F1Z371,2023-01,5
11ABCDE2895F1Z371,2023-02,-5
11ABCDE2895F1Z371,2023-03,-5
11ABCDE2895F1Z371,2023-04,1
11ABCDE2895F1Z371,2023-05,5
11ABCDE2895F1Z371,2023-06,-5
16ABCDE4602F1Z372,2023-01,2
16ABCDE4602F1Z372,2023-02,2
16ABCDE4602F1Z372,2023-03,-3
16ABCDE4602F1Z372,2023-04,0
16ABCDE4602F1Z372,2023-05,5
16ABCDE4602F1Z372,2023-06,4
28ABCDE4668F1Z373,2023-01,5
28ABCDE4668F1Z373,2023-02,4
28ABCDE4668F1Z373,2023-03,-5
28ABCDE4668F1Z373,2023-04,-1
28ABCDE4668F1Z373,2023-05,1
28ABCDE4668F1Z373,2023-06,3
29ABCDE9884F1Z374,2023-01,-4
29ABCDE9884F1Z374,2023-02,5
29ABCDE9884F1Z374,2023-03,-3
29ABCDE9884F1Z374,2023-04,5
29ABCDE9884F1Z374,2023-05,2
29ABCDE9884F1Z374,2023-06,-4
26ABCDE3547F1Z375,2023-01,-1
26ABCDE3547F1Z375,2023-02,-2
26ABCDE3547F1Z375,2023-03,1
26ABCDE3547F1Z375,2023-04,5
26ABCDE3547F1Z375,2023-05,-5
26ABCDE3547F1Z375,2023-06,-4
29ABCDE7813F1Z376,2023-01,-5
29ABCDE7813F1Z376,2023-02,4
29ABCDE7813F1Z376,2023-03,4
29ABCDE7813F1Z376,2023-04,1
29ABCDE7813F1Z376,2023-05,2
29ABCDE7813F1Z376,2023-06,5
23ABCDE7531F1Z377,2023-01,-2
23ABCDE7531F1Z377,2023-02,-4
23ABCDE7531F1Z377,2023-03,2
23ABCDE7531F1Z377,2023-04,3
23ABCDE7531F1Z377,2023-05,4
23ABCDE7531F1Z377,2023-06,1
27ABCDE7902F1Z378,2023-01,5
27ABCDE7902F1Z378,2023-02,2
27ABCDE7902F1Z378,2023-03,-3
27ABCDE7902F1Z378,2023-04,-2
27ABCDE7902F1Z378,2023-05,-5
27ABCDE7902F1Z378,2023-06,-4
22ABCDE8896F1Z379,2023-01,5
22ABCDE8896F1Z379,2023-02,-5
22ABCDE8896F1Z379,2023-03,-2
22ABCDE8896F1Z379,2023-04,1
22ABCDE8896F1Z379,2023-05,-3
22ABCDE8896F1Z379,2023-06,2
10ABCDE6952F1Z380,2023-01,5
10ABCDE6952F1Z380,2023-02,-4
10ABCDE6952F1Z380,2023-03,-3
10ABCDE6952F1Z380,2023-04,-5
10ABCDE6952F1Z380,2023-05,4
10ABCDE6952F1Z380,2023-06,0
17ABCDE8964F1Z381,2023-01,2
17ABCDE8964F1Z381,2023-02,-1
17ABCDE8964F1Z381,2023-03,-2
17ABCDE8964F1Z381,2023-04,-2
17ABCDE8964F1Z381,2023-05,-3
17ABCDE8964F1Z381,2023-06,-2
24ABCDE6266F1Z382,2023-01,-5
24ABCDE6266F1Z382,2023-02,-3
24ABCDE6266F1Z382,2023-03,4
24ABCDE6266F1Z382,2023-04,3
24ABCDE6266F1Z382,2023-05,0
24ABCDE6266F1Z382,2023-06,3
20ABCDE6034F1Z383,2023-01,0
20ABCDE6034F1Z383,2023-02,-1
20ABCDE6034F1Z383,2023-03,-2
20ABCDE6034F1Z383,2023-04,-5
20ABCDE6034F1Z383,2023-05,-5
20ABCDE6034F1Z383,2023-06,-5
13ABCDE1907F1Z384,2023-01,5
13ABCDE1907F1Z384,2023-02,-1
13ABCDE1907F1Z384,2023-03,4
13ABCDE1907F1Z384,2023-04,-1
13ABCDE1907F1Z384,2023-05,-4
13ABCDE1907F1Z384,2023-06,3
16ABCDE3960F1Z385,2023-01,-5
16ABCDE3960F1Z385,2023-02,-5
16ABCDE3960F1Z385,2023-03,-1
16ABCDE3960F1Z385,2023-04,1
16ABCDE3960F1Z385,2023-05,4
16ABCDE3960F1Z385,2023-06,-3
11ABCDE1305F1Z386,2023-01,-1
11ABCDE1305F1Z386,2023-02,3
11ABCDE1305F1Z386,2023-03,1
11ABCDE1305F1Z386,2023-04,-1
11ABCDE1305F1Z386,2023-05,4
11ABCDE1305F1Z386,2023-06,-2
15ABCDE1019F1Z387,2023-01,-4
15ABCDE1019F1Z387,2023-02,-3
15ABCDE1019F1Z387,2023-03,3
15ABCDE1019F1Z387,2023-04,-2
15ABCDE1019F1Z387,2023-05,-4
15ABCDE1019F1Z387,2023-06,-4
27ABCDE2953F1Z388,2023-01,-5
27ABCDE2953F1Z388,2023-02,-1
27ABCDE2953F1Z388,2023-03,1
27ABCDE2953F1Z388,2023-04,0
27ABCDE2953F1Z388,2023-05,5
27ABCDE2953F1Z388,2023-06,-4
29ABCDE3456F1Z389,2023-01,-4
29ABCDE3456F1Z389,2023-02,4
29ABCDE3456F1Z389,2023-03,-5
29ABCDE3456F1Z389,2023-04,1
29ABCDE3456F1Z389,2023-05,3
29ABCDE3456F1Z389,2023-06,3
17ABCDE4143F1Z390,2023-01,2
17ABCDE4143F1Z390,2023-02,-4
17ABCDE4143F1Z390,2023-03,-1
17ABCDE4143F1Z390,2023-04,-4
17ABCDE4143F1Z390,2023-05,2
17ABCDE4143F1Z390,2023-06,1
27ABCDE5718F1Z391,2023-01,4
27ABCDE5718F1Z391,2023-02,5
27ABCDE5718F1Z391,2023-03,-2
27ABCDE5718F1Z391,2023-04,-2
27ABCDE5718F1Z391,2023-05,-2
27ABCDE5718F1Z391,2023-06,2
18ABCDE4534F1Z392,2023-01,-3
18ABCDE4534F1Z392,2023-02,2
18ABCDE4534F1Z392,2023-03,-3
18ABCDE4534F1Z392,2023-04,4
18ABCDE4534F1Z392,2023-05,-4
18ABCDE4534F1Z392,2023-06,-4
20ABCDE9079F1Z393,2023-01,-2
20ABCDE9079F1Z393,2023-02,-3
20ABCDE9079F1Z393,2023-03,5
20ABCDE9079F1Z393,2023-04,0
20ABCDE9079F1Z393,2023-05,0
20ABCDE9079F1Z393,2023-06,3
20ABCDE4883F1Z394,2023-01,4
20ABCDE4883F1Z394,2023-02,-3
20ABCDE4883F1Z394,2023-03,0
20ABCDE4883F1Z394,2023-04,-2
20ABCDE4883F1Z394,2023-05,2
20ABCDE4883F1Z394,2023-06,3
25ABCDE3009F1Z395,2023-01,-3
25ABCDE3009F1Z395,2023-02,-3
25ABCDE3009F1Z395,2023-03,-5
25ABCDE3009F1Z395,2023-04,3
25ABCDE3009F1Z395,2023-05,-1
25ABCDE3009F1Z395,2023-06,1
36ABCDE3024F1Z396,2023-01,4
36ABCDE3024F1Z396,2023-02,-3
36ABCDE3024F1Z396,2023-03,-3
36ABCDE3024F1Z396,2023-04,-4
36ABCDE3024F1Z396,2023-05,-3
36ABCDE3024F1Z396,2023-06,0
17ABCDE1790F1Z397,2023-01,3
17ABCDE1790F1Z397,2023-02,-4
17ABCDE1790F1Z397,2023-03,5
17ABCDE1790F1Z397,2023-04,0
17ABCDE1790F1Z397,2023-05,5
17ABCDE1790F1Z397,2023-06,3
31ABCDE9122F1Z398,2023-01,-4
31ABCDE9122F1Z398,2023-02,-2
31ABCDE9122F1Z398,2023-03,4
31ABCDE9122F1Z398,2023-04,3
31ABCDE9122F1Z398,2023-05,-5
31ABCDE9122F1Z398,2023-06,-1
14ABCDE1947F1Z399,2023-01,5
14ABCDE1947F1Z399,2023-02,3
14ABCDE1947F1Z399,2023-03,-3
14ABCDE1947F1Z399,2023-04,5
14ABCDE1947F1Z399,2023-05,4
14ABCDE1947F1Z399,2023-06,3
17ABCDE9250F1Z400,2023-01,-4
17ABCDE9250F1Z400,2023-02,3
17ABCDE9250F1Z400,2023-03,3
17ABCDE9250F1Z400,2023-04,4
17ABCDE9250F1Z400,2023-05,4
17ABCDE9250F1Z400,2023-06,0
23ABCDE4512F1Z401,2023-01,-4
23ABCDE4512F1Z401,2023-02,5
23ABCDE4512F1Z401,2023-03,5
23ABCDE4512F1Z401,2023-04,-4
23ABCDE4512F1Z401,2023-05,-3
23ABCDE4512F1Z401,2023-06,4
24ABCDE1083F1Z402,2023-01,-4
24ABCDE1083F1Z402,2023-02,4
24ABCDE1083F1Z402,2023-03,-3
24ABCDE1083F1Z402,2023-04,0
24ABCDE1083F1Z402,2023-05,4
24ABCDE1083F1Z402,2023-06,1
15ABCDE8613F1Z403,2023-01,5
15ABCDE8613F1Z403,2023-02,4
15ABCDE8613F1Z403,2023-03,-2
15ABCDE8613F1Z403,2023-04,4
15ABCDE8613F1Z403,2023-05,-2
15ABCDE8613F1Z403,2023-06,3
23ABCDE2691F1Z404,2023-01,1
23ABCDE2691F1Z404,2023-02,4
23ABCDE2691F1Z404,2023-03,5
23ABCDE2691F1Z404,2023-04,3
23ABCDE2691F1Z404,2023-05,-2
23ABCDE2691F1Z404,2023-06,-1
36ABCDE8584F1Z405,2023-01,-5
36ABCDE8584F1Z405,2023-02,-2
36ABCDE8584F1Z405,2023-03,-1
36ABCDE8584F1Z405,2023-04,1
36ABCDE8584F1Z405,2023-05,-1
36ABCDE8584F1Z405,2023-06,-4
36ABCDE1854F1Z406,2023-01,5
36ABCDE1854F1Z406,2023-02,-4
36ABCDE1854F1Z406,2023-03,5
36ABCDE1854F1Z406,2023-04,5
36ABCDE1854F1Z406,2023-05,4
36ABCDE1854F1Z406,2023-06,2
11ABCDE4822F1Z407,2023-01,4
11ABCDE4822F1Z407,2023-02,-1
11ABCDE4822F1Z407,2023-03,4
11ABCDE4822F1Z407,2023-04,1
11ABCDE4822F1Z407,2023-05,-4
11ABCDE4822F1Z407,2023-06,-1
23ABCDE2097F1Z408,2023-01,5
23ABCDE2097F1Z408,2023-02,2
23ABCDE2097F1Z408,2023-03,5
23ABCDE2097F1Z408,2023-04,-3
23ABCDE2097F1Z408,2023-05,-2
23ABCDE2097F1Z408,2023-06,4
24ABCDE4715F1Z409,2023-01,-4
24ABCDE4715F1Z409,2023-02,2
24ABCDE4715F1Z409,2023-03,2
24ABCDE4715F1Z409,2023-04,-1
24ABCDE4715F1Z409,2023-05,-4
24ABCDE4715F1Z409,2023-06,1
27ABCDE3137F1Z410,2023-01,-3
27ABCDE3137F1Z410,2023-02,3
27ABCDE3137F1Z410,2023-03,1
27ABCDE3137F1Z410,2023-04,0
27ABCDE3137F1Z410,2023-05,-3
27ABCDE3137F1Z410,2023-06,4
24ABCDE9550F1Z411,2023-01,5
24ABCDE9550F1Z411,2023-02,4
24ABCDE9550F1Z411,2023-03,3
24ABCDE9550F1Z411,2023-04,1
24ABCDE9550F1Z411,2023-05,3
24ABCDE9550F1Z411,2023-06,2
36ABCDE8114F1Z412,2023-01,1
36ABCDE8114F1Z412,2023-02,4
36ABCDE8114F1Z412,2023-03,-5
36ABCDE8114F1Z412,2023-04,-5
36ABCDE8114F1Z412,2023-05,-5
36ABCDE8114F1Z412,2023-06,0
11ABCDE1099F1Z413,2023-01,0
11ABCDE1099F1Z413,2023-02,1
11ABCDE1099F1Z413,2023-03,-1
11ABCDE1099F1Z413,2023-04,1
11ABCDE1099F1Z413,2023-05,-2
11ABCDE1099F1Z413,2023-06,2
16ABCDE2466F1Z414,2023-01,2
16ABCDE2466F1Z414,2023-02,-4
16ABCDE2466F1Z414,2023-03,0
16ABCDE2466F1Z414,2023-04,3
16ABCDE2466F1Z414,2023-05,-2
16ABCDE2466F1Z414,2023-06,-1
14ABCDE6226F1Z415,2023-01,-2
14ABCDE6226F1Z415,2023-02,-2
14ABCDE6226F1Z415,2023-03,5
14ABCDE6226F1Z415,2023-04,3
14ABCDE6226F1Z415,2023-05,-5
14ABCDE6226F1Z415,2023-06,-2
28ABCDE8598F1Z416,2023-01,-1
28ABCDE8598F1Z416,2023-02,-3
28ABCDE8598F1Z416,2023-03,-5
28ABCDE8598F1Z416,2023-04,-1
28ABCDE8598F1Z416,2023-05,-3
28ABCDE8598F1Z416,2023-06,4
19ABCDE9720F1Z417,2023-01,-2
19ABCDE9720F1Z417,2023-02,4
19ABCDE9720F1Z417,2023-03,-4
19ABCDE9720F1Z417,2023-04,0
19ABCDE9720F1Z417,2023-05,-1
19ABCDE9720F1Z417,2023-06,-1
25ABCDE7928F1Z418,2023-01,0
25ABCDE7928F1Z418,2023-02,4
25ABCDE7928F1Z418,2023-03,4
25ABCDE7928F1Z418,2023-04,4
25ABCDE7928F1Z418,2023-05,-1
25ABCDE7928F1Z418,2023-06,3
23ABCDE6849F1Z419,2023-01,0
23ABCDE6849F1Z419,2023-02,1
23ABCDE6849F1Z419,2023-03,0
23ABCDE6849F1Z419,2023-04,-2
23ABCDE6849F1Z419,2023-05,-1
23ABCDE6849F1Z419,2023-06,5
36ABCDE1685F1Z420,2023-01,-5
36ABCDE1685F1Z420,2023-02,-5
36ABCDE1685F1Z420,2023-03,5
36ABCDE1685F1Z420,2023-04,-2
36ABCDE1685F1Z420,2023-05,-4
36ABCDE1685F1Z420,2023-06,-1
18ABCDE6833F1Z421,2023-01,0
18ABCDE6833F1Z421,2023-02,5
18ABCDE6833F1Z421,2023-03,0
18ABCDE6833F1Z421,2023-04,-4
18ABCDE6833F1Z421,2023-05,2
18ABCDE6833F1Z421,2023-06,4
23ABCDE1864F1Z422,2023-01,4
23ABCDE1864F1Z422,2023-02,0
23ABCDE1864F1Z422,2023-03,2
23ABCDE1864F1Z422,2023-04,0
23ABCDE1864F1Z422,2023-05,0
23ABCDE1864F1Z422,2023-06,-2
18ABCDE3627F1Z423,2023-01,-3
18ABCDE3627F1Z423,2023-02,-4
18ABCDE3627F1Z423,2023-03,-3
18ABCDE3627F1Z423,2023-04,-1
18ABCDE3627F1Z423,2023-05,-1
18ABCDE3627F1Z423,2023-06,5
17ABCDE2947F1Z424,2023-01,-3
17ABCDE2947F1Z424,2023-02,1
17ABCDE2947F1Z424,2023-03,3
17ABCDE2947F1Z424,2023-04,4
17ABCDE2947F1Z424,2023-05,-5
17ABCDE2947F1Z424,2023-06,-3
26ABCDE7536F1Z425,2023-01,-3
26ABCDE7536F1Z425,2023-02,-3
26ABCDE7536F1Z425,2023-03,-2
26ABCDE7536F1Z425,2023-04,5
26ABCDE7536F1Z425,2023-05,-5
26ABCDE7536F1Z425,2023-06,4
19ABCDE8579F1Z426,2023-01,5
19ABCDE8579F1Z426,2023-02,-3
19ABCDE8579F1Z426,2023-03,0
19ABCDE8579F1Z426,2023-04,5
19ABCDE8579F1Z426,2023-05,3
19ABCDE8579F1Z426,2023-06,1
35ABCDE7320F1Z427,2023-01,0
35ABCDE7320F1Z427,2023-02,4
35ABCDE7320F1Z427,2023-03,-5
35ABCDE7320F1Z427,2023-04,2
35ABCDE7320F1Z427,2023-05,2
35ABCDE7320F1Z427,2023-06,3
33ABCDE8386F1Z428,2023-01,1
33ABCDE8386F1Z428,2023-02,1
33ABCDE8386F1Z428,2023-03,1
33ABCDE8386F1Z428,2023-04,4
33ABCDE8386F1Z428,2023-05,-1
33ABCDE8386F1Z428,2023-06,1
24ABCDE4572F1Z429,2023-01,4
24ABCDE4572F1Z429,2023-02,-4
24ABCDE4572F1Z429,2023-03,2
24ABCDE4572F1Z429,2023-04,-2
24ABCDE4572F1Z429,2023-05,2
24ABCDE4572F1Z429,2023-06,4
13ABCDE9112F1Z430,2023-01,4
13ABCDE9112F1Z430,2023-02,-4
13ABCDE9112F1Z430,2023-03,2
13ABCDE9112F1Z430,2023-04,-3
13ABCDE9112F1Z430,2023-05,3
13ABCDE9112F1Z430,2023-06,5
16ABCDE6161F1Z431,2023-01,-5
16ABCDE6161F1Z431,2023-02,-3
16ABCDE6161F1Z431,2023-03,2
16ABCDE6161F1Z431,2023-04,-5
16ABCDE6161F1Z431,2023-05,1
16ABCDE6161F1Z431,2023-06,3
31ABCDE9460F1Z432,2023-01,-3
31ABCDE9460F1Z432,2023-02,0
31ABCDE9460F1Z432,2023-03,2
31ABCDE9460F1Z432,2023-04,0
31ABCDE9460F1Z432,2023-05,4
31ABCDE9460F1Z432,2023-06,5
20ABCDE3430F1Z433,2023-01,-2
20ABCDE3430F1Z433,2023-02,2
20ABCDE3430F1Z433,2023-03,2
20ABCDE3430F1Z433,2023-04,5
20ABCDE3430F1Z433,2023-05,0
20ABCDE3430F1Z433,2023-06,0
28ABCDE8599F1Z434,2023-01,0
28ABCDE8599F1Z434,2023-02,0
28ABCDE8599F1Z434,2023-03,3
28ABCDE8599F1Z434,2023-04,5
28ABCDE8599F1Z434,2023-05,1
28ABCDE8599F1Z434,2023-06,4
13ABCDE6009F1Z435,2023-01,-3
13ABCDE6009F1Z435,2023-02,-2
13ABCDE6009F1Z435,2023-03,0
13ABCDE6009F1Z435,2023-04,0
13ABCDE6009F1Z435,2023-05,1
13ABCDE6009F1Z435,2023-06,1
31ABCDE8221F1Z436,2023-01,-4
31ABCDE8221F1Z436,2023-02,5
31ABCDE8221F1Z436,2023-03,0
31ABCDE8221F1Z436,2023-04,-5
31ABCDE8221F1Z436,2023-05,-3
31ABCDE8221F1Z436,2023-06,-2
12ABCDE4849F1Z437,2023-01,1
12ABCDE4849F1Z437,2023-02,-3
12ABCDE4849F1Z437,2023-03,4
12ABCDE4849F1Z437,2023-04,4
12ABCDE4849F1Z437,2023-05,4
12ABCDE4849F1Z437,2023-06,2
17ABCDE5391F1Z438,2023-01,-3
17ABCDE5391F1Z438,2023-02,-3
17ABCDE5391F1Z438,2023-03,5
17ABCDE5391F1Z438,2023-04,1
17ABCDE5391F1Z438,2023-05,5
17ABCDE5391F1Z438,2023-06,-3
24ABCDE9771F1Z439,2023-01,1
24ABCDE9771F1Z439,2023-02,0
24ABCDE9771F1Z439,2023-03,-4
24ABCDE9771F1Z439,2023-04,-3
24ABCDE9771F1Z439,2023-05,3
24ABCDE9771F1Z439,2023-06,-4
10ABCDE3047F1Z440,2023-01,2
10ABCDE3047F1Z440,2023-02,0
10ABCDE3047F1Z440,2023-03,-3
10ABCDE3047F1Z440,2023-04,2
10ABCDE3047F1Z440,2023-05,-5
10ABCDE3047F1Z440,2023-06,3
11ABCDE6663F1Z441,2023-01,-5
11ABCDE6663F1Z441,2023-02,-3
11ABCDE6663F1Z441,2023-03,-1
11ABCDE6663F1Z441,2023-04,-5
11ABCDE6663F1Z441,2023-05,-1
11ABCDE6663F1Z441,2023-06,-2
30ABCDE1505F1Z442,2023-01,0
30ABCDE1505F1Z442,2023-02,-4
30ABCDE1505F1Z442,2023-03,5
30ABCDE1505F1Z442,2023-04,0
30ABCDE1505F1Z442,2023-05,1
30ABCDE1505F1Z442,2023-06,-4
35ABCDE3179F1Z443,2023-01,-1
35ABCDE3179F1Z443,2023-02,-4
35ABCDE3179F1Z443,2023-03,5
35ABCDE3179F1Z443,2023-04,2
35ABCDE3179F1Z443,2023-05,5
35ABCDE3179F1Z443,2023-06,3
30ABCDE6342F1Z444,2023-01,4
30ABCDE6342F1Z444,2023-02,3
30ABCDE6342F1Z444,2023-03,-1
30ABCDE6342F1Z444,2023-04,-2
30ABCDE6342F1Z444,2023-05,5
30ABCDE6342F1Z444,2023-06,-3
34ABCDE5599F1Z445,2023-01,3
34ABCDE5599F1Z445,2023-02,0
34ABCDE5599F1Z445,2023-03,-5
34ABCDE5599F1Z445,2023-04,-1
34ABCDE5599F1Z445,2023-05,1
34ABCDE5599F1Z445,2023-06,-5
32ABCDE1655F1Z446,2023-01,1
32ABCDE1655F1Z446,2023-02,3
32ABCDE1655F1Z446,2023-03,-1
32ABCDE1655F1Z446,2023-04,0
32ABCDE1655F1Z446,2023-05,-5
32ABCDE1655F1Z446,2023-06,5
13ABCDE1838F1Z447,2023-01,4
13ABCDE1838F1Z447,2023-02,1
13ABCDE1838F1Z447,2023-03,-1
13ABCDE1838F1Z447,2023-04,1
13ABCDE1838F1Z447,2023-05,1
13ABCDE1838F1Z447,2023-06,4
17ABCDE9882F1Z448,2023-01,-4
17ABCDE9882F1Z448,2023-02,5
17ABCDE9882F1Z448,2023-03,2
17ABCDE9882F1Z448,2023-04,-4
17ABCDE9882F1Z448,2023-05,-5
17ABCDE9882F1Z448,2023-06,-5
28ABCDE7679F1Z449,2023-01,-2
28ABCDE7679F1Z449,2023-02,1
28ABCDE7679F1Z449,2023-03,-1
28ABCDE7679F1Z449,2023-04,-3
28ABCDE7679F1Z449,2023-05,0
28ABCDE7679F1Z449,2023-06,-5
15ABCDE8119F1Z450,2023-01,4
15ABCDE8119F1Z450,2023-02,-1
15ABCDE8119F1Z450,2023-03,-2
15ABCDE8119F1Z450,2023-04,-5
15ABCDE8119F1Z450,2023-05,3
15ABCDE8119F1Z450,2023-06,3
21ABCDE1160F1Z451,2023-01,1
21ABCDE1160F1Z451,2023-02,3
21ABCDE1160F1Z451,2023-03,-3
21ABCDE1160F1Z451,2023-04,-5
21ABCDE1160F1Z451,2023-05,3
21ABCDE1160F1Z451,2023-06,-4
34ABCDE5292F1Z452,2023-01,-1
34ABCDE5292F1Z452,2023-02,4
34ABCDE5292F1Z452,2023-03,1
34ABCDE5292F1Z452,2023-04,1
34ABCDE5292F1Z452,2023-05,-5
34ABCDE5292F1Z452,2023-06,-1
29ABCDE9529F1Z453,2023-01,0
29ABCDE9529F1Z453,2023-02,0
29ABCDE9529F1Z453,2023-03,4
29ABCDE9529F1Z453,2023-04,-5
29ABCDE9529F1Z453,2023-05,4
29ABCDE9529F1Z453,2023-06,-2
22ABCDE3776F1Z454,2023-01,-2
22ABCDE3776F1Z454,2023-02,2
22ABCDE3776F1Z454,2023-03,-4
22ABCDE3776F1Z454,2023-04,5
22ABCDE3776F1Z454,2023-05,-3
22ABCDE3776F1Z454,2023-06,1
16ABCDE2489F1Z455,2023-01,0
16ABCDE2489F1Z455,2023-02,2
16ABCDE2489F1Z455,2023-03,-1
16ABCDE2489F1Z455,2023-04,-1
16ABCDE2489F1Z455,2023-05,4
16ABCDE2489F1Z455,2023-06,0
19ABCDE3449F1Z456,2023-01,2
19ABCDE3449F1Z456,2023-02,0
19ABCDE3449F1Z456,2023-03,2
19ABCDE3449F1Z456,2023-04,3
19ABCDE3449F1Z456,2023-05,4
19ABCDE3449F1Z456,2023-06,2
36ABCDE4144F1Z457,2023-01,1
36ABCDE4144F1Z457,2023-02,5
36ABCDE4144F1Z457,2023-03,3
36ABCDE4144F1Z457,2023-04,0
36ABCDE4144F1Z457,2023-05,0
36ABCDE4144F1Z457,2023-06,3
22ABCDE1578F1Z458,2023-01,5
22ABCDE1578F1Z458,2023-02,3
22ABCDE1578F1Z458,2023-03,2
22ABCDE1578F1Z458,2023-04,4
22ABCDE1578F1Z458,2023-05,4
22ABCDE1578F1Z458,2023-06,5
15ABCDE1596F1Z459,2023-01,-2
15ABCDE1596F1Z459,2023-02,5
15ABCDE1596F1Z459,2023-03,-1
15ABCDE1596F1Z459,2023-04,0
15ABCDE1596F1Z459,2023-05,3
15ABCDE1596F1Z459,2023-06,5
31ABCDE1856F1Z460,2023-01,5
31ABCDE1856F1Z460,2023-02,-3
31ABCDE1856F1Z460,2023-03,-2
31ABCDE1856F1Z460,2023-04,-4
31ABCDE1856F1Z460,2023-05,4
31ABCDE1856F1Z460,2023-06,-5
15ABCDE8307F1Z461,2023-01,-2
15ABCDE8307F1Z461,2023-02,1
15ABCDE8307F1Z461,2023-03,2
15ABCDE8307F1Z461,2023-04,1
15ABCDE8307F1Z461,2023-05,-4
15ABCDE8307F1Z461,2023-06,-3
24ABCDE4610F1Z462,2023-01,-5
24ABCDE4610F1Z462,2023-02,3
24ABCDE4610F1Z462,2023-03,-1
24ABCDE4610F1Z462,2023-04,2
24ABCDE4610F1Z462,2023-05,1
24ABCDE4610F1Z462,2023-06,-3
33ABCDE6138F1Z463,2023-01,-3
33ABCDE6138F1Z463,2023-02,4
33ABCDE6138F1Z463,2023-03,1
33ABCDE6138F1Z463,2023-04,-1
33ABCDE6138F1Z463,2023-05,-3
33ABCDE6138F1Z463,2023-06,-3
11ABCDE1356F1Z464,2023-01,-5
11ABCDE1356F1Z464,2023-02,-2
11ABCDE1356F1Z464,2023-03,-2
11ABCDE1356F1Z464,2023-04,-4
11ABCDE1356F1Z464,2023-05,-2
11ABCDE1356F1Z464,2023-06,-4
30ABCDE1063F1Z465,2023-01,5
30ABCDE1063F1Z465,2023-02,1
30ABCDE1063F1Z465,2023-03,1
30ABCDE1063F1Z465,2023-04,4
30ABCDE1063F1Z465,2023-05,-4
30ABCDE1063F1Z465,2023-06,-1
21ABCDE2424F1Z466,2023-01,-4
21ABCDE2424F1Z466,2023-02,0
21ABCDE2424F1Z466,2023-03,5
21ABCDE2424F1Z466,2023-04,-1
21ABCDE2424F1Z466,2023-05,2
21ABCDE2424F1Z466,2023-06,3
30ABCDE2820F1Z467,2023-01,1
30ABCDE2820F1Z467,2023-02,1
30ABCDE2820F1Z467,2023-03,-4
30ABCDE2820F1Z467,2023-04,2
30ABCDE2820F1Z467,2023-05,-4
30ABCDE2820F1Z467,2023-06,-2
29ABCDE8990F1Z468,2023-01,-5
29ABCDE8990F1Z468,2023-02,0
29ABCDE8990F1Z468,2023-03,2
29ABCDE8990F1Z468,2023-04,0
29ABCDE8990F1Z468,2023-05,-1
29ABCDE8990F1Z468,2023-06,1
23ABCDE9173F1Z469,2023-01,2
23ABCDE9173F1Z469,2023-02,0
23ABCDE9173F1Z469,2023-03,4
23ABCDE9173F1Z469,2023-04,-3
23ABCDE9173F1Z469,2023-05,4
23ABCDE9173F1Z469,2023-06,3
13ABCDE7151F1Z470,2023-01,3
13ABCDE7151F1Z470,2023-02,-3
13ABCDE7151F1Z470,2023-03,-5
13ABCDE7151F1Z470,2023-04,-2
13ABCDE7151F1Z470,2023-05,1
13ABCDE7151F1Z470,2023-06,-2
29ABCDE3742F1Z471,2023-01,0
29ABCDE3742F1Z471,2023-02,-4
29ABCDE3742F1Z471,2023-03,-4
29ABCDE3742F1Z471,2023-04,-4
29ABCDE3742F1Z471,2023-05,-4
29ABCDE3742F1Z471,2023-06,-2
25ABCDE9668F1Z472,2023-01,-1
25ABCDE9668F1Z472,2023-02,4
25ABCDE9668F1Z472,2023-03,-1
25ABCDE9668F1Z472,2023-04,-2
25ABCDE9668F1Z472,2023-05,1
25ABCDE9668F1Z472,2023-06,-4
14ABCDE4876F1Z473,2023-01,1
14ABCDE4876F1Z473,2023-02,-1
14ABCDE4876F1Z473,2023-03,-2
14ABCDE4876F1Z473,2023-04,-1
14ABCDE4876F1Z473,2023-05,-4
14ABCDE4876F1Z473,2023-06,5
21ABCDE2583F1Z474,2023-01,0
21ABCDE2583F1Z474,2023-02,-5
21ABCDE2583F1Z474,2023-03,-5
21ABCDE2583F1Z474,2023-04,4
21ABCDE2583F1Z474,2023-05,3
21ABCDE2583F1Z474,2023-06,0
23ABCDE7990F1Z475,2023-01,4
23ABCDE7990F1Z475,2023-02,-1
23ABCDE7990F1Z475,2023-03,2
23ABCDE7990F1Z475,2023-04,0
23ABCDE7990F1Z475,2023-05,1
23ABCDE7990F1Z475,2023-06,1
32ABCDE7086F1Z476,2023-01,-1
32ABCDE7086F1Z476,2023-02,5
32ABCDE7086F1Z476,2023-03,5
32ABCDE7086F1Z476,2023-04,1
32ABCDE7086F1Z476,2023-05,3
32ABCDE7086F1Z476,2023-06,-3
15ABCDE8796F1Z477,2023-01,-4
15ABCDE8796F1Z477,2023-02,-3
15ABCDE8796F1Z477,2023-03,1
15ABCDE8796F1Z477,2023-04,4
15ABCDE8796F1Z477,2023-05,-2
15ABCDE8796F1Z477,2023-06,1
15ABCDE8508F1Z478,2023-01,-3
15ABCDE8508F1Z478,2023-02,-3
15ABCDE8508F1Z478,2023-03,2
15ABCDE8508F1Z478,2023-04,1
15ABCDE8508F1Z478,2023-05,-2
15ABCDE8508F1Z478,2023-06,-2
18ABCDE4930F1Z479,2023-01,1
18ABCDE4930F1Z479,2023-02,0
18ABCDE4930F1Z479,2023-03,4
18ABCDE4930F1Z479,2023-04,0
18ABCDE4930F1Z479,2023-05,1
18ABCDE4930F1Z479,2023-06,-2
29ABCDE8493F1Z480,2023-01,4
29ABCDE8493F1Z480,2023-02,-1
29ABCDE8493F1Z480,2023-03,5
29ABCDE8493F1Z480,2023-04,-1
29ABCDE8493F1Z480,2023-05,1
29ABCDE8493F1Z480,2023-06,1
15ABCDE1633F1Z481,2023-01,0
15ABCDE1633F1Z481,2023-02,0
15ABCDE1633F1Z481,2023-03,5
15ABCDE1633F1Z481,2023-04,-3
15ABCDE1633F1Z481,2023-05,4
15ABCDE1633F1Z481,2023-06,-5
30ABCDE9252F1Z482,2023-01,2
30ABCDE9252F1Z482,2023-02,0
30ABCDE9252F1Z482,2023-03,-1
30ABCDE9252F1Z482,2023-04,2
30ABCDE9252F1Z482,2023-05,4
30ABCDE9252F1Z482,2023-06,-5
36ABCDE9719F1Z483,2023-01,-5
36ABCDE9719F1Z483,2023-02,-1
36ABCDE9719F1Z483,2023-03,3
36ABCDE9719F1Z483,2023-04,5
36ABCDE9719F1Z483,2023-05,2
36ABCDE9719F1Z483,2023-06,-1
23ABCDE5269F1Z484,2023-01,2
23ABCDE5269F1Z484,2023-02,-1
23ABCDE5269F1Z484,2023-03,-1
23ABCDE5269F1Z484,2023-04,2
23ABCDE5269F1Z484,2023-05,-4
23ABCDE5269F1Z484,2023-06,-1
24ABCDE9303F1Z485,2023-01,-5
24ABCDE9303F1Z485,2023-02,1
24ABCDE9303F1Z485,2023-03,2
24ABCDE9303F1Z485,2023-04,5
24ABCDE9303F1Z485,2023-05,-3
24ABCDE9303F1Z485,2023-06,3
33ABCDE6890F1Z486,2023-01,2
33ABCDE6890F1Z486,2023-02,0
33ABCDE6890F1Z486,2023-03,4
33ABCDE6890F1Z486,2023-04,4
33ABCDE6890F1Z486,2023-05,-1
33ABCDE6890F1Z486,2023-06,1
11ABCDE8895F1Z487,2023-01,0
11ABCDE8895F1Z487,2023-02,2
11ABCDE8895F1Z487,2023-03,-4
11ABCDE8895F1Z487,2023-04,4
11ABCDE8895F1Z487,2023-05,0
11ABCDE8895F1Z487,2023-06,-5
11ABCDE1137F1Z488,2023-01,-4
11ABCDE1137F1Z488,2023-02,4
11ABCDE1137F1Z488,2023-03,-2
11ABCDE1137F1Z488,2023-04,-2
11ABCDE1137F1Z488,2023-05,-1
11ABCDE1137F1Z488,2023-06,-5
18ABCDE9406F1Z489,2023-01,-5
18ABCDE9406F1Z489,2023-02,-4
18ABCDE9406F1Z489,2023-03,3
18ABCDE9406F1Z489,2023-04,1
18ABCDE9406F1Z489,2023-05,4
18ABCDE9406F1Z489,2023-06,1
18ABCDE6882F1Z490,2023-01,2
18ABCDE6882F1Z490,2023-02,5
18ABCDE6882F1Z490,2023-03,5
18ABCDE6882F1Z490,2023-04,-3
18ABCDE6882F1Z490,2023-05,4
18ABCDE6882F1Z490,2023-06,3
35ABCDE9533F1Z491,2023-01,5
35ABCDE9533F1Z491,2023-02,1
35ABCDE9533F1Z491,2023-03,-5
35ABCDE9533F1Z491,2023-04,2
35ABCDE9533F1Z491,2023-05,-1
35ABCDE9533F1Z491,2023-06,1
21ABCDE1578F1Z492,2023-01,3
21ABCDE1578F1Z492,2023-02,-3
21ABCDE1578F1Z492,2023-03,-2
21ABCDE1578F1Z492,2023-04,1
21ABCDE1578F1Z492,2023-05,1
21ABCDE1578F1Z492,2023-06,5
24ABCDE2403F1Z493,2023-01,2
24ABCDE2403F1Z493,2023-02,3
24ABCDE2403F1Z493,2023-03,3
24ABCDE2403F1Z493,2023-04,-4
24ABCDE2403F1Z493,2023-05,-1
24ABCDE2403F1Z493,2023-06,-5
33ABCDE6837F1Z494,2023-01,2
33ABCDE6837F1Z494,2023-02,4
33ABCDE6837F1Z494,2023-03,1
33ABCDE6837F1Z494,2023-04,-4
33ABCDE6837F1Z494,2023-05,-3
33ABCDE6837F1Z494,2023-06,-2
31ABCDE7376F1Z495,2023-01,5
31ABCDE7376F1Z495,2023-02,-1
31ABCDE7376F1Z495,2023-03,3
31ABCDE7376F1Z495,2023-04,-5
31ABCDE7376F1Z495,2023-05,4
31ABCDE7376F1Z495,2023-06,-4
21ABCDE8263F1Z496,2023-01,4
21ABCDE8263F1Z496,2023-02,-5
21ABCDE8263F1Z496,2023-03,1
21ABCDE8263F1Z496,2023-04,2
21ABCDE8263F1Z496,2023-05,-3
21ABCDE8263F1Z496,2023-06,3
31ABCDE2202F1Z497,2023-01,3
31ABCDE2202F1Z497,2023-02,4
31ABCDE2202F1Z497,2023-03,-5
31ABCDE2202F1Z497,2023-04,-5
31ABCDE2202F1Z497,2023-05,-4
31ABCDE2202F1Z497,2023-06,0
33ABCDE5213F1Z498,2023-01,-4
33ABCDE5213F1Z498,2023-02,4
33ABCDE5213F1Z498,2023-03,-4
33ABCDE5213F1Z498,2023-04,1
33ABCDE5213F1Z498,2023-05,-3
33ABCDE5213F1Z498,2023-06,-1
11ABCDE8859F1Z499,2023-01,-4
11ABCDE8859F1Z499,2023-02,3
11ABCDE8859F1Z499,2023-03,-5
11ABCDE8859F1Z499,2023-04,-2
11ABCDE8859F1Z499,2023-05,-5
11ABCDE8859F1Z499,2023-06,1
23ABCDE7029F1Z500,2023-01,-4
23ABCDE7029F1Z500,2023-02,0
23ABCDE7029F1Z500,2023-03,-2
23ABCDE7029F1Z500,2023-04,-4
23ABCDE7029F1Z500,2023-05,0
23ABCDE7029F1Z500,2023-06,1
34ABCDE2531F1Z501,2023-01,-2
34ABCDE2531F1Z501,2023-02,2
34ABCDE2531F1Z501,2023-03,2
34ABCDE2531F1Z501,2023-04,5
34ABCDE2531F1Z501,2023-05,4
34ABCDE2531F1Z501,2023-06,4
33ABCDE1137F1Z502,2023-01,-3
33ABCDE1137F1Z502,2023-02,-1
33ABCDE1137F1Z502,2023-03,1
33ABCDE1137F1Z502,2023-04,-3
33ABCDE1137F1Z502,2023-05,-2
33ABCDE1137F1Z502,2023-06,-5
31ABCDE8675F1Z503,2023-01,-5
31ABCDE8675F1Z503,2023-02,-3
31ABCDE8675F1Z503,2023-03,-1
31ABCDE8675F1Z503,2023-04,-5
31ABCDE8675F1Z503,2023-05,-5
31ABCDE8675F1Z503,2023-06,-2
26ABCDE7188F1Z504,2023-01,4
26ABCDE7188F1Z504,2023-02,4
26ABCDE7188F1Z504,2023-03,0
26ABCDE7188F1Z504,2023-04,-4
26ABCDE7188F1Z504,2023-05,2
26ABCDE7188F1Z504,2023-06,2
29ABCDE3626F1Z505,2023-01,-1
29ABCDE3626F1Z505,2023-02,-3
29ABCDE3626F1Z505,2023-03,-2
29ABCDE3626F1Z505,2023-04,-1
29ABCDE3626F1Z505,2023-05,-2
29ABCDE3626F1Z505,2023-06,-5
36ABCDE6194F1Z506,2023-01,0
36ABCDE6194F1Z506,2023-02,1
36ABCDE6194F1Z506,2023-03,-3
36ABCDE6194F1Z506,2023-04,-3
36ABCDE6194F1Z506,2023-05,5
36ABCDE6194F1Z506,2023-06,-3
12ABCDE8728F1Z507,2023-01,-4
12ABCDE8728F1Z507,2023-02,3
12ABCDE8728F1Z507,2023-03,4
12ABCDE8728F1Z507,2023-04,-2
12ABCDE8728F1Z507,2023-05,-4
12ABCDE8728F1Z507,2023-06,-4
15ABCDE9697F1Z508,2023-01,3
15ABCDE9697F1Z508,2023-02,-3
15ABCDE9697F1Z508,2023-03,-4
15ABCDE9697F1Z508,2023-04,3
15ABCDE9697F1Z508,2023-05,4
15ABCDE9697F1Z508,2023-06,4
35ABCDE9382F1Z509,2023-01,-2
35ABCDE9382F1Z509,2023-02,-3
35ABCDE9382F1Z509,2023-03,-2
35ABCDE9382F1Z509,2023-04,4
35ABCDE9382F1Z509,2023-05,-5
35ABCDE9382F1Z509,2023-06,1
28ABCDE9326F1Z510,2023-01,1
28ABCDE9326F1Z510,2023-02,5
28ABCDE9326F1Z510,2023-03,3
28ABCDE9326F1Z510,2023-04,2
28ABCDE9326F1Z510,2023-05,4
28ABCDE9326F1Z510,2023-06,3
18ABCDE4939F1Z511,2023-01,2
18ABCDE4939F1Z511,2023-02,-2
18ABCDE4939F1Z511,2023-03,-2
18ABCDE4939F1Z511,2023-04,-1
18ABCDE4939F1Z511,2023-05,3
18ABCDE4939F1Z511,2023-06,-4
33ABCDE9503F1Z512,2023-01,-5
33ABCDE9503F1Z512,2023-02,5
33ABCDE9503F1Z512,2023-03,-4
33ABCDE9503F1Z512,2023-04,-4
33ABCDE9503F1Z512,2023-05,4
33ABCDE9503F1Z512,2023-06,-2
20ABCDE4702F1Z513,2023-01,-3
20ABCDE4702F1Z513,2023-02,-2
20ABCDE4702F1Z513,2023-03,-3
20ABCDE4702F1Z513,2023-04,5
20ABCDE4702F1Z513,2023-05,-3
20ABCDE4702F1Z513,2023-06,-4
31ABCDE3087F1Z514,2023-01,0
31ABCDE3087F1Z514,2023-02,4
31ABCDE3087F1Z514,2023-03,-5
31ABCDE3087F1Z514,2023-04,2
31ABCDE3087F1Z514,2023-05,-3
31ABCDE3087F1Z514,2023-06,0
35ABCDE7026F1Z515,2023-01,-2
35ABCDE7026F1Z515,2023-02,2
35ABCDE7026F1Z515,2023-03,2
35ABCDE7026F1Z515,2023-04,2
35ABCDE7026F1Z515,2023-05,1
35ABCDE7026F1Z515,2023-06,4
23ABCDE1380F1Z516,2023-01,-3
23ABCDE1380F1Z516,2023-02,-2
23ABCDE1380F1Z516,2023-03,5
23ABCDE1380F1Z516,2023-04,2
23ABCDE1380F1Z516,2023-05,4
23ABCDE1380F1Z516,2023-06,1
17ABCDE7689F1Z517,2023-01,1
17ABCDE7689F1Z517,2023-02,-1
17ABCDE7689F1Z517,2023-03,-4
17ABCDE7689F1Z517,2023-04,1
17ABCDE7689F1Z517,2023-05,4
17ABCDE7689F1Z517,2023-06,-5
28ABCDE9229F1Z518,2023-01,-5
28ABCDE9229F1Z518,2023-02,-3
28ABCDE9229F1Z518,2023-03,5
28ABCDE9229F1Z518,2023-04,-5
28ABCDE9229F1Z518,2023-05,4
28ABCDE9229F1Z518,2023-06,-1
33ABCDE3804F1Z519,2023-01,5
33ABCDE3804F1Z519,2023-02,-3
33ABCDE3804F1Z519,2023-03,-3
33ABCDE3804F1Z519,2023-04,-5
33ABCDE3804F1Z519,2023-05,-1
33ABCDE3804F1Z519,2023-06,-4
27ABCDE6431F1Z520,2023-01,2
27ABCDE6431F1Z520,2023-02,-3
27ABCDE6431F1Z520,2023-03,5
27ABCDE6431F1Z520,2023-04,3
27ABCDE6431F1Z520,2023-05,-3
27ABCDE6431F1Z520,2023-06,1
33ABCDE1015F1Z521,2023-01,2
33ABCDE1015F1Z521,2023-02,3
33ABCDE1015F1Z521,2023-03,-4
33ABCDE1015F1Z521,2023-04,-5
33ABCDE1015F1Z521,2023-05,-2
33ABCDE1015F1Z521,2023-06,-3
29ABCDE7939F1Z522,2023-01,1
29ABCDE7939F1Z522,2023-02,2
29ABCDE7939F1Z522,2023-03,1
29ABCDE7939F1Z522,2023-04,3
29ABCDE7939F1Z522,2023-05,1
29ABCDE7939F1Z522,2023-06,2
21ABCDE6789F1Z523,2023-01,-5
21ABCDE6789F1Z523,2023-02,-3
21ABCDE6789F1Z523,2023-03,4
21ABCDE6789F1Z523,2023-04,1
21ABCDE6789F1Z523,2023-05,-3
21ABCDE6789F1Z523,2023-06,1
16ABCDE8114F1Z524,2023-01,5
16ABCDE8114F1Z524,2023-02,-2
16ABCDE8114F1Z524,2023-03,1
16ABCDE8114F1Z524,2023-04,-4
16ABCDE8114F1Z524,2023-05,4
16ABCDE8114F1Z524,2023-06,-3
25ABCDE9282F1Z525,2023-01,-5
25ABCDE9282F1Z525,2023-02,4
25ABCDE9282F1Z525,2023-03,5
25ABCDE9282F1Z525,2023-04,-3
25ABCDE9282F1Z525,2023-05,1
25ABCDE9282F1Z525,2023-06,-2
11ABCDE1080F1Z526,2023-01,5
11ABCDE1080F1Z526,2023-02,4
11ABCDE1080F1Z526,2023-03,5
11ABCDE1080F1Z526,2023-04,3
11ABCDE1080F1Z526,2023-05,-1
11ABCDE1080F1Z526,2023-06,-4
17ABCDE2606F1Z527,2023-01,-4
17ABCDE2606F1Z527,2023-02,0
17ABCDE2606F1Z527,2023-03,-4
17ABCDE2606F1Z527,2023-04,0
17ABCDE2606F1Z527,2023-05,-1
17ABCDE2606F1Z527,2023-06,5
16ABCDE1567F1Z528,2023-01,1
16ABCDE1567F1Z528,2023-02,-2
16ABCDE1567F1Z528,2023-03,0
16ABCDE1567F1Z528,2023-04,0
16ABCDE1567F1Z528,2023-05,-2
16ABCDE1567F1Z528,2023-06,5
30ABCDE3787F1Z529,2023-01,4
30ABCDE3787F1Z529,2023-02,0
30ABCDE3787F1Z529,2023-03,-1
30ABCDE3787F1Z529,2023-04,-2
30ABCDE3787F1Z529,2023-05,4
30ABCDE3787F1Z529,2023-06,0
29ABCDE2291F1Z530,2023-01,3
29ABCDE2291F1Z530,2023-02,-5
29ABCDE2291F1Z530,2023-03,-1
29ABCDE2291F1Z530,2023-04,-1
29ABCDE2291F1Z530,2023-05,5
29ABCDE2291F1Z530,2023-06,-5
33ABCDE6309F1Z531,2023-01,3
33ABCDE6309F1Z531,2023-02,4
33ABCDE6309F1Z531,2023-03,1
33ABCDE6309F1Z531,2023-04,-5
33ABCDE6309F1Z531,2023-05,-5
33ABCDE6309F1Z531,2023-06,-1
27ABCDE8750F1Z532,2023-01,-1
27ABCDE8750F1Z532,2023-02,-3
27ABCDE8750F1Z532,2023-03,4
27ABCDE8750F1Z532,2023-04,-5
27ABCDE8750F1Z532,2023-05,-5
27ABCDE8750F1Z532,2023-06,5
24ABCDE7103F1Z533,2023-01,3
24ABCDE7103F1Z533,2023-02,-5
24ABCDE7103F1Z533,2023-03,0
24ABCDE7103F1Z533,2023-04,-4
24ABCDE7103F1Z533,2023-05,-3
24ABCDE7103F1Z533,2023-06,-3
10ABCDE4034F1Z534,2023-01,5
10ABCDE4034F1Z534,2023-02,4
10ABCDE4034F1Z534,2023-03,-4
10ABCDE4034F1Z534,2023-04,1
10ABCDE4034F1Z534,2023-05,5
10ABCDE4034F1Z534,2023-06,-5
34ABCDE8100F1Z535,2023-01,-5
34ABCDE8100F1Z535,2023-02,2
34ABCDE8100F1Z535,2023-03,2
34ABCDE8100F1Z535,2023-04,1
34ABCDE8100F1Z535,2023-05,4
34ABCDE8100F1Z535,2023-06,0
14ABCDE6638F1Z536,2023-01,4
14ABCDE6638F1Z536,2023-02,-5
14ABCDE6638F1Z536,2023-03,-2
14ABCDE6638F1Z536,2023-04,-4
14ABCDE6638F1Z536,2023-05,-2
14ABCDE6638F1Z536,2023-06,0
18ABCDE6498F1Z537,2023-01,5
18ABCDE6498F1Z537,2023-02,-4
18ABCDE6498F1Z537,2023-03,0
18ABCDE6498F1Z537,2023-04,-3
18ABCDE6498F1Z537,2023-05,-2
18ABCDE6498F1Z537,2023-06,3
36ABCDE1622F1Z538,2023-01,-4
36ABCDE1622F1Z538,2023-02,0
36ABCDE1622F1Z538,2023-03,-4
36ABCDE1622F1Z538,2023-04,3
36ABCDE1622F1Z538,2023-05,4
36ABCDE1622F1Z538,2023-06,2
28ABCDE1056F1Z539,2023-01,-1
28ABCDE1056F1Z539,2023-02,-3
28ABCDE1056F1Z539,2023-03,5
28ABCDE1056F1Z539,2023-04,-2
28ABCDE1056F1Z539,2023-05,0
28ABCDE1056F1Z539,2023-06,2
19ABCDE8897F1Z540,2023-01,1
19ABCDE8897F1Z540,2023-02,2
19ABCDE8897F1Z540,2023-03,-4
19ABCDE8897F1Z540,2023-04,0
19ABCDE8897F1Z540,2023-05,-5
19ABCDE8897F1Z540,2023-06,-1
27ABCDE1954F1Z541,2023-01,-2
27ABCDE1954F1Z541,2023-02,4
27ABCDE1954F1Z541,2023-03,-1
27ABCDE1954F1Z541,2023-04,2
27ABCDE1954F1Z541,2023-05,-5
27ABCDE1954F1Z541,2023-06,-5
34ABCDE9177F1Z542,2023-01,4
34ABCDE9177F1Z542,2023-02,3
34ABCDE9177F1Z542,2023-03,-5
34ABCDE9177F1Z542,2023-04,1
34ABCDE9177F1Z542,2023-05,-4
34ABCDE9177F1Z542,2023-06,-4
14ABCDE9427F1Z543,2023-01,-2
14ABCDE9427F1Z543,2023-02,-2
14ABCDE9427F1Z543,2023-03,4
14ABCDE9427F1Z543,2023-04,-5
14ABCDE9427F1Z543,2023-05,-2
14ABCDE9427F1Z543,2023-06,2
12ABCDE8685F1Z544,2023-01,0
12ABCDE8685F1Z544,2023-02,-2
12ABCDE8685F1Z544,2023-03,3
12ABCDE8685F1Z544,2023-04,5
12ABCDE8685F1Z544,2023-05,5
12ABCDE8685F1Z544,2023-06,0
13ABCDE2846F1Z545,2023-01,-2
13ABCDE2846F1Z545,2023-02,-2
13ABCDE2846F1Z545,2023-03,-3
13ABCDE2846F1Z545,2023-04,4
13ABCDE2846F1Z545,2023-05,5
13ABCDE2846F1Z545,2023-06,-5
19ABCDE6081F1Z546,2023-01,3
19ABCDE6081F1Z546,2023-02,5
19ABCDE6081F1Z546,2023-03,0
19ABCDE6081F1Z546,2023-04,-1
19ABCDE6081F1Z546,2023-05,-4
19ABCDE6081F1Z546,2023-06,-5
19ABCDE1983F1Z547,2023-01,-2
19ABCDE1983F1Z547,2023-02,-1
19ABCDE1983F1Z547,2023-03,2
19ABCDE1983F1Z547,2023-04,4
19ABCDE1983F1Z547,2023-05,0
19ABCDE1983F1Z547,2023-06,5
20ABCDE4120F1Z548,2023-01,-2
20ABCDE4120F1Z548,2023-02,-3
20ABCDE4120F1Z548,2023-03,5
20ABCDE4120F1Z548,2023-04,-1
20ABCDE4120F1Z548,2023-05,-1
20ABCDE4120F1Z548,2023-06,0
28ABCDE2485F1Z549,2023-01,-1
28ABCDE2485F1Z549,2023-02,0
28ABCDE2485F1Z549,2023-03,-5
28ABCDE2485F1Z549,2023-04,0
28ABCDE2485F1Z549,2023-05,0
28ABCDE2485F1Z549,2023-06,3
31ABCDE4326F1Z550,2023-01,-4
31ABCDE4326F1Z550,2023-02,3
31ABCDE4326F1Z550,2023-03,3
31ABCDE4326F1Z550,2023-04,-3
31ABCDE4326F1Z550,2023-05,-2
31ABCDE4326F1Z550,2023-06,-2
15ABCDE1988F1Z551,2023-01,3
15ABCDE1988F1Z551,2023-02,4
15ABCDE1988F1Z551,2023-03,-2
15ABCDE1988F1Z551,2023-04,-2
15ABCDE1988F1Z551,2023-05,4
15ABCDE1988F1Z551,2023-06,2
12ABCDE3312F1Z552,2023-01,-2
12ABCDE3312F1Z552,2023-02,-2
12ABCDE3312F1Z552,2023-03,0
12ABCDE3312F1Z552,2023-04,-5
12ABCDE3312F1Z552,2023-05,5
12ABCDE3312F1Z552,2023-06,-5
13ABCDE2701F1Z553,2023-01,-1
13ABCDE2701F1Z553,2023-02,-3
13ABCDE2701F1Z553,2023-03,0
13ABCDE2701F1Z553,2023-04,0
13ABCDE2701F1Z553,2023-05,-1
13ABCDE2701F1Z553,2023-06,-4
32ABCDE2459F1Z554,2023-01,3
32ABCDE2459F1Z554,2023-02,5
32ABCDE2459F1Z554,2023-03,-2
32ABCDE2459F1Z554,2023-04,4
32ABCDE2459F1Z554,2023-05,-5
32ABCDE2459F1Z554,2023-06,-2
11ABCDE3591F1Z555,2023-01,1
11ABCDE3591F1Z555,2023-02,5
11ABCDE3591F1Z555,2023-03,-5
11ABCDE3591F1Z555,2023-04,5
11ABCDE3591F1Z555,2023-05,-3
11ABCDE3591F1Z555,2023-06,-4
17ABCDE7092F1Z556,2023-01,0
17ABCDE7092F1Z556,2023-02,-1
17ABCDE7092F1Z556,2023-03,-2
17ABCDE7092F1Z556,2023-04,1
17ABCDE7092F1Z556,2023-05,-2
17ABCDE7092F1Z556,2023-06,-5
19ABCDE7061F1Z557,2023-01,-3
19ABCDE7061F1Z557,2023-02,-3
19ABCDE7061F1Z557,2023-03,2
19ABCDE7061F1Z557,2023-04,5
19ABCDE7061F1Z557,2023-05,-1
19ABCDE7061F1Z557,2023-06,-3
31ABCDE1063F1Z558,2023-01,3
31ABCDE1063F1Z558,2023-02,4
31ABCDE1063F1Z558,2023-03,-3
31ABCDE1063F1Z558,2023-04,-1
31ABCDE1063F1Z558,2023-05,1
31ABCDE1063F1Z558,2023-06,-1
14ABCDE8875F1Z559,2023-01,2
14ABCDE8875F1Z559,2023-02,-1
14ABCDE8875F1Z559,2023-03,0
14ABCDE8875F1Z559,2023-04,0
14ABCDE8875F1Z559,2023-05,-5
14ABCDE8875F1Z559,2023-06,-1
27ABCDE3452F1Z560,2023-01,-3
27ABCDE3452F1Z560,2023-02,-1
27ABCDE3452F1Z560,2023-03,-1
27ABCDE3452F1Z560,2023-04,1
27ABCDE3452F1Z560,2023-05,-4
27ABCDE3452F1Z560,2023-06,0
21ABCDE5637F1Z561,2023-01,-4
21ABCDE5637F1Z561,2023-02,0
21ABCDE5637F1Z561,2023-03,3
21ABCDE5637F1Z561,2023-04,-3
21ABCDE5637F1Z561,2023-05,3
21ABCDE5637F1Z561,2023-06,-4
10ABCDE3373F1Z562,2023-01,2
10ABCDE3373F1Z562,2023-02,-5
10ABCDE3373F1Z562,2023-03,5
10ABCDE3373F1Z562,2023-04,-4
10ABCDE3373F1Z562,2023-05,5
10ABCDE3373F1Z562,2023-06,4
30ABCDE9527F1Z563,2023-01,2
30ABCDE9527F1Z563,2023-02,-2
30ABCDE9527F1Z563,2023-03,0
30ABCDE9527F1Z563,2023-04,2
30ABCDE9527F1Z563,2023-05,-5
30ABCDE9527F1Z563,2023-06,-4
26ABCDE6502F1Z564,2023-01,3
26ABCDE6502F1Z564,2023-02,1
26ABCDE6502F1Z564,2023-03,-3
26ABCDE6502F1Z564,2023-04,5
26ABCDE6502F1Z564,2023-05,-4
26ABCDE6502F1Z564,2023-06,2
34ABCDE3423F1Z565,2023-01,1
34ABCDE3423F1Z565,2023-02,1
34ABCDE3423F1Z565,2023-03,-3
34ABCDE3423F1Z565,2023-04,-2
34ABCDE3423F1Z565,2023-05,-4
34ABCDE3423F1Z565,2023-06,-4
14ABCDE2846F1Z566,2023-01,0
14ABCDE2846F1Z566,2023-02,-4
14ABCDE2846F1Z566,2023-03,-2
14ABCDE2846F1Z566,2023-04,3
14ABCDE2846F1Z566,2023-05,4
14ABCDE2846F1Z566,2023-06,-1
16ABCDE6562F1Z567,2023-01,-2
16ABCDE6562F1Z567,2023-02,3
16ABCDE6562F1Z567,2023-03,-1
16ABCDE6562F1Z567,2023-04,2
16ABCDE6562F1Z567,2023-05,-4
16ABCDE6562F1Z567,2023-06,-4
12ABCDE9094F1Z568,2023-01,-4
12ABCDE9094F1Z568,2023-02,4
12ABCDE9094F1Z568,2023-03,5
12ABCDE9094F1Z568,2023-04,5
12ABCDE9094F1Z568,2023-05,2
12ABCDE9094F1Z568,2023-06,-3
17ABCDE2450F1Z569,2023-01,3
17ABCDE2450F1Z569,2023-02,1
17ABCDE2450F1Z569,2023-03,1
17ABCDE2450F1Z569,2023-04,5
17ABCDE2450F1Z569,2023-05,-3
17ABCDE2450F1Z569,2023-06,1
20ABCDE9380F1Z570,2023-01,-2
20ABCDE9380F1Z570,2023-02,1
20ABCDE9380F1Z570,2023-03,3
20ABCDE9380F1Z570,2023-04,-3
20ABCDE9380F1Z570,2023-05,-3
20ABCDE9380F1Z570,2023-06,-3
21ABCDE5463F1Z571,2023-01,4
21ABCDE5463F1Z571,2023-02,2
21ABCDE5463F1Z571,2023-03,0
21ABCDE5463F1Z571,2023-04,-5
21ABCDE5463F1Z571,2023-05,0
21ABCDE5463F1Z571,2023-06,1
25ABCDE5557F1Z572,2023-01,-4
25ABCDE5557F1Z572,2023-02,4
25ABCDE5557F1Z572,2023-03,-4
25ABCDE5557F1Z572,2023-04,3
25ABCDE5557F1Z572,2023-05,1
25ABCDE5557F1Z572,2023-06,-5
13ABCDE6001F1Z573,2023-01,-5
13ABCDE6001F1Z573,2023-02,3
13ABCDE6001F1Z573,2023-03,-1
13ABCDE6001F1Z573,2023-04,1
13ABCDE6001F1Z573,2023-05,2
13ABCDE6001F1Z573,2023-06,5
36ABCDE3920F1Z574,2023-01,4
36ABCDE3920F1Z574,2023-02,-2
36ABCDE3920F1Z574,2023-03,-2
36ABCDE3920F1Z574,2023-04,-4
36ABCDE3920F1Z574,2023-05,-1
36ABCDE3920F1Z574,2023-06,4
16ABCDE2218F1Z575,2023-01,0
16ABCDE2218F1Z575,2023-02,1
16ABCDE2218F1Z575,2023-03,-2
16ABCDE2218F1Z575,2023-04,-2
16ABCDE2218F1Z575,2023-05,5
16ABCDE2218F1Z575,2023-06,-4
26ABCDE9263F1Z576,2023-01,-5
26ABCDE9263F1Z576,2023-02,-1
26ABCDE9263F1Z576,2023-03,5
26ABCDE9263F1Z576,2023-04,-3
26ABCDE9263F1Z576,2023-05,2
26ABCDE9263F1Z576,2023-06,0
30ABCDE6757F1Z577,2023-01,-5
30ABCDE6757F1Z577,2023-02,3
30ABCDE6757F1Z577,2023-03,-1
30ABCDE6757F1Z577,2023-04,-4
30ABCDE6757F1Z577,2023-05,4
30ABCDE6757F1Z577,2023-06,1
14ABCDE8611F1Z578,2023-01,3
14ABCDE8611F1Z578,2023-02,-4
14ABCDE8611F1Z578,2023-03,2
14ABCDE8611F1Z578,2023-04,4
14ABCDE8611F1Z578,2023-05,4
14ABCDE8611F1Z578,2023-06,5
35ABCDE4733F1Z579,2023-01,2
35ABCDE4733F1Z579,2023-02,-5
35ABCDE4733F1Z579,2023-03,-3
35ABCDE4733F1Z579,2023-04,3
35ABCDE4733F1Z579,2023-05,-4
35ABCDE4733F1Z579,2023-06,0
33ABCDE6745F1Z580,2023-01,-5
33ABCDE6745F1Z580,2023-02,1
33ABCDE6745F1Z580,2023-03,4
33ABCDE6745F1Z580,2023-04,4
33ABCDE6745F1Z580,2023-05,3
33ABCDE6745F1Z580,2023-06,4
28ABCDE2311F1Z581,2023-01,-4
28ABCDE2311F1Z581,2023-02,2
28ABCDE2311F1Z581,2023-03,3
28ABCDE2311F1Z581,2023-04,-3
28ABCDE2311F1Z581,2023-05,-1
28ABCDE2311F1Z581,2023-06,-3
35ABCDE4518F1Z582,2023-01,5
35ABCDE4518F1Z582,2023-02,5
35ABCDE4518F1Z582,2023-03,5
35ABCDE4518F1Z582,2023-04,4
35ABCDE4518F1Z582,2023-05,-3
35ABCDE4518F1Z582,2023-06,0
36ABCDE9365F1Z583,2023-01,-3
36ABCDE9365F1Z583,2023-02,5
36ABCDE9365F1Z583,2023-03,-1
36ABCDE9365F1Z583,2023-04,1
36ABCDE9365F1Z583,2023-05,-5
36ABCDE9365F1Z583,2023-06,-4
31ABCDE4072F1Z584,2023-01,-4
31ABCDE4072F1Z584,2023-02,5
31ABCDE4072F1Z584,2023-03,4
31ABCDE4072F1Z584,2023-04,-5
31ABCDE4072F1Z584,2023-05,-4
31ABCDE4072F1Z584,2023-06,1
26ABCDE5871F1Z585,2023-01,2
26ABCDE5871F1Z585,2023-02,-1
26ABCDE5871F1Z585,2023-03,4
26ABCDE5871F1Z585,2023-04,4
26ABCDE5871F1Z585,2023-05,0
26ABCDE5871F1Z585,2023-06,3
15ABCDE4390F1Z586,2023-01,3
15ABCDE4390F1Z586,2023-02,1
15ABCDE4390F1Z586,2023-03,-1
15ABCDE4390F1Z586,2023-04,-4
15ABCDE4390F1Z586,2023-05,0
15ABCDE4390F1Z586,2023-06,2
35ABCDE5913F1Z587,2023-01,-2
35ABCDE5913F1Z587,2023-02,0
35ABCDE5913F1Z587,2023-03,5
35ABCDE5913F1Z587,2023-04,5
35ABCDE5913F1Z587,2023-05,-3
35ABCDE5913F1Z587,2023-06,1
11ABCDE4134F1Z588,2023-01,5
11ABCDE4134F1Z588,2023-02,0
11ABCDE4134F1Z588,2023-03,-3
11ABCDE4134F1Z588,2023-04,-2
11ABCDE4134F1Z588,2023-05,-2
11ABCDE4134F1Z588,2023-06,2
10ABCDE5485F1Z589,2023-01,0
10ABCDE5485F1Z589,2023-02,3
10ABCDE5485F1Z589,2023-03,0
10ABCDE5485F1Z589,2023-04,-2
10ABCDE5485F1Z589,2023-05,-1
10ABCDE5485F1Z589,2023-06,3
32ABCDE1708F1Z590,2023-01,-3
32ABCDE1708F1Z590,2023-02,-1
32ABCDE1708F1Z590,2023-03,-3
32ABCDE1708F1Z590,2023-04,0
32ABCDE1708F1Z590,2023-05,4
32ABCDE1708F1Z590,2023-06,-1
14ABCDE8033F1Z591,2023-01,-2
14ABCDE8033F1Z591,2023-02,1
14ABCDE8033F1Z591,2023-03,2
14ABCDE8033F1Z591,2023-04,3
14ABCDE8033F1Z591,2023-05,0
14ABCDE8033F1Z591,2023-06,-3
18ABCDE3535F1Z592,2023-01,0
18ABCDE3535F1Z592,2023-02,0
18ABCDE3535F1Z592,2023-03,5
18ABCDE3535F1Z592,2023-04,3
18ABCDE3535F1Z592,2023-05,-3
18ABCDE3535F1Z592,2023-06,-3
20ABCDE8845F1Z593,2023-01,5
20ABCDE8845F1Z593,2023-02,5
20ABCDE8845F1Z593,2023-03,-3
20ABCDE8845F1Z593,2023-04,-1
20ABCDE8845F1Z593,2023-05,-4
20ABCDE8845F1Z593,2023-06,5
14ABCDE4798F1Z594,2023-01,4
14ABCDE4798F1Z594,2023-02,1
14ABCDE4798F1Z594,2023-03,-5
14ABCDE4798F1Z594,2023-04,3
14ABCDE4798F1Z594,2023-05,0
14ABCDE4798F1Z594,2023-06,2
19ABCDE3933F1Z595,2023-01,-3
19ABCDE3933F1Z595,2023-02,0
19ABCDE3933F1Z595,2023-03,3
19ABCDE3933F1Z595,2023-04,-3
19ABCDE3933F1Z595,2023-05,-5
19ABCDE3933F1Z595,2023-06,5
12ABCDE7845F1Z596,2023-01,-4
12ABCDE7845F1Z596,2023-02,4
12ABCDE7845F1Z596,2023-03,3
12ABCDE7845F1Z596,2023-04,5
12ABCDE7845F1Z596,2023-05,-1
12ABCDE7845F1Z596,2023-06,0
36ABCDE1776F1Z597,2023-01,2
36ABCDE1776F1Z597,2023-02,-1
36ABCDE1776F1Z597,2023-03,3
36ABCDE1776F1Z597,2023-04,-4
36ABCDE1776F1Z597,2023-05,-5
36ABCDE1776F1Z597,2023-06,-4
19ABCDE7167F1Z598,2023-01,1
19ABCDE7167F1Z598,2023-02,-5
19ABCDE7167F1Z598,2023-03,5
19ABCDE7167F1Z598,2023-04,2
19ABCDE7167F1Z598,2023-05,-1
19ABCDE7167F1Z598,2023-06,-1
10ABCDE6923F1Z599,2023-01,-1
10ABCDE6923F1Z599,2023-02,1
10ABCDE6923F1Z599,2023-03,0
10ABCDE6923F1Z599,2023-04,-3
10ABCDE6923F1Z599,2023-05,1
10ABCDE6923F1Z599,2023-06,-1
20ABCDE9393F1Z600,2023-01,-4
20ABCDE9393F1Z600,2023-02,4
20ABCDE9393F1Z600,2023-03,0
20ABCDE9393F1Z600,2023-04,0
20ABCDE9393F1Z600,2023-05,-2
20ABCDE9393F1Z600,2023-06,-1
35ABCDE7011F1Z601,2023-01,-5
35ABCDE7011F1Z601,2023-02,3
35ABCDE7011F1Z601,2023-03,-3
35ABCDE7011F1Z601,2023-04,-3
35ABCDE7011F1Z601,2023-05,2
35ABCDE7011F1Z601,2023-06,1
28ABCDE6163F1Z602,2023-01,-3
28ABCDE6163F1Z602,2023-02,1
28ABCDE6163F1Z602,2023-03,5
28ABCDE6163F1Z602,2023-04,-3
28ABCDE6163F1Z602,2023-05,2
28ABCDE6163F1Z602,2023-06,3
23ABCDE9939F1Z603,2023-01,-4
23ABCDE9939F1Z603,2023-02,0
23ABCDE9939F1Z603,2023-03,1
23ABCDE9939F1Z603,2023-04,0
23ABCDE9939F1Z603,2023-05,0
23ABCDE9939F1Z603,2023-06,-2
10ABCDE1295F1Z604,2023-01,-4
10ABCDE1295F1Z604,2023-02,-5
10ABCDE1295F1Z604,2023-03,1
10ABCDE1295F1Z604,2023-04,4
10ABCDE1295F1Z604,2023-05,-4
10ABCDE1295F1Z604,2023-06,1
34ABCDE3461F1Z605,2023-01,-1
34ABCDE3461F1Z605,2023-02,-1
34ABCDE3461F1Z605,2023-03,0
34ABCDE3461F1Z605,2023-04,1
34ABCDE3461F1Z605,2023-05,4
34ABCDE3461F1Z605,2023-06,-4
10ABCDE1047F1Z606,2023-01,-4
10ABCDE1047F1Z606,2023-02,4
10ABCDE1047F1Z606,2023-03,5
10ABCDE1047F1Z606,2023-04,2
10ABCDE1047F1Z606,2023-05,-1
10ABCDE1047F1Z606,2023-06,-2
31ABCDE8214F1Z607,2023-01,-2
31ABCDE8214F1Z607,2023-02,-2
31ABCDE8214F1Z607,2023-03,-1
31ABCDE8214F1Z607,2023-04,-2
31ABCDE8214F1Z607,2023-05,-1
31ABCDE8214F1Z607,2023-06,2
28ABCDE3737F1Z608,2023-01,-4
28ABCDE3737F1Z608,2023-02,4
28ABCDE3737F1Z608,2023-03,3
28ABCDE3737F1Z608,2023-04,3
28ABCDE3737F1Z608,2023-05,2
28ABCDE3737F1Z608,2023-06,5
16ABCDE2440F1Z609,2023-01,0
16ABCDE2440F1Z609,2023-02,2
16ABCDE2440F1Z609,2023-03,1
16ABCDE2440F1Z609,2023-04,-3
16ABCDE2440F1Z609,2023-05,-4
16ABCDE2440F1Z609,2023-06,-2
20ABCDE6585F1Z610,2023-01,1
20ABCDE6585F1Z610,2023-02,-4
20ABCDE6585F1Z610,2023-03,-1
20ABCDE6585F1Z610,2023-04,-4
20ABCDE6585F1Z610,2023-05,5
20ABCDE6585F1Z610,2023-06,-5
32ABCDE4273F1Z611,2023-01,-3
32ABCDE4273F1Z611,2023-02,-4
32ABCDE4273F1Z611,2023-03,5
32ABCDE4273F1Z611,2023-04,5
32ABCDE4273F1Z611,2023-05,1
32ABCDE4273F1Z611,2023-06,-2
10ABCDE5082F1Z612,2023-01,-3
10ABCDE5082F1Z612,2023-02,4
10ABCDE5082F1Z612,2023-03,0
10ABCDE5082F1Z612,2023-04,-4
10ABCDE5082F1Z612,2023-05,-1
10ABCDE5082F1Z612,2023-06,-1
17ABCDE3362F1Z613,2023-01,5
17ABCDE3362F1Z613,2023-02,3
17ABCDE3362F1Z613,2023-03,-1
17ABCDE3362F1Z613,2023-04,-1
17ABCDE3362F1Z613,2023-05,2
17ABCDE3362F1Z613,2023-06,5
28ABCDE2086F1Z614,2023-01,-2
28ABCDE2086F1Z614,2023-02,3
28ABCDE2086F1Z614,2023-03,-4
28ABCDE2086F1Z614,2023-04,-5
28ABCDE2086F1Z614,2023-05,-4
28ABCDE2086F1Z614,2023-06,3
36ABCDE1106F1Z615,2023-01,0
36ABCDE1106F1Z615,2023-02,4
36ABCDE1106F1Z615,2023-03,0
36ABCDE1106F1Z615,2023-04,1
36ABCDE1106F1Z615,2023-05,-5
36ABCDE1106F1Z615,2023-06,-1
12ABCDE7970F1Z616,2023-01,-3
12ABCDE7970F1Z616,2023-02,-3
12ABCDE7970F1Z616,2023-03,-3
12ABCDE7970F1Z616,2023-04,-5
12ABCDE7970F1Z616,2023-05,0
12ABCDE7970F1Z616,2023-06,-5
20ABCDE8709F1Z617,2023-01,-1
20ABCDE8709F1Z617,2023-02,-2
20ABCDE8709F1Z617,2023-03,-3
20ABCDE8709F1Z617,2023-04,-2
20ABCDE8709F1Z617,2023-05,5
20ABCDE8709F1Z617,2023-06,2
12ABCDE7785F1Z618,2023-01,5
12ABCDE7785F1Z618,2023-02,5
12ABCDE7785F1Z618,2023-03,5
12ABCDE7785F1Z618,2023-04,-2
12ABCDE7785F1Z618,2023-05,-4
12ABCDE7785F1Z618,2023-06,-2
32ABCDE7393F1Z619,2023-01,-1
32ABCDE7393F1Z619,2023-02,1
32ABCDE7393F1Z619,2023-03,-3
32ABCDE7393F1Z619,2023-04,5
32ABCDE7393F1Z619,2023-05,-2
32ABCDE7393F1Z619,2023-06,1
30ABCDE8730F1Z620,2023-01,0
30ABCDE8730F1Z620,2023-02,2
30ABCDE8730F1Z620,2023-03,-1
30ABCDE8730F1Z620,2023-04,4
30ABCDE8730F1Z620,2023-05,3
30ABCDE8730F1Z620,2023-06,-4
16ABCDE8095F1Z621,2023-01,0
16ABCDE8095F1Z621,2023-02,3
16ABCDE8095F1Z621,2023-03,-1
16ABCDE8095F1Z621,2023-04,0
16ABCDE8095F1Z621,2023-05,-1
16ABCDE8095F1Z621,2023-06,0
34ABCDE4682F1Z622,2023-01,3
34ABCDE4682F1Z622,2023-02,-3
34ABCDE4682F1Z622,2023-03,-3
34ABCDE4682F1Z622,2023-04,-2
34ABCDE4682F1Z622,2023-05,5
34ABCDE4682F1Z622,2023-06,4
26ABCDE7783F1Z623,2023-01,-3
26ABCDE7783F1Z623,2023-02,-4
26ABCDE7783F1Z623,2023-03,4
26ABCDE7783F1Z623,2023-04,-2
26ABCDE7783F1Z623,2023-05,-3
26ABCDE7783F1Z623,2023-06,3
35ABCDE1787F1Z624,2023-01,-2
35ABCDE1787F1Z624,2023-02,-2
35ABCDE1787F1Z624,2023-03,-1
35ABCDE1787F1Z624,2023-04,-5
35ABCDE1787F1Z624,2023-05,-3
35ABCDE1787F1Z624,2023-06,4
30ABCDE8411F1Z625,2023-01,-5
30ABCDE8411F1Z625,2023-02,5
30ABCDE8411F1Z625,2023-03,0
30ABCDE8411F1Z625,2023-04,0
30ABCDE8411F1Z625,2023-05,0
30ABCDE8411F1Z625,2023-06,1
14ABCDE8360F1Z626,2023-01,5
14ABCDE8360F1Z626,2023-02,2
14ABCDE8360F1Z626,2023-03,-3
14ABCDE8360F1Z626,2023-04,-2
14ABCDE8360F1Z626,2023-05,-4
14ABCDE8360F1Z626,2023-06,-1
32ABCDE6248F1Z627,2023-01,4
32ABCDE6248F1Z627,2023-02,1
32ABCDE6248F1Z627,2023-03,4
32ABCDE6248F1Z627,2023-04,5
32ABCDE6248F1Z627,2023-05,3
32ABCDE6248F1Z627,2023-06,-2
24ABCDE8017F1Z628,2023-01,-4
24ABCDE8017F1Z628,2023-02,2
24ABCDE8017F1Z628,2023-03,0
24ABCDE8017F1Z628,2023-04,1
24ABCDE8017F1Z628,2023-05,-1
24ABCDE8017F1Z628,2023-06,4
25ABCDE6419F1Z629,2023-01,-2
25ABCDE6419F1Z629,2023-02,5
25ABCDE6419F1Z629,2023-03,2
25ABCDE6419F1Z629,2023-04,5
25ABCDE6419F1Z629,2023-05,5
25ABCDE6419F1Z629,2023-06,-4
33ABCDE8909F1Z630,2023-01,-4
33ABCDE8909F1Z630,2023-02,1
33ABCDE8909F1Z630,2023-03,1
33ABCDE8909F1Z630,2023-04,1
33ABCDE8909F1Z630,2023-05,-2
33ABCDE8909F1Z630,2023-06,1
33ABCDE6633F1Z631,2023-01,3
33ABCDE6633F1Z631,2023-02,2
33ABCDE6633F1Z631,2023-03,0
33ABCDE6633F1Z631,2023-04,-5
33ABCDE6633F1Z631,2023-05,-4
33ABCDE6633F1Z631,2023-06,4
30ABCDE9783F1Z632,2023-01,4
30ABCDE9783F1Z632,2023-02,0
30ABCDE9783F1Z632,2023-03,-4
30ABCDE9783F1Z632,2023-04,5
30ABCDE9783F1Z632,2023-05,-4
30ABCDE9783F1Z632,2023-06,0
24ABCDE3557F1Z633,2023-01,-2
24ABCDE3557F1Z633,2023-02,-5
24ABCDE3557F1Z633,2023-03,-1
24ABCDE3557F1Z633,2023-04,-5
24ABCDE3557F1Z633,2023-05,-5
24ABCDE3557F1Z633,2023-06,1
16ABCDE7568F1Z634,2023-01,5
16ABCDE7568F1Z634,2023-02,-3
16ABCDE7568F1Z634,2023-03,-2
16ABCDE7568F1Z634,2023-04,5
16ABCDE7568F1Z634,2023-05,3
16ABCDE7568F1Z634,2023-06,5
12ABCDE4674F1Z635,2023-01,-5
12ABCDE4674F1Z635,2023-02,0
12ABCDE4674F1Z635,2023-03,-2
12ABCDE4674F1Z635,2023-04,0
12ABCDE4674F1Z635,2023-05,-5
12ABCDE4674F1Z635,2023-06,-5
14ABCDE8181F1Z636,2023-01,0
14ABCDE8181F1Z636,2023-02,0
14ABCDE8181F1Z636,2023-03,4
14ABCDE8181F1Z636,2023-04,2
14ABCDE8181F1Z636,2023-05,-2
14ABCDE8181F1Z636,2023-06,-1
13ABCDE5601F1Z637,2023-01,1
13ABCDE5601F1Z637,2023-02,2
13ABCDE5601F1Z637,2023-03,-2
13ABCDE5601F1Z637,2023-04,-1
13ABCDE5601F1Z637,2023-05,3
13ABCDE5601F1Z637,2023-06,-2
13ABCDE7271F1Z638,2023-01,1
13ABCDE7271F1Z638,2023-02,0
13ABCDE7271F1Z638,2023-03,0
13ABCDE7271F1Z638,2023-04,-4
13ABCDE7271F1Z638,2023-05,4
13ABCDE7271F1Z638,2023-06,-5
30ABCDE8231F1Z639,2023-01,-1
30ABCDE8231F1Z639,2023-02,4
30ABCDE8231F1Z639,2023-03,3
30ABCDE8231F1Z639,2023-04,-4
30ABCDE8231F1Z639,2023-05,-3
30ABCDE8231F1Z639,2023-06,-5
13ABCDE8262F1Z640,2023-01,-5
13ABCDE8262F1Z640,2023-02,3
13ABCDE8262F1Z640,2023-03,5
13ABCDE8262F1Z640,2023-04,1
13ABCDE8262F1Z640,2023-05,-5
13ABCDE8262F1Z640,2023-06,3
28ABCDE2110F1Z641,2023-01,-1
28ABCDE2110F1Z641,2023-02,-1
28ABCDE2110F1Z641,2023-03,-3
28ABCDE2110F1Z641,2023-04,1
28ABCDE2110F1Z641,2023-05,-1
28ABCDE2110F1Z641,2023-06,-2
18ABCDE2874F1Z642,2023-01,3
18ABCDE2874F1Z642,2023-02,-4
18ABCDE2874F1Z642,2023-03,3
18ABCDE2874F1Z642,2023-04,1
18ABCDE2874F1Z642,2023-05,0
18ABCDE2874F1Z642,2023-06,-3
36ABCDE4925F1Z643,2023-01,3
36ABCDE4925F1Z643,2023-02,-1
36ABCDE4925F1Z643,2023-03,1
36ABCDE4925F1Z643,2023-04,-4
36ABCDE4925F1Z643,2023-05,2
36ABCDE4925F1Z643,2023-06,-5
34ABCDE7399F1Z644,2023-01,3
34ABCDE7399F1Z644,2023-02,-1
34ABCDE7399F1Z644,2023-03,5
34ABCDE7399F1Z644,2023-04,2
34ABCDE7399F1Z644,2023-05,-4
34ABCDE7399F1Z644,2023-06,-1
27ABCDE8886F1Z645,2023-01,-5
27ABCDE8886F1Z645,2023-02,3
27ABCDE8886F1Z645,2023-03,4
27ABCDE8886F1Z645,2023-04,3
27ABCDE8886F1Z645,2023-05,4
27ABCDE8886F1Z645,2023-06,0
26ABCDE5015F1Z646,2023-01,4
26ABCDE5015F1Z646,2023-02,-5
26ABCDE5015F1Z646,2023-03,-2
26ABCDE5015F1Z646,2023-04,-2
26ABCDE5015F1Z646,2023-05,-1
26ABCDE5015F1Z646,2023-06,-2
19ABCDE4556F1Z647,2023-01,-1
19ABCDE4556F1Z647,2023-02,-4
19ABCDE4556F1Z647,2023-03,1
19ABCDE4556F1Z647,2023-04,1
19ABCDE4556F1Z647,2023-05,-4
19ABCDE4556F1Z647,2023-06,5
36ABCDE2030F1Z648,2023-01,5
36ABCDE2030F1Z648,2023-02,4
36ABCDE2030F1Z648,2023-03,-1
36ABCDE2030F1Z648,2023-04,1
36ABCDE2030F1Z648,2023-05,-4
36ABCDE2030F1Z648,2023-06,-5
29ABCDE6735F1Z649,2023-01,-4
29ABCDE6735F1Z649,2023-02,-5
29ABCDE6735F1Z649,2023-03,-3
29ABCDE6735F1Z649,2023-04,3
29ABCDE6735F1Z649,2023-05,-2
29ABCDE6735F1Z649,2023-06,3
35ABCDE5742F1Z650,2023-01,3
35ABCDE5742F1Z650,2023-02,2
35ABCDE5742F1Z650,2023-03,0
35ABCDE5742F1Z650,2023-04,1
35ABCDE5742F1Z650,2023-05,2
35ABCDE5742F1Z650,2023-06,-3
33ABCDE6864F1Z651,2023-01,-5
33ABCDE6864F1Z651,2023-02,3
33ABCDE6864F1Z651,2023-03,4
33ABCDE6864F1Z651,2023-04,1
33ABCDE6864F1Z651,2023-05,-4
33ABCDE6864F1Z651,2023-06,-4
32ABCDE7898F1Z652,2023-01,0
32ABCDE7898F1Z652,2023-02,-5
32ABCDE7898F1Z652,2023-03,-2
32ABCDE7898F1Z652,2023-04,0
32ABCDE7898F1Z652,2023-05,-1
32ABCDE7898F1Z652,2023-06,0
19ABCDE1154F1Z653,2023-01,2
19ABCDE1154F1Z653,2023-02,1
19ABCDE1154F1Z653,2023-03,4
19ABCDE1154F1Z653,2023-04,-3
19ABCDE1154F1Z653,2023-05,-3
19ABCDE1154F1Z653,2023-06,-3
28ABCDE6731F1Z654,2023-01,2
28ABCDE6731F1Z654,2023-02,3
28ABCDE6731F1Z654,2023-03,5
28ABCDE6731F1Z654,2023-04,-3
28ABCDE6731F1Z654,2023-05,-5
28ABCDE6731F1Z654,2023-06,4
22ABCDE8081F1Z655,2023-01,5
22ABCDE8081F1Z655,2023-02,-3
22ABCDE8081F1Z655,2023-03,-2
22ABCDE8081F1Z655,2023-04,4
22ABCDE8081F1Z655,2023-05,5
22ABCDE8081F1Z655,2023-06,-5
26ABCDE9663F1Z656,2023-01,5
26ABCDE9663F1Z656,2023-02,-5
26ABCDE9663F1Z656,2023-03,-2
26ABCDE9663F1Z656,2023-04,0
26ABCDE9663F1Z656,2023-05,-5
26ABCDE9663F1Z656,2023-06,2
15ABCDE5200F1Z657,2023-01,-2
15ABCDE5200F1Z657,2023-02,-4
15ABCDE5200F1Z657,2023-03,0
15ABCDE5200F1Z657,2023-04,4
15ABCDE5200F1Z657,2023-05,-5
15ABCDE5200F1Z657,2023-06,0
23ABCDE5620F1Z658,2023-01,1
23ABCDE5620F1Z658,2023-02,-5
23ABCDE5620F1Z658,2023-03,3
23ABCDE5620F1Z658,2023-04,-3
23ABCDE5620F1Z658,2023-05,5
23ABCDE5620F1Z658,2023-06,2
35ABCDE5994F1Z659,2023-01,1
35ABCDE5994F1Z659,2023-02,-1
35ABCDE5994F1Z659,2023-03,5
35ABCDE5994F1Z659,2023-04,0
35ABCDE5994F1Z659,2023-05,4
35ABCDE5994F1Z659,2023-06,-5
36ABCDE5861F1Z660,2023-01,-4
36ABCDE5861F1Z660,2023-02,4
36ABCDE5861F1Z660,2023-03,-1
36ABCDE5861F1Z660,2023-04,4
36ABCDE5861F1Z660,2023-05,-3
36ABCDE5861F1Z660,2023-06,4
14ABCDE8524F1Z661,2023-01,5
14ABCDE8524F1Z661,2023-02,1
14ABCDE8524F1Z661,2023-03,-1
14ABCDE8524F1Z661,2023-04,-5
14ABCDE8524F1Z661,2023-05,-3
14ABCDE8524F1Z661,2023-06,-5
27ABCDE6642F1Z662,2023-01,-2
27ABCDE6642F1Z662,2023-02,4
27ABCDE6642F1Z662,2023-03,3
27ABCDE6642F1Z662,2023-04,-3
27ABCDE6642F1Z662,2023-05,-1
27ABCDE6642F1Z662,2023-06,3
22ABCDE6465F1Z663,2023-01,5
22ABCDE6465F1Z663,2023-02,-2
22ABCDE6465F1Z663,2023-03,2
22ABCDE6465F1Z663,2023-04,-4
22ABCDE6465F1Z663,2023-05,-1
22ABCDE6465F1Z663,2023-06,3
15ABCDE7319F1Z664,2023-01,-5
15ABCDE7319F1Z664,2023-02,-3
15ABCDE7319F1Z664,2023-03,5
15ABCDE7319F1Z664,2023-04,-4
15ABCDE7319F1Z664,2023-05,4
15ABCDE7319F1Z664,2023-06,-4
21ABCDE2110F1Z665,2023-01,-2
21ABCDE2110F1Z665,2023-02,-1
21ABCDE2110F1Z665,2023-03,-2
21ABCDE2110F1Z665,2023-04,4
21ABCDE2110F1Z665,2023-05,-5
21ABCDE2110F1Z665,2023-06,-2
19ABCDE7121F1Z666,2023-01,-1
19ABCDE7121F1Z666,2023-02,-2
19ABCDE7121F1Z666,2023-03,-1
19ABCDE7121F1Z666,2023-04,-5
19ABCDE7121F1Z666,2023-05,3
19ABCDE7121F1Z666,2023-06,-4
18ABCDE6884F1Z667,2023-01,-3
18ABCDE6884F1Z667,2023-02,3
18ABCDE6884F1Z667,2023-03,0
18ABCDE6884F1Z667,2023-04,-4
18ABCDE6884F1Z667,2023-05,0
18ABCDE6884F1Z667,2023-06,-1
10ABCDE8772F1Z668,2023-01,-2
10ABCDE8772F1Z668,2023-02,-2
10ABCDE8772F1Z668,2023-03,5
10ABCDE8772F1Z668,2023-04,4
10ABCDE8772F1Z668,2023-05,-5
10ABCDE8772F1Z668,2023-06,-4
27ABCDE1838F1Z669,2023-01,0
27ABCDE1838F1Z669,2023-02,-5
27ABCDE1838F1Z669,2023-03,0
27ABCDE1838F1Z669,2023-04,-5
27ABCDE1838F1Z669,2023-05,1
27ABCDE1838F1Z669,2023-06,2
26ABCDE5264F1Z670,2023-01,2
26ABCDE5264F1Z670,2023-02,0
26ABCDE5264F1Z670,2023-03,-4
26ABCDE5264F1Z670,2023-04,0
26ABCDE5264F1Z670,2023-05,3
26ABCDE5264F1Z670,2023-06,0
21ABCDE1480F1Z671,2023-01,-4
21ABCDE1480F1Z671,2023-02,-4
21ABCDE1480F1Z671,2023-03,0
21ABCDE1480F1Z671,2023-04,-5
21ABCDE1480F1Z671,2023-05,-2
21ABCDE1480F1Z671,2023-06,-2
28ABCDE7457F1Z672,2023-01,-3
28ABCDE7457F1Z672,2023-02,-3
28ABCDE7457F1Z672,2023-03,-2
28ABCDE7457F1Z672,2023-04,-3
28ABCDE7457F1Z672,2023-05,-3
28ABCDE7457F1Z672,2023-06,-3
19ABCDE4250F1Z673,2023-01,4
19ABCDE4250F1Z673,2023-02,-2
19ABCDE4250F1Z673,2023-03,2
19ABCDE4250F1Z673,2023-04,5
19ABCDE4250F1Z673,2023-05,2
19ABCDE4250F1Z673,2023-06,-1
29ABCDE8384F1Z674,2023-01,5
29ABCDE8384F1Z674,2023-02,5
29ABCDE8384F1Z674,2023-03,-4
29ABCDE8384F1Z674,2023-04,1
29ABCDE8384F1Z674,2023-05,0
29ABCDE8384F1Z674,2023-06,1
30ABCDE3091F1Z675,2023-01,0
30ABCDE3091F1Z675,2023-02,5
30ABCDE3091F1Z675,2023-03,5
30ABCDE3091F1Z675,2023-04,-2
30ABCDE3091F1Z675,2023-05,4
30ABCDE3091F1Z675,2023-06,2
13ABCDE2128F1Z676,2023-01,5
13ABCDE2128F1Z676,2023-02,-4
13ABCDE2128F1Z676,2023-03,1
13ABCDE2128F1Z676,2023-04,2
13ABCDE2128F1Z676,2023-05,-1
13ABCDE2128F1Z676,2023-06,4
22ABCDE7054F1Z677,2023-01,-4
22ABCDE7054F1Z677,2023-02,1
22ABCDE7054F1Z677,2023-03,2
22ABCDE7054F1Z677,2023-04,-4
22ABCDE7054F1Z677,2023-05,1
22ABCDE7054F1Z677,2023-06,-5
30ABCDE3918F1Z678,2023-01,0
30ABCDE3918F1Z678,2023-02,5
30ABCDE3918F1Z678,2023-03,-3
30ABCDE3918F1Z678,2023-04,1
30ABCDE3918F1Z678,2023-05,2
30ABCDE3918F1Z678,2023-06,-3
27ABCDE9920F1Z679,2023-01,4
27ABCDE9920F1Z679,2023-02,-3
27ABCDE9920F1Z679,2023-03,-2
27ABCDE9920F1Z679,2023-04,1
27ABCDE9920F1Z679,2023-05,5
27ABCDE9920F1Z679,2023-06,-1
33ABCDE1648F1Z680,2023-01,-1
33ABCDE1648F1Z680,2023-02,-3
33ABCDE1648F1Z680,2023-03,2
33ABCDE1648F1Z680,2023-04,3
33ABCDE1648F1Z680,2023-05,-3
33ABCDE1648F1Z680,2023-06,1
23ABCDE1877F1Z681,2023-01,2
23ABCDE1877F1Z681,2023-02,3
23ABCDE1877F1Z681,2023-03,1
23ABCDE1877F1Z681,2023-04,1
23ABCDE1877F1Z681,2023-05,2
23ABCDE1877F1Z681,2023-06,-3
33ABCDE3285F1Z682,2023-01,4
33ABCDE3285F1Z682,2023-02,3
33ABCDE3285F1Z682,2023-03,5
33ABCDE3285F1Z682,2023-04,-5
33ABCDE3285F1Z682,2023-05,5
33ABCDE3285F1Z682,2023-06,5
32ABCDE8704F1Z683,2023-01,2
32ABCDE8704F1Z683,2023-02,-5
32ABCDE8704F1Z683,2023-03,1
32ABCDE8704F1Z683,2023-04,-4
32ABCDE8704F1Z683,2023-05,4
32ABCDE8704F1Z683,2023-06,-2
13ABCDE9700F1Z684,2023-01,-5
13ABCDE9700F1Z684,2023-02,-3
13ABCDE9700F1Z684,2023-03,2
13ABCDE9700F1Z684,2023-04,1
13ABCDE9700F1Z684,2023-05,-5
13ABCDE9700F1Z684,2023-06,-4
27ABCDE1891F1Z685,2023-01,-1
27ABCDE1891F1Z685,2023-02,0
27ABCDE1891F1Z685,2023-03,4
27ABCDE1891F1Z685,2023-04,2
27ABCDE1891F1Z685,2023-05,-4
27ABCDE1891F1Z685,2023-06,-4
31ABCDE7827F1Z686,2023-01,-5
31ABCDE7827F1Z686,2023-02,0
31ABCDE7827F1Z686,2023-03,1
31ABCDE7827F1Z686,2023-04,-2
31ABCDE7827F1Z686,2023-05,-1
31ABCDE7827F1Z686,2023-06,5
13ABCDE3104F1Z687,2023-01,-4
13ABCDE3104F1Z687,2023-02,1
13ABCDE3104F1Z687,2023-03,3
13ABCDE3104F1Z687,2023-04,-1
13ABCDE3104F1Z687,2023-05,-2
13ABCDE3104F1Z687,2023-06,2
17ABCDE2277F1Z688,2023-01,-1
17ABCDE2277F1Z688,2023-02,2
17ABCDE2277F1Z688,2023-03,-3
17ABCDE2277F1Z688,2023-04,4
17ABCDE2277F1Z688,2023-05,0
17ABCDE2277F1Z688,2023-06,4
33ABCDE4027F1Z689,2023-01,-1
33ABCDE4027F1Z689,2023-02,-5
33ABCDE4027F1Z689,2023-03,-2
33ABCDE4027F1Z689,2023-04,3
33ABCDE4027F1Z689,2023-05,1
33ABCDE4027F1Z689,2023-06,-5
29ABCDE9153F1Z690,2023-01,2
29ABCDE9153F1Z690,2023-02,2
29ABCDE9153F1Z690,2023-03,-2
29ABCDE9153F1Z690,2023-04,2
29ABCDE9153F1Z690,2023-05,-3
29ABCDE9153F1Z690,2023-06,-1
19ABCDE2975F1Z691,2023-01,3
19ABCDE2975F1Z691,2023-02,-3
19ABCDE2975F1Z691,2023-03,1
19ABCDE2975F1Z691,2023-04,2
19ABCDE2975F1Z691,2023-05,-2
19ABCDE2975F1Z691,2023-06,0
26ABCDE4302F1Z692,2023-01,4
26ABCDE4302F1Z692,2023-02,3
26ABCDE4302F1Z692,2023-03,3
26ABCDE4302F1Z692,2023-04,-1
26ABCDE4302F1Z692,2023-05,-4
26ABCDE4302F1Z692,2023-06,-1
10ABCDE7594F1Z693,2023-01,-3
10ABCDE7594F1Z693,2023-02,-1
10ABCDE7594F1Z693,2023-03,5
10ABCDE7594F1Z693,2023-04,0
10ABCDE7594F1Z693,2023-05,2
10ABCDE7594F1Z693,2023-06,0
28ABCDE9365F1Z694,2023-01,5
28ABCDE9365F1Z694,2023-02,4
28ABCDE9365F1Z694,2023-03,-1
28ABCDE9365F1Z694,2023-04,3
28ABCDE9365F1Z694,2023-05,5
28ABCDE9365F1Z694,2023-06,3
30ABCDE4085F1Z695,2023-01,2
30ABCDE4085F1Z695,2023-02,-5
30ABCDE4085F1Z695,2023-03,-2
30ABCDE4085F1Z695,2023-04,3
30ABCDE4085F1Z695,2023-05,-4
30ABCDE4085F1Z695,2023-06,-4
14ABCDE4016F1Z696,2023-01,-4
14ABCDE4016F1Z696,2023-02,1
14ABCDE4016F1Z696,2023-03,2
14ABCDE4016F1Z696,2023-04,-1
14ABCDE4016F1Z696,2023-05,1
14ABCDE4016F1Z696,2023-06,-4
19ABCDE9155F1Z697,2023-01,-5
19ABCDE9155F1Z697,2023-02,4
19ABCDE9155F1Z697,2023-03,-5
19ABCDE9155F1Z697,2023-04,-5
19ABCDE9155F1Z697,2023-05,-2
19ABCDE9155F1Z697,2023-06,1
23ABCDE1469F1Z698,2023-01,3
23ABCDE1469F1Z698,2023-02,-1
23ABCDE1469F1Z698,2023-03,0
23ABCDE1469F1Z698,2023-04,2
23ABCDE1469F1Z698,2023-05,-5
23ABCDE1469F1Z698,2023-06,3
24ABCDE8010F1Z699,2023-01,1
24ABCDE8010F1Z699,2023-02,4
24ABCDE8010F1Z699,2023-03,3
24ABCDE8010F1Z699,2023-04,-1
24ABCDE8010F1Z699,2023-05,-2
24ABCDE8010F1Z699,2023-06,-3
22ABCDE5107F1Z700,2023-01,-4
22ABCDE5107F1Z700,2023-02,3
22ABCDE5107F1Z700,2023-03,2
22ABCDE5107F1Z700,2023-04,-1
22ABCDE5107F1Z700,2023-05,4
22ABCDE5107F1Z700,2023-06,3
26ABCDE6236F1Z701,2023-01,-2
26ABCDE6236F1Z701,2023-02,0
26ABCDE6236F1Z701,2023-03,0
26ABCDE6236F1Z701,2023-04,5
26ABCDE6236F1Z701,2023-05,-3
26ABCDE6236F1Z701,2023-06,5
16ABCDE4036F1Z702,2023-01,4
16ABCDE4036F1Z702,2023-02,-1
16ABCDE4036F1Z702,2023-03,-3
16ABCDE4036F1Z702,2023-04,2
16ABCDE4036F1Z702,2023-05,5
16ABCDE4036F1Z702,2023-06,-1
14ABCDE9777F1Z703,2023-01,0
14ABCDE9777F1Z703,2023-02,5
14ABCDE9777F1Z703,2023-03,5
14ABCDE9777F1Z703,2023-04,-2
14ABCDE9777F1Z703,2023-05,1
14ABCDE9777F1Z703,2023-06,-1
16ABCDE4429F1Z704,2023-01,4
16ABCDE4429F1Z704,2023-02,3
16ABCDE4429F1Z704,2023-03,-4
16ABCDE4429F1Z704,2023-04,5
16ABCDE4429F1Z704,2023-05,-3
16ABCDE4429F1Z704,2023-06,-3
25ABCDE6535F1Z705,2023-01,4
25ABCDE6535F1Z705,2023-02,-3
25ABCDE6535F1Z705,2023-03,1
25ABCDE6535F1Z705,2023-04,3
25ABCDE6535F1Z705,2023-05,3
25ABCDE6535F1Z705,2023-06,-1
27ABCDE5969F1Z706,2023-01,4
27ABCDE5969F1Z706,2023-02,5
27ABCDE5969F1Z706,2023-03,-3
27ABCDE5969F1Z706,2023-04,1
27ABCDE5969F1Z706,2023-05,-1
27ABCDE5969F1Z706,2023-06,4
14ABCDE9891F1Z707,2023-01,-1
14ABCDE9891F1Z707,2023-02,3
14ABCDE9891F1Z707,2023-03,-4
14ABCDE9891F1Z707,2023-04,3
14ABCDE9891F1Z707,2023-05,0
14ABCDE9891F1Z707,2023-06,2
32ABCDE6297F1Z708,2023-01,-2
32ABCDE6297F1Z708,2023-02,5
32ABCDE6297F1Z708,2023-03,-2
32ABCDE6297F1Z708,2023-04,2
32ABCDE6297F1Z708,2023-05,-1
32ABCDE6297F1Z708,2023-06,1
12ABCDE8560F1Z709,2023-01,0
12ABCDE8560F1Z709,2023-02,-5
12ABCDE8560F1Z709,2023-03,5
12ABCDE8560F1Z709,2023-04,1
12ABCDE8560F1Z709,2023-05,1
12ABCDE8560F1Z709,2023-06,-1
13ABCDE5965F1Z710,2023-01,-1
13ABCDE5965F1Z710,2023-02,2
13ABCDE5965F1Z710,2023-03,-1
13ABCDE5965F1Z710,2023-04,5
13ABCDE5965F1Z710,2023-05,0
13ABCDE5965F1Z710,2023-06,4
22ABCDE2253F1Z711,2023-01,5
22ABCDE2253F1Z711,2023-02,2
22ABCDE2253F1Z711,2023-03,1
22ABCDE2253F1Z711,2023-04,-5
22ABCDE2253F1Z711,2023-05,-2
22ABCDE2253F1Z711,2023-06,1
11ABCDE5369F1Z712,2023-01,4
11ABCDE5369F1Z712,2023-02,-1
11ABCDE5369F1Z712,2023-03,-4
11ABCDE5369F1Z712,2023-04,-3
11ABCDE5369F1Z712,2023-05,1
11ABCDE5369F1Z712,2023-06,-5
17ABCDE8496F1Z713,2023-01,1
17ABCDE8496F1Z713,2023-02,0
17ABCDE8496F1Z713,2023-03,-3
17ABCDE8496F1Z713,2023-04,2
17ABCDE8496F1Z713,2023-05,3
17ABCDE8496F1Z713,2023-06,2
10ABCDE6895F1Z714,2023-01,-5
10ABCDE6895F1Z714,2023-02,3
10ABCDE6895F1Z714,2023-03,-2
10ABCDE6895F1Z714,2023-04,0
10ABCDE6895F1Z714,2023-05,4
10ABCDE6895F1Z714,2023-06,3
27ABCDE7203F1Z715,2023-01,-3
27ABCDE7203F1Z715,2023-02,0
27ABCDE7203F1Z715,2023-03,2
27ABCDE7203F1Z715,2023-04,-4
27ABCDE7203F1Z715,2023-05,-3
27ABCDE7203F1Z715,2023-06,-2
36ABCDE7356F1Z716,2023-01,4
36ABCDE7356F1Z716,2023-02,-1
36ABCDE7356F1Z716,2023-03,-3
36ABCDE7356F1Z716,2023-04,0
36ABCDE7356F1Z716,2023-05,4
36ABCDE7356F1Z716,2023-06,3
20ABCDE9612F1Z717,2023-01,3
20ABCDE9612F1Z717,2023-02,-5
20ABCDE9612F1Z717,2023-03,0
20ABCDE9612F1Z717,2023-04,5
20ABCDE9612F1Z717,2023-05,-4
20ABCDE9612F1Z717,2023-06,1
29ABCDE7665F1Z718,2023-01,5
29ABCDE7665F1Z718,2023-02,-1
29ABCDE7665F1Z718,2023-03,-2
29ABCDE7665F1Z718,2023-04,-3
29ABCDE7665F1Z718,2023-05,5
29ABCDE7665F1Z718,2023-06,-3
13ABCDE4705F1Z719,2023-01,-5
13ABCDE4705F1Z719,2023-02,-5
13ABCDE4705F1Z719,2023-03,-1
13ABCDE4705F1Z719,2023-04,4
13ABCDE4705F1Z719,2023-05,-4
13ABCDE4705F1Z719,2023-06,-2
26ABCDE6954F1Z720,2023-01,4
26ABCDE6954F1Z720,2023-02,-2
26ABCDE6954F1Z720,2023-03,2
26ABCDE6954F1Z720,2023-04,-3
26ABCDE6954F1Z720,2023-05,5
26ABCDE6954F1Z720,2023-06,1
18ABCDE5731F1Z721,2023-01,4
18ABCDE5731F1Z721,2023-02,-3
18ABCDE5731F1Z721,2023-03,-4
18ABCDE5731F1Z721,2023-04,-2
18ABCDE5731F1Z721,2023-05,-1
18ABCDE5731F1Z721,2023-06,-4
16ABCDE1269F1Z722,2023-01,-3
16ABCDE1269F1Z722,2023-02,3
16ABCDE1269F1Z722,2023-03,5
16ABCDE1269F1Z722,2023-04,5
16ABCDE1269F1Z722,2023-05,1
16ABCDE1269F1Z722,2023-06,3
20ABCDE9165F1Z723,2023-01,3
20ABCDE9165F1Z723,2023-02,0
20ABCDE9165F1Z723,2023-03,-1
20ABCDE9165F1Z723,2023-04,0
20ABCDE9165F1Z723,2023-05,-3
20ABCDE9165F1Z723,2023-06,4
21ABCDE2778F1Z724,2023-01,1
21ABCDE2778F1Z724,2023-02,-5
21ABCDE2778F1Z724,2023-03,5
21ABCDE2778F1Z724,2023-04,5
21ABCDE2778F1Z724,2023-05,-2
21ABCDE2778F1Z724,2023-06,-1
24ABCDE9841F1Z725,2023-01,1
24ABCDE9841F1Z725,2023-02,1
24ABCDE9841F1Z725,2023-03,-4
24ABCDE9841F1Z725,2023-04,-4
24ABCDE9841F1Z725,2023-05,0
24ABCDE9841F1Z725,2023-06,2
12ABCDE9188F1Z726,2023-01,4
12ABCDE9188F1Z726,2023-02,-1
12ABCDE9188F1Z726,2023-03,-4
12ABCDE9188F1Z726,2023-04,4
12ABCDE9188F1Z726,2023-05,-5
12ABCDE9188F1Z726,2023-06,-5
35ABCDE6960F1Z727,2023-01,-3
35ABCDE6960F1Z727,2023-02,2
35ABCDE6960F1Z727,2023-03,-4
35ABCDE6960F1Z727,2023-04,-5
35ABCDE6960F1Z727,2023-05,5
35ABCDE6960F1Z727,2023-06,0
27ABCDE3598F1Z728,2023-01,-3
27ABCDE3598F1Z728,2023-02,-3
27ABCDE3598F1Z728,2023-03,-5
27ABCDE3598F1Z728,2023-04,0
27ABCDE3598F1Z728,2023-05,-3
27ABCDE3598F1Z728,2023-06,2
22ABCDE1681F1Z729,2023-01,3
22ABCDE1681F1Z729,2023-02,-4
22ABCDE1681F1Z729,2023-03,-4
22ABCDE1681F1Z729,2023-04,5
22ABCDE1681F1Z729,2023-05,1
22ABCDE1681F1Z729,2023-06,3
19ABCDE3781F1Z730,2023-01,0
19ABCDE3781F1Z730,2023-02,2
19ABCDE3781F1Z730,2023-03,2
19ABCDE3781F1Z730,2023-04,-3
19ABCDE3781F1Z730,2023-05,-1
19ABCDE3781F1Z730,2023-06,4
15ABCDE8550F1Z731,2023-01,-5
15ABCDE8550F1Z731,2023-02,0
15ABCDE8550F1Z731,2023-03,-1
15ABCDE8550F1Z731,2023-04,3
15ABCDE8550F1Z731,2023-05,-4
15ABCDE8550F1Z731,2023-06,-2
19ABCDE3944F1Z732,2023-01,-2
19ABCDE3944F1Z732,2023-02,1
19ABCDE3944F1Z732,2023-03,4
19ABCDE3944F1Z732,2023-04,4
19ABCDE3944F1Z732,2023-05,2
19ABCDE3944F1Z732,2023-06,-1
10ABCDE3224F1Z733,2023-01,-3
10ABCDE3224F1Z733,2023-02,-1
10ABCDE3224F1Z733,2023-03,2
10ABCDE3224F1Z733,2023-04,-4
10ABCDE3224F1Z733,2023-05,-5
10ABCDE3224F1Z733,2023-06,-2
18ABCDE3507F1Z734,2023-01,-1
18ABCDE3507F1Z734,2023-02,4
18ABCDE3507F1Z734,2023-03,-4
18ABCDE3507F1Z734,2023-04,-2
18ABCDE3507F1Z734,2023-05,-3
18ABCDE3507F1Z734,2023-06,-5
35ABCDE3453F1Z735,2023-01,2
35ABCDE3453F1Z735,2023-02,2
35ABCDE3453F1Z735,2023-03,-1
35ABCDE3453F1Z735,2023-04,0
35ABCDE3453F1Z735,2023-05,3
35ABCDE3453F1Z735,2023-06,-2
27ABCDE8704F1Z736,2023-01,-2
27ABCDE8704F1Z736,2023-02,-1
27ABCDE8704F1Z736,2023-03,-4
27ABCDE8704F1Z736,2023-04,-3
27ABCDE8704F1Z736,2023-05,3
27ABCDE8704F1Z736,2023-06,-4
32ABCDE2548F1Z737,2023-01,-1
32ABCDE2548F1Z737,2023-02,1
32ABCDE2548F1Z737,2023-03,1
32ABCDE2548F1Z737,2023-04,-3
32ABCDE2548F1Z737,2023-05,-2
32ABCDE2548F1Z737,2023-06,-3
25ABCDE1666F1Z738,2023-01,0
25ABCDE1666F1Z738,2023-02,-1
25ABCDE1666F1Z738,2023-03,2
25ABCDE1666F1Z738,2023-04,-5
25ABCDE1666F1Z738,2023-05,-5
25ABCDE1666F1Z738,2023-06,-1
35ABCDE2941F1Z739,2023-01,4
35ABCDE2941F1Z739,2023-02,0
35ABCDE2941F1Z739,2023-03,4
35ABCDE2941F1Z739,2023-04,-5
35ABCDE2941F1Z739,2023-05,-1
35ABCDE2941F1Z739,2023-06,-2
12ABCDE1494F1Z740,2023-01,-4
12ABCDE1494F1Z740,2023-02,1
12ABCDE1494F1Z740,2023-03,-5
12ABCDE1494F1Z740,2023-04,0
12ABCDE1494F1Z740,2023-05,0
12ABCDE1494F1Z740,2023-06,3
15ABCDE6870F1Z741,2023-01,-2
15ABCDE6870F1Z741,2023-02,-5
15ABCDE6870F1Z741,2023-03,5
15ABCDE6870F1Z741,2023-04,3
15ABCDE6870F1Z741,2023-05,-1
15ABCDE6870F1Z741,2023-06,-5
18ABCDE3780F1Z742,2023-01,-3
18ABCDE3780F1Z742,2023-02,-5
18ABCDE3780F1Z742,2023-03,1
18ABCDE3780F1Z742,2023-04,-5
18ABCDE3780F1Z742,2023-05,-1
18ABCDE3780F1Z742,2023-06,2
17ABCDE4953F1Z743,2023-01,-3
17ABCDE4953F1Z743,2023-02,0
17ABCDE4953F1Z743,2023-03,3
17ABCDE4953F1Z743,2023-04,2
17ABCDE4953F1Z743,2023-05,-4
17ABCDE4953F1Z743,2023-06,-2
33ABCDE5932F1Z744,2023-01,-5
33ABCDE5932F1Z744,2023-02,1
33ABCDE5932F1Z744,2023-03,-4
33ABCDE5932F1Z744,2023-04,4
33ABCDE5932F1Z744,2023-05,-2
33ABCDE5932F1Z744,2023-06,2
30ABCDE3471F1Z745,2023-01,3
30ABCDE3471F1Z745,2023-02,1
30ABCDE3471F1Z745,2023-03,-2
30ABCDE3471F1Z745,2023-04,-3
30ABCDE3471F1Z745,2023-05,-2
30ABCDE3471F1Z745,2023-06,-3
34ABCDE5263F1Z746,2023-01,2
34ABCDE5263F1Z746,2023-02,0
34ABCDE5263F1Z746,2023-03,-3
34ABCDE5263F1Z746,2023-04,1
34ABCDE5263F1Z746,2023-05,3
34ABCDE5263F1Z746,2023-06,-3
16ABCDE2755F1Z747,2023-01,-4
16ABCDE2755F1Z747,2023-02,0
16ABCDE2755F1Z747,2023-03,-1
16ABCDE2755F1Z747,2023-04,-4
16ABCDE2755F1Z747,2023-05,5
16ABCDE2755F1Z747,2023-06,-3
30ABCDE5266F1Z748,2023-01,5
30ABCDE5266F1Z748,2023-02,-5
30ABCDE5266F1Z748,2023-03,-2
30ABCDE5266F1Z748,2023-04,-5
30ABCDE5266F1Z748,2023-05,-1
30ABCDE5266F1Z748,2023-06,-3
24ABCDE4359F1Z749,2023-01,4
24ABCDE4359F1Z749,2023-02,0
24ABCDE4359F1Z749,2023-03,4
24ABCDE4359F1Z749,2023-04,1
24ABCDE4359F1Z749,2023-05,2
24ABCDE4359F1Z749,2023-06,3
10ABCDE3284F1Z750,2023-01,5
10ABCDE3284F1Z750,2023-02,-2
10ABCDE3284F1Z750,2023-03,1
10ABCDE3284F1Z750,2023-04,4
10ABCDE3284F1Z750,2023-05,-2
10ABCDE3284F1Z750,2023-06,-2
24ABCDE8476F1Z751,2023-01,5
24ABCDE8476F1Z751,2023-02,5
24ABCDE8476F1Z751,2023-03,1
24ABCDE8476F1Z751,2023-04,-1
24ABCDE8476F1Z751,2023-05,-3
24ABCDE8476F1Z751,2023-06,1
22ABCDE3165F1Z752,2023-01,4
22ABCDE3165F1Z752,2023-02,5
22ABCDE3165F1Z752,2023-03,-1
22ABCDE3165F1Z752,2023-04,-4
22ABCDE3165F1Z752,2023-05,-1
22ABCDE3165F1Z752,2023-06,3
17ABCDE4217F1Z753,2023-01,-5
17ABCDE4217F1Z753,2023-02,-1
17ABCDE4217F1Z753,2023-03,-4
17ABCDE4217F1Z753,2023-04,-4
17ABCDE4217F1Z753,2023-05,2
17ABCDE4217F1Z753,2023-06,3
29ABCDE6583F1Z754,2023-01,5
29ABCDE6583F1Z754,2023-02,-5
29ABCDE6583F1Z754,2023-03,5
29ABCDE6583F1Z754,2023-04,4
29ABCDE6583F1Z754,2023-05,-5
29ABCDE6583F1Z754,2023-06,5
23ABCDE8997F1Z755,2023-01,-3
23ABCDE8997F1Z755,2023-02,5
23ABCDE8997F1Z755,2023-03,0
23ABCDE8997F1Z755,2023-04,-1
23ABCDE8997F1Z755,2023-05,4
23ABCDE8997F1Z755,2023-06,0
13ABCDE9667F1Z756,2023-01,2
13ABCDE9667F1Z756,2023-02,4
13ABCDE9667F1Z756,2023-03,3
13ABCDE9667F1Z756,2023-04,3
13ABCDE9667F1Z756,2023-05,-2
13ABCDE9667F1Z756,2023-06,-1
31ABCDE1404F1Z757,2023-01,-2
31ABCDE1404F1Z757,2023-02,3
31ABCDE1404F1Z757,2023-03,-2
31ABCDE1404F1Z757,2023-04,-2
31ABCDE1404F1Z757,2023-05,3
31ABCDE1404F1Z757,2023-06,-3
32ABCDE8453F1Z758,2023-01,5
32ABCDE8453F1Z758,2023-02,2
32ABCDE8453F1Z758,2023-03,5
32ABCDE8453F1Z758,2023-04,-2
32ABCDE8453F1Z758,2023-05,-1
32ABCDE8453F1Z758,2023-06,-5
16ABCDE9602F1Z759,2023-01,-1
16ABCDE9602F1Z759,2023-02,3
16ABCDE9602F1Z759,2023-03,4
16ABCDE9602F1Z759,2023-04,1
16ABCDE9602F1Z759,2023-05,-1
16ABCDE9602F1Z759,2023-06,-5
32ABCDE1654F1Z760,2023-01,3
32ABCDE1654F1Z760,2023-02,-5
32ABCDE1654F1Z760,2023-03,2
32ABCDE1654F1Z760,2023-04,-4
32ABCDE1654F1Z760,2023-05,-4
32ABCDE1654F1Z760,2023-06,-5
10ABCDE8650F1Z761,2023-01,-1
10ABCDE8650F1Z761,2023-02,-2
10ABCDE8650F1Z761,2023-03,-1
10ABCDE8650F1Z761,2023-04,-2
10ABCDE8650F1Z761,2023-05,2
10ABCDE8650F1Z761,2023-06,-1
10ABCDE9209F1Z762,2023-01,-2
10ABCDE9209F1Z762,2023-02,4
10ABCDE9209F1Z762,2023-03,0
10ABCDE9209F1Z762,2023-04,-3
10ABCDE9209F1Z762,2023-05,-5
10ABCDE9209F1Z762,2023-06,-1
23ABCDE7992F1Z763,2023-01,-2
23ABCDE7992F1Z763,2023-02,5
23ABCDE7992F1Z763,2023-03,-4
23ABCDE7992F1Z763,2023-04,-3
23ABCDE7992F1Z763,2023-05,4
23ABCDE7992F1Z763,2023-06,0
23ABCDE7331F1Z764,2023-01,2
23ABCDE7331F1Z764,2023-02,5
23ABCDE7331F1Z764,2023-03,-2
23ABCDE7331F1Z764,2023-04,4
23ABCDE7331F1Z764,2023-05,4
23ABCDE7331F1Z764,2023-06,-4
35ABCDE5639F1Z765,2023-01,4
35ABCDE5639F1Z765,2023-02,1
35ABCDE5639F1Z765,2023-03,-1
35ABCDE5639F1Z765,2023-04,-2
35ABCDE5639F1Z765,2023-05,4
35ABCDE5639F1Z765,2023-06,1
26ABCDE1332F1Z766,2023-01,-5
26ABCDE1332F1Z766,2023-02,1
26ABCDE1332F1Z766,2023-03,-1
26ABCDE1332F1Z766,2023-04,-2
26ABCDE1332F1Z766,2023-05,-3
26ABCDE1332F1Z766,2023-06,-1
28ABCDE3156F1Z767,2023-01,-2
28ABCDE3156F1Z767,2023-02,3
28ABCDE3156F1Z767,2023-03,3
28ABCDE3156F1Z767,2023-04,4
28ABCDE3156F1Z767,2023-05,2
28ABCDE3156F1Z767,2023-06,0
26ABCDE8242F1Z768,2023-01,5
26ABCDE8242F1Z768,2023-02,2
26ABCDE8242F1Z768,2023-03,5
26ABCDE8242F1Z768,2023-04,2
26ABCDE8242F1Z768,2023-05,-5
26ABCDE8242F1Z768,2023-06,-4
30ABCDE7387F1Z769,2023-01,3
30ABCDE7387F1Z769,2023-02,4
30ABCDE7387F1Z769,2023-03,0
30ABCDE7387F1Z769,2023-04,2
30ABCDE7387F1Z769,2023-05,-3
30ABCDE7387F1Z769,2023-06,0
19ABCDE1501F1Z770,2023-01,3
19ABCDE1501F1Z770,2023-02,-1
19ABCDE1501F1Z770,2023-03,4
19ABCDE1501F1Z770,2023-04,4
19ABCDE1501F1Z770,2023-05,-4
19ABCDE1501F1Z770,2023-06,-5
27ABCDE2893F1Z771,2023-01,-2
27ABCDE2893F1Z771,2023-02,-2
27ABCDE2893F1Z771,2023-03,-5
27ABCDE2893F1Z771,2023-04,1
27ABCDE2893F1Z771,2023-05,-5
27ABCDE2893F1Z771,2023-06,-3
35ABCDE5168F1Z772,2023-01,-4
35ABCDE5168F1Z772,2023-02,-4
35ABCDE5168F1Z772,2023-03,-2
35ABCDE5168F1Z772,2023-04,2
35ABCDE5168F1Z772,2023-05,1
35ABCDE5168F1Z772,2023-06,-3
25ABCDE7589F1Z773,2023-01,-5
25ABCDE7589F1Z773,2023-02,-5
25ABCDE7589F1Z773,2023-03,1
25ABCDE7589F1Z773,2023-04,5
25ABCDE7589F1Z773,2023-05,5
25ABCDE7589F1Z773,2023-06,-4
15ABCDE7260F1Z774,2023-01,-1
15ABCDE7260F1Z774,2023-02,1
15ABCDE7260F1Z774,2023-03,2
15ABCDE7260F1Z774,2023-04,-5
15ABCDE7260F1Z774,2023-05,-3
15ABCDE7260F1Z774,2023-06,-2
33ABCDE3021F1Z775,2023-01,-4
33ABCDE3021F1Z775,2023-02,-1
33ABCDE3021F1Z775,2023-03,3
33ABCDE3021F1Z775,2023-04,-3
33ABCDE3021F1Z775,2023-05,0
33ABCDE3021F1Z775,2023-06,4
34ABCDE9260F1Z776,2023-01,-1
34ABCDE9260F1Z776,2023-02,-4
34ABCDE9260F1Z776,2023-03,-1
34ABCDE9260F1Z776,2023-04,5
34ABCDE9260F1Z776,2023-05,1
34ABCDE9260F1Z776,2023-06,-1
13ABCDE7399F1Z777,2023-01,5
13ABCDE7399F1Z777,2023-02,-1
13ABCDE7399F1Z777,2023-03,5
13ABCDE7399F1Z777,2023-04,1
13ABCDE7399F1Z777,2023-05,3
13ABCDE7399F1Z777,2023-06,-2
12ABCDE4894F1Z778,2023-01,2
12ABCDE4894F1Z778,2023-02,-1
12ABCDE4894F1Z778,2023-03,0
12ABCDE4894F1Z778,2023-04,-2
12ABCDE4894F1Z778,2023-05,-4
12ABCDE4894F1Z778,2023-06,-2
21ABCDE8237F1Z779,2023-01,0
21ABCDE8237F1Z779,2023-02,-4
21ABCDE8237F1Z779,2023-03,4
21ABCDE8237F1Z779,2023-04,4
21ABCDE8237F1Z779,2023-05,-3
21ABCDE8237F1Z779,2023-06,-5
24ABCDE4637F1Z780,2023-01,0
24ABCDE4637F1Z780,2023-02,5
24ABCDE4637F1Z780,2023-03,2
24ABCDE4637F1Z780,2023-04,2
24ABCDE4637F1Z780,2023-05,2
24ABCDE4637F1Z780,2023-06,-5
35ABCDE4154F1Z781,2023-01,5
35ABCDE4154F1Z781,2023-02,-2
35ABCDE4154F1Z781,2023-03,-5
35ABCDE4154F1Z781,2023-04,4
35ABCDE4154F1Z781,2023-05,1
35ABCDE4154F1Z781,2023-06,5
17ABCDE5015F1Z782,2023-01,-3
17ABCDE5015F1Z782,2023-02,1
17ABCDE5015F1Z782,2023-03,5
17ABCDE5015F1Z782,2023-04,-5
17ABCDE5015F1Z782,2023-05,-5
17ABCDE5015F1Z782,2023-06,-5
20ABCDE2036F1Z783,2023-01,-5
20ABCDE2036F1Z783,2023-02,-4
20ABCDE2036F1Z783,2023-03,-5
20ABCDE2036F1Z783,2023-04,-5
20ABCDE2036F1Z783,2023-05,4
20ABCDE2036F1Z783,2023-06,4
30ABCDE5381F1Z784,2023-01,4
30ABCDE5381F1Z784,2023-02,-5
30ABCDE5381F1Z784,2023-03,-3
30ABCDE5381F1Z784,2023-04,-4
30ABCDE5381F1Z784,2023-05,2
30ABCDE5381F1Z784,2023-06,2
10ABCDE9599F1Z785,2023-01,3
10ABCDE9599F1Z785,2023-02,-3
10ABCDE9599F1Z785,2023-03,3
10ABCDE9599F1Z785,2023-04,-2
10ABCDE9599F1Z785,2023-05,0
10ABCDE9599F1Z785,2023-06,-3
21ABCDE6211F1Z786,2023-01,5
21ABCDE6211F1Z786,2023-02,3
21ABCDE6211F1Z786,2023-03,3
21ABCDE6211F1Z786,2023-04,-5
21ABCDE6211F1Z786,2023-05,3
21ABCDE6211F1Z786,2023-06,3
12ABCDE2463F1Z787,2023-01,0
12ABCDE2463F1Z787,2023-02,-1
12ABCDE2463F1Z787,2023-03,3
12ABCDE2463F1Z787,2023-04,2
12ABCDE2463F1Z787,2023-05,4
12ABCDE2463F1Z787,2023-06,3
14ABCDE3240F1Z788,2023-01,4
14ABCDE3240F1Z788,2023-02,3
14ABCDE3240F1Z788,2023-03,3
14ABCDE3240F1Z788,2023-04,-2
14ABCDE3240F1Z788,2023-05,3
14ABCDE3240F1Z788,2023-06,3
20ABCDE7149F1Z789,2023-01,5
20ABCDE7149F1Z789,2023-02,-3
20ABCDE7149F1Z789,2023-03,1
20ABCDE7149F1Z789,2023-04,5
20ABCDE7149F1Z789,2023-05,-4
20ABCDE7149F1Z789,2023-06,-5
19ABCDE2256F1Z790,2023-01,1
19ABCDE2256F1Z790,2023-02,2
19ABCDE2256F1Z790,2023-03,-5
19ABCDE2256F1Z790,2023-04,-4
19ABCDE2256F1Z790,2023-05,-1
19ABCDE2256F1Z790,2023-06,3
25ABCDE6599F1Z791,2023-01,-2
25ABCDE6599F1Z791,2023-02,3
25ABCDE6599F1Z791,2023-03,2
25ABCDE6599F1Z791,2023-04,-4
25ABCDE6599F1Z791,2023-05,-5
25ABCDE6599F1Z791,2023-06,-2
26ABCDE7773F1Z792,2023-01,-5
26ABCDE7773F1Z792,2023-02,4
26ABCDE7773F1Z792,2023-03,5
26ABCDE7773F1Z792,2023-04,-5
26ABCDE7773F1Z792,2023-05,-1
26ABCDE7773F1Z792,2023-06,2
13ABCDE8794F1Z793,2023-01,5
13ABCDE8794F1Z793,2023-02,1
13ABCDE8794F1Z793,2023-03,4
13ABCDE8794F1Z793,2023-04,-4
13ABCDE8794F1Z793,2023-05,2
13ABCDE8794F1Z793,2023-06,-5
31ABCDE6134F1Z794,2023-01,5
31ABCDE6134F1Z794,2023-02,-4
31ABCDE6134F1Z794,2023-03,-5
31ABCDE6134F1Z794,2023-04,3
31ABCDE6134F1Z794,2023-05,-2
31ABCDE6134F1Z794,2023-06,-1
31ABCDE6499F1Z795,2023-01,-1
31ABCDE6499F1Z795,2023-02,-5
31ABCDE6499F1Z795,2023-03,2
31ABCDE6499F1Z795,2023-04,5
31ABCDE6499F1Z795,2023-05,-1
31ABCDE6499F1Z795,2023-06,4
10ABCDE5839F1Z796,2023-01,0
10ABCDE5839F1Z796,2023-02,-3
10ABCDE5839F1Z796,2023-03,-4
10ABCDE5839F1Z796,2023-04,4
10ABCDE5839F1Z796,2023-05,2
10ABCDE5839F1Z796,2023-06,-1
29ABCDE7072F1Z797,2023-01,5
29ABCDE7072F1Z797,2023-02,-4
29ABCDE7072F1Z797,2023-03,2
29ABCDE7072F1Z797,2023-04,0
29ABCDE7072F1Z797,2023-05,2
29ABCDE7072F1Z797,2023-06,-1
34ABCDE3978F1Z798,2023-01,4
34ABCDE3978F1Z798,2023-02,1
34ABCDE3978F1Z798,2023-03,0
34ABCDE3978F1Z798,2023-04,-1
34ABCDE3978F1Z798,2023-05,0
34ABCDE3978F1Z798,2023-06,-2
32ABCDE3484F1Z799,2023-01,-5
32ABCDE3484F1Z799,2023-02,0
32ABCDE3484F1Z799,2023-03,3
32ABCDE3484F1Z799,2023-04,-4
32ABCDE3484F1Z799,2023-05,3
32ABCDE3484F1Z799,2023-06,4
22ABCDE4372F1Z800,2023-01,4
22ABCDE4372F1Z800,2023-02,-3
22ABCDE4372F1Z800,2023-03,-1
22ABCDE4372F1Z800,2023-04,2
22ABCDE4372F1Z800,2023-05,-1
22ABCDE4372F1Z800,2023-06,0
10ABCDE3168F1Z801,2023-01,2
10ABCDE3168F1Z801,2023-02,5
10ABCDE3168F1Z801,2023-03,-2
10ABCDE3168F1Z801,2023-04,3
10ABCDE3168F1Z801,2023-05,-2
10ABCDE3168F1Z801,2023-06,2
32ABCDE4346F1Z802,2023-01,2
32ABCDE4346F1Z802,2023-02,2
32ABCDE4346F1Z802,2023-03,-3
32ABCDE4346F1Z802,2023-04,0
32ABCDE4346F1Z802,2023-05,5
32ABCDE4346F1Z802,2023-06,-5
31ABCDE2569F1Z803,2023-01,-5
31ABCDE2569F1Z803,2023-02,-2
31ABCDE2569F1Z803,2023-03,-3
31ABCDE2569F1Z803,2023-04,-1
31ABCDE2569F1Z803,2023-05,0
31ABCDE2569F1Z803,2023-06,-4
34ABCDE5089F1Z804,2023-01,-1
34ABCDE5089F1Z804,2023-02,-4
34ABCDE5089F1Z804,2023-03,4
34ABCDE5089F1Z804,2023-04,-5
34ABCDE5089F1Z804,2023-05,-2
34ABCDE5089F1Z804,2023-06,2
30ABCDE4803F1Z805,2023-01,-3
30ABCDE4803F1Z805,2023-02,5
30ABCDE4803F1Z805,2023-03,-4
30ABCDE4803F1Z805,2023-04,-3
30ABCDE4803F1Z805,2023-05,3
30ABCDE4803F1Z805,2023-06,-4
16ABCDE2459F1Z806,2023-01,-2
16ABCDE2459F1Z806,2023-02,0
16ABCDE2459F1Z806,2023-03,-4
16ABCDE2459F1Z806,2023-04,2
16ABCDE2459F1Z806,2023-05,2
16ABCDE2459F1Z806,2023-06,2
17ABCDE6143F1Z807,2023-01,1
17ABCDE6143F1Z807,2023-02,0
17ABCDE6143F1Z807,2023-03,-1
17ABCDE6143F1Z807,2023-04,-5
17ABCDE6143F1Z807,2023-05,1
17ABCDE6143F1Z807,2023-06,0
20ABCDE4020F1Z808,2023-01,-5
20ABCDE4020F1Z808,2023-02,-3
20ABCDE4020F1Z808,2023-03,-4
20ABCDE4020F1Z808,2023-04,4
20ABCDE4020F1Z808,2023-05,1
20ABCDE4020F1Z808,2023-06,-1
35ABCDE7753F1Z809,2023-01,-2
35ABCDE7753F1Z809,2023-02,2
35ABCDE7753F1Z809,2023-03,-2
35ABCDE7753F1Z809,2023-04,-3
35ABCDE7753F1Z809,2023-05,1
35ABCDE7753F1Z809,2023-06,-4
26ABCDE2981F1Z810,2023-01,3
26ABCDE2981F1Z810,2023-02,-3
26ABCDE2981F1Z810,2023-03,2
26ABCDE2981F1Z810,2023-04,5
26ABCDE2981F1Z810,2023-05,-1
26ABCDE2981F1Z810,2023-06,-1
35ABCDE2711F1Z811,2023-01,-5
35ABCDE2711F1Z811,2023-02,1
35ABCDE2711F1Z811,2023-03,-2
35ABCDE2711F1Z811,2023-04,3
35ABCDE2711F1Z811,2023-05,-5
35ABCDE2711F1Z811,2023-06,-3
27ABCDE7919F1Z812,2023-01,0
27ABCDE7919F1Z812,2023-02,0
27ABCDE7919F1Z812,2023-03,-4
27ABCDE7919F1Z812,2023-04,5
27ABCDE7919F1Z812,2023-05,-5
27ABCDE7919F1Z812,2023-06,-3
21ABCDE3039F1Z813,2023-01,5
21ABCDE3039F1Z813,2023-02,-1
21ABCDE3039F1Z813,2023-03,-2
21ABCDE3039F1Z813,2023-04,1
21ABCDE3039F1Z813,2023-05,0
21ABCDE3039F1Z813,2023-06,1
29ABCDE9044F1Z814,2023-01,-1
29ABCDE9044F1Z814,2023-02,-5
29ABCDE9044F1Z814,2023-03,2
29ABCDE9044F1Z814,2023-04,5
29ABCDE9044F1Z814,2023-05,2
29ABCDE9044F1Z814,2023-06,2
32ABCDE7720F1Z815,2023-01,0
32ABCDE7720F1Z815,2023-02,5
32ABCDE7720F1Z815,2023-03,1
32ABCDE7720F1Z815,2023-04,2
32ABCDE7720F1Z815,2023-05,4
32ABCDE7720F1Z815,2023-06,-1
22ABCDE6336F1Z816,2023-01,5
22ABCDE6336F1Z816,2023-02,5
22ABCDE6336F1Z816,2023-03,0
22ABCDE6336F1Z816,2023-04,0
22ABCDE6336F1Z816,2023-05,2
22ABCDE6336F1Z816,2023-06,0
21ABCDE4958F1Z817,2023-01,-4
21ABCDE4958F1Z817,2023-02,4
21ABCDE4958F1Z817,2023-03,-5
21ABCDE4958F1Z817,2023-04,-1
21ABCDE4958F1Z817,2023-05,0
21ABCDE4958F1Z817,2023-06,-5
11ABCDE1729F1Z818,2023-01,3
11ABCDE1729F1Z818,2023-02,1
11ABCDE1729F1Z818,2023-03,-2
11ABCDE1729F1Z818,2023-04,-5
11ABCDE1729F1Z818,2023-05,-4
11ABCDE1729F1Z818,2023-06,2
28ABCDE5638F1Z819,2023-01,-1
28ABCDE5638F1Z819,2023-02,-4
28ABCDE5638F1Z819,2023-03,-4
28ABCDE5638F1Z819,2023-04,2
28ABCDE5638F1Z819,2023-05,0
28ABCDE5638F1Z819,2023-06,-2
16ABCDE8969F1Z820,2023-01,1
16ABCDE8969F1Z820,2023-02,5
16ABCDE8969F1Z820,2023-03,-4
16ABCDE8969F1Z820,2023-04,2
16ABCDE8969F1Z820,2023-05,-4
16ABCDE8969F1Z820,2023-06,4
20ABCDE4362F1Z821,2023-01,-3
20ABCDE4362F1Z821,2023-02,2
20ABCDE4362F1Z821,2023-03,2
20ABCDE4362F1Z821,2023-04,4
20ABCDE4362F1Z821,2023-05,1
20ABCDE4362F1Z821,2023-06,-1
27ABCDE2258F1Z822,2023-01,-5
27ABCDE2258F1Z822,2023-02,-2
27ABCDE2258F1Z822,2023-03,-5
27ABCDE2258F1Z822,2023-04,5
27ABCDE2258F1Z822,2023-05,2
27ABCDE2258F1Z822,2023-06,-5
36ABCDE7777F1Z823,2023-01,-5
36ABCDE7777F1Z823,2023-02,-3
36ABCDE7777F1Z823,2023-03,2
36ABCDE7777F1Z823,2023-04,1
36ABCDE7777F1Z823,2023-05,0
36ABCDE7777F1Z823,2023-06,-2
27ABCDE7995F1Z824,2023-01,-4
27ABCDE7995F1Z824,2023-02,-4
27ABCDE7995F1Z824,2023-03,2
27ABCDE7995F1Z824,2023-04,1
27ABCDE7995F1Z824,2023-05,4
27ABCDE7995F1Z824,2023-06,2
21ABCDE6546F1Z825,2023-01,-2
21ABCDE6546F1Z825,2023-02,-1
21ABCDE6546F1Z825,2023-03,5
21ABCDE6546F1Z825,2023-04,-5
21ABCDE6546F1Z825,2023-05,2
21ABCDE6546F1Z825,2023-06,-4
18ABCDE7051F1Z826,2023-01,-1
18ABCDE7051F1Z826,2023-02,0
18ABCDE7051F1Z826,2023-03,-2
18ABCDE7051F1Z826,2023-04,-3
18ABCDE7051F1Z826,2023-05,-3
18ABCDE7051F1Z826,2023-06,3
15ABCDE1235F1Z827,2023-01,1
15ABCDE1235F1Z827,2023-02,-4
15ABCDE1235F1Z827,2023-03,4
15ABCDE1235F1Z827,2023-04,2
15ABCDE1235F1Z827,2023-05,-5
15ABCDE1235F1Z827,2023-06,-5
28ABCDE7803F1Z828,2023-01,5
28ABCDE7803F1Z828,2023-02,2
28ABCDE7803F1Z828,2023-03,2
28ABCDE7803F1Z828,2023-04,-4
28ABCDE7803F1Z828,2023-05,-4
28ABCDE7803F1Z828,2023-06,5
36ABCDE7624F1Z829,2023-01,-5
36ABCDE7624F1Z829,2023-02,3
36ABCDE7624F1Z829,2023-03,1
36ABCDE7624F1Z829,2023-04,1
36ABCDE7624F1Z829,2023-05,2
36ABCDE7624F1Z829,2023-06,4
30ABCDE4684F1Z830,2023-01,3
30ABCDE4684F1Z830,2023-02,5
30ABCDE4684F1Z830,2023-03,3
30ABCDE4684F1Z830,2023-04,-1
30ABCDE4684F1Z830,2023-05,5
30ABCDE4684F1Z830,2023-06,1
36ABCDE1603F1Z831,2023-01,2
36ABCDE1603F1Z831,2023-02,5
36ABCDE1603F1Z831,2023-03,-3
36ABCDE1603F1Z831,2023-04,1
36ABCDE1603F1Z831,2023-05,-3
36ABCDE1603F1Z831,2023-06,1
32ABCDE8317F1Z832,2023-01,3
32ABCDE8317F1Z832,2023-02,-5
32ABCDE8317F1Z832,2023-03,2
32ABCDE8317F1Z832,2023-04,2
32ABCDE8317F1Z832,2023-05,-4
32ABCDE8317F1Z832,2023-06,0
10ABCDE8819F1Z833,2023-01,2
10ABCDE8819F1Z833,2023-02,-5
10ABCDE8819F1Z833,2023-03,5
10ABCDE8819F1Z833,2023-04,4
10ABCDE8819F1Z833,2023-05,-4
10ABCDE8819F1Z833,2023-06,-3
17ABCDE9374F1Z834,2023-01,5
17ABCDE9374F1Z834,2023-02,-1
17ABCDE9374F1Z834,2023-03,-1
17ABCDE9374F1Z834,2023-04,1
17ABCDE9374F1Z834,2023-05,-1
17ABCDE9374F1Z834,2023-06,-4
31ABCDE2816F1Z835,2023-01,1
31ABCDE2816F1Z835,2023-02,0
31ABCDE2816F1Z835,2023-03,0
31ABCDE2816F1Z835,2023-04,-4
31ABCDE2816F1Z835,2023-05,-2
31ABCDE2816F1Z835,2023-06,-1
32ABCDE6131F1Z836,2023-01,-4
32ABCDE6131F1Z836,2023-02,4
32ABCDE6131F1Z836,2023-03,0
32ABCDE6131F1Z836,2023-04,1
32ABCDE6131F1Z836,2023-05,2
32ABCDE6131F1Z836,2023-06,-2
20ABCDE1450F1Z837,2023-01,4
20ABCDE1450F1Z837,2023-02,-3
20ABCDE1450F1Z837,2023-03,-3
20ABCDE1450F1Z837,2023-04,-5
20ABCDE1450F1Z837,2023-05,5
20ABCDE1450F1Z837,2023-06,-4
24ABCDE8086F1Z838,2023-01,-3
24ABCDE8086F1Z838,2023-02,-4
24ABCDE8086F1Z838,2023-03,5
24ABCDE8086F1Z838,2023-04,3
24ABCDE8086F1Z838,2023-05,4
24ABCDE8086F1Z838,2023-06,2
14ABCDE5144F1Z839,2023-01,1
14ABCDE5144F1Z839,2023-02,5
14ABCDE5144F1Z839,2023-03,3
14ABCDE5144F1Z839,2023-04,4
14ABCDE5144F1Z839,2023-05,-3
14ABCDE5144F1Z839,2023-06,-2
11ABCDE1453F1Z840,2023-01,-2
11ABCDE1453F1Z840,2023-02,-2
11ABCDE1453F1Z840,2023-03,4
11ABCDE1453F1Z840,2023-04,-3
11ABCDE1453F1Z840,2023-05,2
11ABCDE1453F1Z840,2023-06,5
20ABCDE3925F1Z841,2023-01,2
20ABCDE3925F1Z841,2023-02,-3
20ABCDE3925F1Z841,2023-03,3
20ABCDE3925F1Z841,2023-04,-1
20ABCDE3925F1Z841,2023-05,-4
20ABCDE3925F1Z841,2023-06,5
28ABCDE1821F1Z842,2023-01,-4
28ABCDE1821F1Z842,2023-02,-2
28ABCDE1821F1Z842,2023-03,4
28ABCDE1821F1Z842,2023-04,-5
28ABCDE1821F1Z842,2023-05,2
28ABCDE1821F1Z842,2023-06,-1
20ABCDE4606F1Z843,2023-01,1
20ABCDE4606F1Z843,2023-02,-5
20ABCDE4606F1Z843,2023-03,-2
20ABCDE4606F1Z843,2023-04,2
20ABCDE4606F1Z843,2023-05,3
20ABCDE4606F1Z843,2023-06,-4
19ABCDE5044F1Z844,2023-01,-1
19ABCDE5044F1Z844,2023-02,4
19ABCDE5044F1Z844,2023-03,-2
19ABCDE5044F1Z844,2023-04,-5
19ABCDE5044F1Z844,2023-05,2
19ABCDE5044F1Z844,2023-06,-4
30ABCDE4512F1Z845,2023-01,-2
30ABCDE4512F1Z845,2023-02,-4
30ABCDE4512F1Z845,2023-03,-4
30ABCDE4512F1Z845,2023-04,2
30ABCDE4512F1Z845,2023-05,-2
30ABCDE4512F1Z845,2023-06,-4
33ABCDE2137F1Z846,2023-01,-3
33ABCDE2137F1Z846,2023-02,-5
33ABCDE2137F1Z846,2023-03,-5
33ABCDE2137F1Z846,2023-04,-2
33ABCDE2137F1Z846,2023-05,-5
33ABCDE2137F1Z846,2023-06,3
10ABCDE4273F1Z847,2023-01,-4
10ABCDE4273F1Z847,2023-02,-3
10ABCDE4273F1Z847,2023-03,0
10ABCDE4273F1Z847,2023-04,-5
10ABCDE4273F1Z847,2023-05,-4
10ABCDE4273F1Z847,2023-06,3
11ABCDE6312F1Z848,2023-01,4
11ABCDE6312F1Z848,2023-02,3
11ABCDE6312F1Z848,2023-03,4
11ABCDE6312F1Z848,2023-04,0
11ABCDE6312F1Z848,2023-05,-4
11ABCDE6312F1Z848,2023-06,0
25ABCDE8657F1Z849,2023-01,4
25ABCDE8657F1Z849,2023-02,1
25ABCDE8657F1Z849,2023-03,2
25ABCDE8657F1Z849,2023-04,5
25ABCDE8657F1Z849,2023-05,0
25ABCDE8657F1Z849,2023-06,-4
25ABCDE7110F1Z850,2023-01,3
25ABCDE7110F1Z850,2023-02,2
25ABCDE7110F1Z850,2023-03,4
25ABCDE7110F1Z850,2023-04,3
25ABCDE7110F1Z850,2023-05,-2
25ABCDE7110F1Z850,2023-06,-2
35ABCDE7354F1Z851,2023-01,5
35ABCDE7354F1Z851,2023-02,5
35ABCDE7354F1Z851,2023-03,4
35ABCDE7354F1Z851,2023-04,1
35ABCDE7354F1Z851,2023-05,-5
35ABCDE7354F1Z851,2023-06,5
20ABCDE9438F1Z852,2023-01,-3
20ABCDE9438F1Z852,2023-02,-1
20ABCDE9438F1Z852,2023-03,-1
20ABCDE9438F1Z852,2023-04,-2
20ABCDE9438F1Z852,2023-05,1
20ABCDE9438F1Z852,2023-06,-4
33ABCDE9053F1Z853,2023-01,3
33ABCDE9053F1Z853,2023-02,-1
33ABCDE9053F1Z853,2023-03,4
33ABCDE9053F1Z853,2023-04,-2
33ABCDE9053F1Z853,2023-05,5
33ABCDE9053F1Z853,2023-06,4
34ABCDE7901F1Z854,2023-01,-3
34ABCDE7901F1Z854,2023-02,-2
34ABCDE7901F1Z854,2023-03,-3
34ABCDE7901F1Z854,2023-04,-1
34ABCDE7901F1Z854,2023-05,1
34ABCDE7901F1Z854,2023-06,-4
22ABCDE2752F1Z855,2023-01,-4
22ABCDE2752F1Z855,2023-02,4
22ABCDE2752F1Z855,2023-03,3
22ABCDE2752F1Z855,2023-04,5
22ABCDE2752F1Z855,2023-05,-1
22ABCDE2752F1Z855,2023-06,0
30ABCDE3115F1Z856,2023-01,-5
30ABCDE3115F1Z856,2023-02,5
30ABCDE3115F1Z856,2023-03,-4
30ABCDE3115F1Z856,2023-04,-4
30ABCDE3115F1Z856,2023-05,-1
30ABCDE3115F1Z856,2023-06,-5
16ABCDE6496F1Z857,2023-01,-5
16ABCDE6496F1Z857,2023-02,2
16ABCDE6496F1Z857,2023-03,5
16ABCDE6496F1Z857,2023-04,1
16ABCDE6496F1Z857,2023-05,3
16ABCDE6496F1Z857,2023-06,-1
26ABCDE6753F1Z858,2023-01,3
26ABCDE6753F1Z858,2023-02,-2
26ABCDE6753F1Z858,2023-03,-2
26ABCDE6753F1Z858,2023-04,1
26ABCDE6753F1Z858,2023-05,1
26ABCDE6753F1Z858,2023-06,1
13ABCDE5235F1Z859,2023-01,2
13ABCDE5235F1Z859,2023-02,5
13ABCDE5235F1Z859,2023-03,-5
13ABCDE5235F1Z859,2023-04,1
13ABCDE5235F1Z859,2023-05,-5
13ABCDE5235F1Z859,2023-06,-5
28ABCDE9487F1Z860,2023-01,-2
28ABCDE9487F1Z860,2023-02,0
28ABCDE9487F1Z860,2023-03,3
28ABCDE9487F1Z860,2023-04,5
28ABCDE9487F1Z860,2023-05,-3
28ABCDE9487F1Z860,2023-06,4
36ABCDE4002F1Z861,2023-01,-4
36ABCDE4002F1Z861,2023-02,1
36ABCDE4002F1Z861,2023-03,-3
36ABCDE4002F1Z861,2023-04,5
36ABCDE4002F1Z861,2023-05,-3
36ABCDE4002F1Z861,2023-06,-5
21ABCDE1100F1Z862,2023-01,-5
21ABCDE1100F1Z862,2023-02,-1
21ABCDE1100F1Z862,2023-03,3
21ABCDE1100F1Z862,2023-04,-3
21ABCDE1100F1Z862,2023-05,3
21ABCDE1100F1Z862,2023-06,0
21ABCDE8131F1Z863,2023-01,-3
21ABCDE8131F1Z863,2023-02,3
21ABCDE8131F1Z863,2023-03,0
21ABCDE8131F1Z863,2023-04,4
21ABCDE8131F1Z863,2023-05,3
21ABCDE8131F1Z863,2023-06,-4
11ABCDE2304F1Z864,2023-01,2
11ABCDE2304F1Z864,2023-02,-3
11ABCDE2304F1Z864,2023-03,1
11ABCDE2304F1Z864,2023-04,5
11ABCDE2304F1Z864,2023-05,-2
11ABCDE2304F1Z864,2023-06,1
28ABCDE4791F1Z865,2023-01,5
28ABCDE4791F1Z865,2023-02,-1
28ABCDE4791F1Z865,2023-03,5
28ABCDE4791F1Z865,2023-04,2
28ABCDE4791F1Z865,2023-05,2
28ABCDE4791F1Z865,2023-06,3
32ABCDE1432F1Z866,2023-01,-5
32ABCDE1432F1Z866,2023-02,-3
32ABCDE1432F1Z866,2023-03,0
32ABCDE1432F1Z866,2023-04,-2
32ABCDE1432F1Z866,2023-05,-4
32ABCDE1432F1Z866,2023-06,-5
36ABCDE9385F1Z867,2023-01,-4
36ABCDE9385F1Z867,2023-02,-5
36ABCDE9385F1Z867,2023-03,-2
36ABCDE9385F1Z867,2023-04,3
36ABCDE9385F1Z867,2023-05,-4
36ABCDE9385F1Z867,2023-06,-2
23ABCDE1961F1Z868,2023-01,-2
23ABCDE1961F1Z868,2023-02,0
23ABCDE1961F1Z868,2023-03,-5
23ABCDE1961F1Z868,2023-04,-2
23ABCDE1961F1Z868,2023-05,-1
23ABCDE1961F1Z868,2023-06,4
27ABCDE3022F1Z869,2023-01,2
27ABCDE3022F1Z869,2023-02,5
27ABCDE3022F1Z869,2023-03,-2
27ABCDE3022F1Z869,2023-04,-5
27ABCDE3022F1Z869,2023-05,2
27ABCDE3022F1Z869,2023-06,-1
16ABCDE9684F1Z870,2023-01,-5
16ABCDE9684F1Z870,2023-02,0
16ABCDE9684F1Z870,2023-03,5
16ABCDE9684F1Z870,2023-04,-3
16ABCDE9684F1Z870,2023-05,-5
16ABCDE9684F1Z870,2023-06,-1
27ABCDE9003F1Z871,2023-01,-1
27ABCDE9003F1Z871,2023-02,1
27ABCDE9003F1Z871,2023-03,4
27ABCDE9003F1Z871,2023-04,3
27ABCDE9003F1Z871,2023-05,3
27ABCDE9003F1Z871,2023-06,2
15ABCDE4596F1Z872,2023-01,4
15ABCDE4596F1Z872,2023-02,-3
15ABCDE4596F1Z872,2023-03,3
15ABCDE4596F1Z872,2023-04,5
15ABCDE4596F1Z872,2023-05,5
15ABCDE4596F1Z872,2023-06,-3
21ABCDE8842F1Z873,2023-01,-1
21ABCDE8842F1Z873,2023-02,-1
21ABCDE8842F1Z873,2023-03,3
21ABCDE8842F1Z873,2023-04,-2
21ABCDE8842F1Z873,2023-05,1
21ABCDE8842F1Z873,2023-06,-4
23ABCDE9291F1Z874,2023-01,1
23ABCDE9291F1Z874,2023-02,-3
23ABCDE9291F1Z874,2023-03,0
23ABCDE9291F1Z874,2023-04,-3
23ABCDE9291F1Z874,2023-05,4
23ABCDE9291F1Z874,2023-06,-3
20ABCDE2810F1Z875,2023-01,-4
20ABCDE2810F1Z875,2023-02,-3
20ABCDE2810F1Z875,2023-03,5
20ABCDE2810F1Z875,2023-04,5
20ABCDE2810F1Z875,2023-05,-5
20ABCDE2810F1Z875,2023-06,4
25ABCDE5996F1Z876,2023-01,0
25ABCDE5996F1Z876,2023-02,5
25ABCDE5996F1Z876,2023-03,-5
25ABCDE5996F1Z876,2023-04,2
25ABCDE5996F1Z876,2023-05,0
25ABCDE5996F1Z876,2023-06,-5
35ABCDE5529F1Z877,2023-01,3
35ABCDE5529F1Z877,2023-02,5
35ABCDE5529F1Z877,2023-03,-3
35ABCDE5529F1Z877,2023-04,5
35ABCDE5529F1Z877,2023-05,-3
35ABCDE5529F1Z877,2023-06,1
29ABCDE4254F1Z878,2023-01,3
29ABCDE4254F1Z878,2023-02,1
29ABCDE4254F1Z878,2023-03,5
29ABCDE4254F1Z878,2023-04,0
29ABCDE4254F1Z878,2023-05,-5
29ABCDE4254F1Z878,2023-06,4
29ABCDE2689F1Z879,2023-01,1
29ABCDE2689F1Z879,2023-02,3
29ABCDE2689F1Z879,2023-03,-2
29ABCDE2689F1Z879,2023-04,-5
29ABCDE2689F1Z879,2023-05,2
29ABCDE2689F1Z879,2023-06,5
12ABCDE1045F1Z880,2023-01,-4
12ABCDE1045F1Z880,2023-02,0
12ABCDE1045F1Z880,2023-03,0
12ABCDE1045F1Z880,2023-04,4
12ABCDE1045F1Z880,2023-05,2
12ABCDE1045F1Z880,2023-06,4
13ABCDE8879F1Z881,2023-01,3
13ABCDE8879F1Z881,2023-02,2
13ABCDE8879F1Z881,2023-03,0
13ABCDE8879F1Z881,2023-04,2
13ABCDE8879F1Z881,2023-05,2
13ABCDE8879F1Z881,2023-06,5
15ABCDE7277F1Z882,2023-01,3
15ABCDE7277F1Z882,2023-02,2
15ABCDE7277F1Z882,2023-03,-2
15ABCDE7277F1Z882,2023-04,0
15ABCDE7277F1Z882,2023-05,-4
15ABCDE7277F1Z882,2023-06,-1
31ABCDE9450F1Z883,2023-01,-4
31ABCDE9450F1Z883,2023-02,-1
31ABCDE9450F1Z883,2023-03,-2
31ABCDE9450F1Z883,2023-04,2
31ABCDE9450F1Z883,2023-05,-4
31ABCDE9450F1Z883,2023-06,5
23ABCDE3993F1Z884,2023-01,-1
23ABCDE3993F1Z884,2023-02,-3
23ABCDE3993F1Z884,2023-03,5
23ABCDE3993F1Z884,2023-04,3
23ABCDE3993F1Z884,2023-05,-1
23ABCDE3993F1Z884,2023-06,-3
34ABCDE8942F1Z885,2023-01,-1
34ABCDE8942F1Z885,2023-02,0
34ABCDE8942F1Z885,2023-03,1
34ABCDE8942F1Z885,2023-04,0
34ABCDE8942F1Z885,2023-05,3
34ABCDE8942F1Z885,2023-06,5
11ABCDE1057F1Z886,2023-01,-4
11ABCDE1057F1Z886,2023-02,0
11ABCDE1057F1Z886,2023-03,3
11ABCDE1057F1Z886,2023-04,3
11ABCDE1057F1Z886,2023-05,-5
11ABCDE1057F1Z886,2023-06,-5
22ABCDE7185F1Z887,2023-01,-4
22ABCDE7185F1Z887,2023-02,2
22ABCDE7185F1Z887,2023-03,5
22ABCDE7185F1Z887,2023-04,-5
22ABCDE7185F1Z887,2023-05,4
22ABCDE7185F1Z887,2023-06,-5
32ABCDE6224F1Z888,2023-01,5
32ABCDE6224F1Z888,2023-02,3
32ABCDE6224F1Z888,2023-03,1
32ABCDE6224F1Z888,2023-04,-5
32ABCDE6224F1Z888,2023-05,0
32ABCDE6224F1Z888,2023-06,3
31ABCDE3814F1Z889,2023-01,5
31ABCDE3814F1Z889,2023-02,4
31ABCDE3814F1Z889,2023-03,-3
31ABCDE3814F1Z889,2023-04,0
31ABCDE3814F1Z889,2023-05,-2
31ABCDE3814F1Z889,2023-06,-1
21ABCDE3550F1Z890,2023-01,-1
21ABCDE3550F1Z890,2023-02,5
21ABCDE3550F1Z890,2023-03,2
21ABCDE3550F1Z890,2023-04,2
21ABCDE3550F1Z890,2023-05,-2
21ABCDE3550F1Z890,2023-06,4
22ABCDE4436F1Z891,2023-01,3
22ABCDE4436F1Z891,2023-02,-5
22ABCDE4436F1Z891,2023-03,5
22ABCDE4436F1Z891,2023-04,-1
22ABCDE4436F1Z891,2023-05,2
22ABCDE4436F1Z891,2023-06,-5
12ABCDE4530F1Z892,2023-01,0
12ABCDE4530F1Z892,2023-02,2
12ABCDE4530F1Z892,2023-03,0
12ABCDE4530F1Z892,2023-04,-5
12ABCDE4530F1Z892,2023-05,5
12ABCDE4530F1Z892,2023-06,2
17ABCDE3058F1Z893,2023-01,3
17ABCDE3058F1Z893,2023-02,3
17ABCDE3058F1Z893,2023-03,3
17ABCDE3058F1Z893,2023-04,-1
17ABCDE3058F1Z893,2023-05,3
17ABCDE3058F1Z893,2023-06,4
33ABCDE8660F1Z894,2023-01,4
33ABCDE8660F1Z894,2023-02,0
33ABCDE8660F1Z894,2023-03,-5
33ABCDE8660F1Z894,2023-04,4
33ABCDE8660F1Z894,2023-05,2
33ABCDE8660F1Z894,2023-06,-2
33ABCDE6154F1Z895,2023-01,-5
33ABCDE6154F1Z895,2023-02,-5
33ABCDE6154F1Z895,2023-03,5
33ABCDE6154F1Z895,2023-04,1
33ABCDE6154F1Z895,2023-05,-2
33ABCDE6154F1Z895,2023-06,5
29ABCDE1772F1Z896,2023-01,2
29ABCDE1772F1Z896,2023-02,-2
29ABCDE1772F1Z896,2023-03,4
29ABCDE1772F1Z896,2023-04,4
29ABCDE1772F1Z896,2023-05,-4
29ABCDE1772F1Z896,2023-06,-3
36ABCDE5822F1Z897,2023-01,3
36ABCDE5822F1Z897,2023-02,-1
36ABCDE5822F1Z897,2023-03,-2
36ABCDE5822F1Z897,2023-04,0
36ABCDE5822F1Z897,2023-05,4
36ABCDE5822F1Z897,2023-06,-1
25ABCDE4733F1Z898,2023-01,4
25ABCDE4733F1Z898,2023-02,2
25ABCDE4733F1Z898,2023-03,-5
25ABCDE4733F1Z898,2023-04,5
25ABCDE4733F1Z898,2023-05,-4
25ABCDE4733F1Z898,2023-06,-5
28ABCDE5946F1Z899,2023-01,-1
28ABCDE5946F1Z899,2023-02,-1
28ABCDE5946F1Z899,2023-03,-4
28ABCDE5946F1Z899,2023-04,0
28ABCDE5946F1Z899,2023-05,3
28ABCDE5946F1Z899,2023-06,-2
23ABCDE7779F1Z900,2023-01,1
23ABCDE7779F1Z900,2023-02,5
23ABCDE7779F1Z900,2023-03,-4
23ABCDE7779F1Z900,2023-04,-2
23ABCDE7779F1Z900,2023-05,5
23ABCDE7779F1Z900,2023-06,-5
33ABCDE3319F1Z901,2023-01,-5
33ABCDE3319F1Z901,2023-02,5
33ABCDE3319F1Z901,2023-03,2
33ABCDE3319F1Z901,2023-04,-5
33ABCDE3319F1Z901,2023-05,-4
33ABCDE3319F1Z901,2023-06,-1
29ABCDE2815F1Z902,2023-01,0
29ABCDE2815F1Z902,2023-02,3
29ABCDE2815F1Z902,2023-03,5
29ABCDE2815F1Z902,2023-04,1
29ABCDE2815F1Z902,2023-05,-1
29ABCDE2815F1Z902,2023-06,0
30ABCDE2951F1Z903,2023-01,4
30ABCDE2951F1Z903,2023-02,-2
30ABCDE2951F1Z903,2023-03,-4
30ABCDE2951F1Z903,2023-04,-3
30ABCDE2951F1Z903,2023-05,-1
30ABCDE2951F1Z903,2023-06,-3
15ABCDE6330F1Z904,2023-01,-1
15ABCDE6330F1Z904,2023-02,1
15ABCDE6330F1Z904,2023-03,-2
15ABCDE6330F1Z904,2023-04,-1
15ABCDE6330F1Z904,2023-05,1
15ABCDE6330F1Z904,2023-06,-4
17ABCDE7235F1Z905,2023-01,-2
17ABCDE7235F1Z905,2023-02,2
17ABCDE7235F1Z905,2023-03,3
17ABCDE7235F1Z905,2023-04,-4
17ABCDE7235F1Z905,2023-05,-5
17ABCDE7235F1Z905,2023-06,3
16ABCDE6580F1Z906,2023-01,-5
16ABCDE6580F1Z906,2023-02,3
16ABCDE6580F1Z906,2023-03,4
16ABCDE6580F1Z906,2023-04,5
16ABCDE6580F1Z906,2023-05,0
16ABCDE6580F1Z906,2023-06,-3
19ABCDE6366F1Z907,2023-01,-4
19ABCDE6366F1Z907,2023-02,-2
19ABCDE6366F1Z907,2023-03,2
19ABCDE6366F1Z907,2023-04,3
19ABCDE6366F1Z907,2023-05,0
19ABCDE6366F1Z907,2023-06,-3
27ABCDE4969F1Z908,2023-01,-2
27ABCDE4969F1Z908,2023-02,-2
27ABCDE4969F1Z908,2023-03,-4
27ABCDE4969F1Z908,2023-04,2
27ABCDE4969F1Z908,2023-05,1
27ABCDE4969F1Z908,2023-06,-1
29ABCDE8917F1Z909,2023-01,4
29ABCDE8917F1Z909,2023-02,-2
29ABCDE8917F1Z909,2023-03,-2
29ABCDE8917F1Z909,2023-04,-1
29ABCDE8917F1Z909,2023-05,-3
29ABCDE8917F1Z909,2023-06,2
10ABCDE7910F1Z910,2023-01,0
10ABCDE7910F1Z910,2023-02,0
10ABCDE7910F1Z910,2023-03,-2
10ABCDE7910F1Z910,2023-04,2
10ABCDE7910F1Z910,2023-05,-4
10ABCDE7910F1Z910,2023-06,5
33ABCDE8751F1Z911,2023-01,-1
33ABCDE8751F1Z911,2023-02,-2
33ABCDE8751F1Z911,2023-03,-3
33ABCDE8751F1Z911,2023-04,0
33ABCDE8751F1Z911,2023-05,2
33ABCDE8751F1Z911,2023-06,-4
16ABCDE4040F1Z912,2023-01,-4
16ABCDE4040F1Z912,2023-02,3
16ABCDE4040F1Z912,2023-03,0
16ABCDE4040F1Z912,2023-04,1
16ABCDE4040F1Z912,2023-05,3
16ABCDE4040F1Z912,2023-06,5
21ABCDE1891F1Z913,2023-01,0
21ABCDE1891F1Z913,2023-02,-5
21ABCDE1891F1Z913,2023-03,-1
21ABCDE1891F1Z913,2023-04,-4
21ABCDE1891F1Z913,2023-05,-1
21ABCDE1891F1Z913,2023-06,-3
18ABCDE1526F1Z914,2023-01,2
18ABCDE1526F1Z914,2023-02,5
18ABCDE1526F1Z914,2023-03,-2
18ABCDE1526F1Z914,2023-04,4
18ABCDE1526F1Z914,2023-05,2
18ABCDE1526F1Z914,2023-06,0
31ABCDE8949F1Z915,2023-01,-2
31ABCDE8949F1Z915,2023-02,-4
31ABCDE8949F1Z915,2023-03,4
31ABCDE8949F1Z915,2023-04,-5
31ABCDE8949F1Z915,2023-05,-4
31ABCDE8949F1Z915,2023-06,-5
16ABCDE8753F1Z916,2023-01,-4
16ABCDE8753F1Z916,2023-02,2
16ABCDE8753F1Z916,2023-03,0
16ABCDE8753F1Z916,2023-04,-4
16ABCDE8753F1Z916,2023-05,-3
16ABCDE8753F1Z916,2023-06,-2
28ABCDE4010F1Z917,2023-01,-3
28ABCDE4010F1Z917,2023-02,2
28ABCDE4010F1Z917,2023-03,-2
28ABCDE4010F1Z917,2023-04,-1
28ABCDE4010F1Z917,2023-05,-4
28ABCDE4010F1Z917,2023-06,2
23ABCDE9572F1Z918,2023-01,-2
23ABCDE9572F1Z918,2023-02,-4
23ABCDE9572F1Z918,2023-03,1
23ABCDE9572F1Z918,2023-04,2
23ABCDE9572F1Z918,2023-05,3
23ABCDE9572F1Z918,2023-06,4
27ABCDE7945F1Z919,2023-01,1
27ABCDE7945F1Z919,2023-02,-3
27ABCDE7945F1Z919,2023-03,-5
27ABCDE7945F1Z919,2023-04,-3
27ABCDE7945F1Z919,2023-05,5
27ABCDE7945F1Z919,2023-06,-2
13ABCDE7599F1Z920,2023-01,-1
13ABCDE7599F1Z920,2023-02,-3
13ABCDE7599F1Z920,2023-03,-1
13ABCDE7599F1Z920,2023-04,2
13ABCDE7599F1Z920,2023-05,1
13ABCDE7599F1Z920,2023-06,-1
22ABCDE3274F1Z921,2023-01,-2
22ABCDE3274F1Z921,2023-02,1
22ABCDE3274F1Z921,2023-03,2
22ABCDE3274F1Z921,2023-04,-3
22ABCDE3274F1Z921,2023-05,-2
22ABCDE3274F1Z921,2023-06,-4
23ABCDE6545F1Z922,2023-01,4
23ABCDE6545F1Z922,2023-02,-3
23ABCDE6545F1Z922,2023-03,-1
23ABCDE6545F1Z922,2023-04,3
23ABCDE6545F1Z922,2023-05,-1
23ABCDE6545F1Z922,2023-06,2
35ABCDE1950F1Z923,2023-01,3
35ABCDE1950F1Z923,2023-02,-4
35ABCDE1950F1Z923,2023-03,-2
35ABCDE1950F1Z923,2023-04,-3
35ABCDE1950F1Z923,2023-05,-1
35ABCDE1950F1Z923,2023-06,-2
33ABCDE9435F1Z924,2023-01,-5
33ABCDE9435F1Z924,2023-02,3
33ABCDE9435F1Z924,2023-03,-5
33ABCDE9435F1Z924,2023-04,-1
33ABCDE9435F1Z924,2023-05,0
33ABCDE9435F1Z924,2023-06,-1
12ABCDE2478F1Z925,2023-01,-2
12ABCDE2478F1Z925,2023-02,1
12ABCDE2478F1Z925,2023-03,-4
12ABCDE2478F1Z925,2023-04,0
12ABCDE2478F1Z925,2023-05,1
12ABCDE2478F1Z925,2023-06,3
33ABCDE7938F1Z926,2023-01,-4
33ABCDE7938F1Z926,2023-02,-3
33ABCDE7938F1Z926,2023-03,1
33ABCDE7938F1Z926,2023-04,-4
33ABCDE7938F1Z926,2023-05,-4
33ABCDE7938F1Z926,2023-06,4
32ABCDE9348F1Z927,2023-01,5
32ABCDE9348F1Z927,2023-02,-2
32ABCDE9348F1Z927,2023-03,1
32ABCDE9348F1Z927,2023-04,4
32ABCDE9348F1Z927,2023-05,0
32ABCDE9348F1Z927,2023-06,1
15ABCDE8290F1Z928,2023-01,-2
15ABCDE8290F1Z928,2023-02,-5
15ABCDE8290F1Z928,2023-03,4
15ABCDE8290F1Z928,2023-04,-4
15ABCDE8290F1Z928,2023-05,0
15ABCDE8290F1Z928,2023-06,5
31ABCDE1724F1Z929,2023-01,3
31ABCDE1724F1Z929,2023-02,-5
31ABCDE1724F1Z929,2023-03,1
31ABCDE1724F1Z929,2023-04,-1
31ABCDE1724F1Z929,2023-05,5
31ABCDE1724F1Z929,2023-06,1
31ABCDE8999F1Z930,2023-01,3
31ABCDE8999F1Z930,2023-02,4
31ABCDE8999F1Z930,2023-03,5
31ABCDE8999F1Z930,2023-04,4
31ABCDE8999F1Z930,2023-05,5
31ABCDE8999F1Z930,2023-06,1
29ABCDE6278F1Z931,2023-01,2
29ABCDE6278F1Z931,2023-02,3
29ABCDE6278F1Z931,2023-03,1
29ABCDE6278F1Z931,2023-04,3
29ABCDE6278F1Z931,2023-05,3
29ABCDE6278F1Z931,2023-06,3
35ABCDE6419F1Z932,2023-01,5
35ABCDE6419F1Z932,2023-02,0
35ABCDE6419F1Z932,2023-03,0
35ABCDE6419F1Z932,2023-04,0
35ABCDE6419F1Z932,2023-05,5
35ABCDE6419F1Z932,2023-06,-2
35ABCDE5442F1Z933,2023-01,0
35ABCDE5442F1Z933,2023-02,4
35ABCDE5442F1Z933,2023-03,4
35ABCDE5442F1Z933,2023-04,3
35ABCDE5442F1Z933,2023-05,-2
35ABCDE5442F1Z933,2023-06,5
35ABCDE7844F1Z934,2023-01,-5
35ABCDE7844F1Z934,2023-02,0
35ABCDE7844F1Z934,2023-03,3
35ABCDE7844F1Z934,2023-04,-4
35ABCDE7844F1Z934,2023-05,-4
35ABCDE7844F1Z934,2023-06,3
27ABCDE1897F1Z935,2023-01,3
27ABCDE1897F1Z935,2023-02,2
27ABCDE1897F1Z935,2023-03,-5
27ABCDE1897F1Z935,2023-04,2
27ABCDE1897F1Z935,2023-05,3
27ABCDE1897F1Z935,2023-06,5
32ABCDE4086F1Z936,2023-01,4
32ABCDE4086F1Z936,2023-02,-5
32ABCDE4086F1Z936,2023-03,4
32ABCDE4086F1Z936,2023-04,-2
32ABCDE4086F1Z936,2023-05,-2
32ABCDE4086F1Z936,2023-06,-5
27ABCDE8307F1Z937,2023-01,-5
27ABCDE8307F1Z937,2023-02,2
27ABCDE8307F1Z937,2023-03,3
27ABCDE8307F1Z937,2023-04,5
27ABCDE8307F1Z937,2023-05,-1
27ABCDE8307F1Z937,2023-06,-2
15ABCDE6730F1Z938,2023-01,1
15ABCDE6730F1Z938,2023-02,-1
15ABCDE6730F1Z938,2023-03,4
15ABCDE6730F1Z938,2023-04,-3
15ABCDE6730F1Z938,2023-05,-4
15ABCDE6730F1Z938,2023-06,0
17ABCDE1520F1Z939,2023-01,-4
17ABCDE1520F1Z939,2023-02,-5
17ABCDE1520F1Z939,2023-03,-4
17ABCDE1520F1Z939,2023-04,-4
17ABCDE1520F1Z939,2023-05,-2
17ABCDE1520F1Z939,2023-06,2
35ABCDE9088F1Z940,2023-01,-5
35ABCDE9088F1Z940,2023-02,4
35ABCDE9088F1Z940,2023-03,4
35ABCDE9088F1Z940,2023-04,-2
35ABCDE9088F1Z940,2023-05,-1
35ABCDE9088F1Z940,2023-06,0
22ABCDE3520F1Z941,2023-01,-1
22ABCDE3520F1Z941,2023-02,-3
22ABCDE3520F1Z941,2023-03,-4
22ABCDE3520F1Z941,2023-04,0
22ABCDE3520F1Z941,2023-05,1
22ABCDE3520F1Z941,2023-06,-2
22ABCDE2221F1Z942,2023-01,3
22ABCDE2221F1Z942,2023-02,-2
22ABCDE2221F1Z942,2023-03,-2
22ABCDE2221F1Z942,2023-04,-5
22ABCDE2221F1Z942,2023-05,5
22ABCDE2221F1Z942,2023-06,-2
31ABCDE2874F1Z943,2023-01,5
31ABCDE2874F1Z943,2023-02,-3
31ABCDE2874F1Z943,2023-03,4
31ABCDE2874F1Z943,2023-04,-2
31ABCDE2874F1Z943,2023-05,1
31ABCDE2874F1Z943,2023-06,-3
15ABCDE3539F1Z944,2023-01,3
15ABCDE3539F1Z944,2023-02,0
15ABCDE3539F1Z944,2023-03,-1
15ABCDE3539F1Z944,2023-04,-1
15ABCDE3539F1Z944,2023-05,-2
15ABCDE3539F1Z944,2023-06,0
29ABCDE9845F1Z945,2023-01,-4
29ABCDE9845F1Z945,2023-02,5
29ABCDE9845F1Z945,2023-03,-3
29ABCDE9845F1Z945,2023-04,-1
29ABCDE9845F1Z945,2023-05,-1
29ABCDE9845F1Z945,2023-06,4
30ABCDE3663F1Z946,2023-01,-2
30ABCDE3663F1Z946,2023-02,-5
30ABCDE3663F1Z946,2023-03,4
30ABCDE3663F1Z946,2023-04,-3
30ABCDE3663F1Z946,2023-05,2
30ABCDE3663F1Z946,2023-06,4
33ABCDE4013F1Z947,2023-01,-4
33ABCDE4013F1Z947,2023-02,-4
33ABCDE4013F1Z947,2023-03,1
33ABCDE4013F1Z947,2023-04,-5
33ABCDE4013F1Z947,2023-05,-5
33ABCDE4013F1Z947,2023-06,4
28ABCDE2244F1Z948,2023-01,-3
28ABCDE2244F1Z948,2023-02,0
28ABCDE2244F1Z948,2023-03,-5
28ABCDE2244F1Z948,2023-04,3
28ABCDE2244F1Z948,2023-05,-5
28ABCDE2244F1Z948,2023-06,-2
26ABCDE6141F1Z949,2023-01,-1
26ABCDE6141F1Z949,2023-02,-5
26ABCDE6141F1Z949,2023-03,-5
26ABCDE6141F1Z949,2023-04,-5
26ABCDE6141F1Z949,2023-05,-5
26ABCDE6141F1Z949,2023-06,-1
16ABCDE8694F1Z950,2023-01,-4
16ABCDE8694F1Z950,2023-02,3
16ABCDE8694F1Z950,2023-03,-1
16ABCDE8694F1Z950,2023-04,-3
16ABCDE8694F1Z950,2023-05,0
16ABCDE8694F1Z950,2023-06,-3
29ABCDE9229F1Z951,2023-01,4
29ABCDE9229F1Z951,2023-02,-1
29ABCDE9229F1Z951,2023-03,4
29ABCDE9229F1Z951,2023-04,0
29ABCDE9229F1Z951,2023-05,5
29ABCDE9229F1Z951,2023-06,-2
20ABCDE1055F1Z952,2023-01,-3
20ABCDE1055F1Z952,2023-02,-3
20ABCDE1055F1Z952,2023-03,-2
20ABCDE1055F1Z952,2023-04,0
20ABCDE1055F1Z952,2023-05,4
20ABCDE1055F1Z952,2023-06,-4
18ABCDE4807F1Z953,2023-01,5
18ABCDE4807F1Z953,2023-02,-4
18ABCDE4807F1Z953,2023-03,1
18ABCDE4807F1Z953,2023-04,4
18ABCDE4807F1Z953,2023-05,-2
18ABCDE4807F1Z953,2023-06,-3
24ABCDE2549F1Z954,2023-01,-1
24ABCDE2549F1Z954,2023-02,1
24ABCDE2549F1Z954,2023-03,3
24ABCDE2549F1Z954,2023-04,1
24ABCDE2549F1Z954,2023-05,5
24ABCDE2549F1Z954,2023-06,3
17ABCDE1295F1Z955,2023-01,-5
17ABCDE1295F1Z955,2023-02,4
17ABCDE1295F1Z955,2023-03,-5
17ABCDE1295F1Z955,2023-04,2
17ABCDE1295F1Z955,2023-05,1
17ABCDE1295F1Z955,2023-06,1
16ABCDE2051F1Z956,2023-01,-4
16ABCDE2051F1Z956,2023-02,4
16ABCDE2051F1Z956,2023-03,5
16ABCDE2051F1Z956,2023-04,4
16ABCDE2051F1Z956,2023-05,0
16ABCDE2051F1Z956,2023-06,0
26ABCDE5200F1Z957,2023-01,4
26ABCDE5200F1Z957,2023-02,5
26ABCDE5200F1Z957,2023-03,3
26ABCDE5200F1Z957,2023-04,3
26ABCDE5200F1Z957,2023-05,-5
26ABCDE5200F1Z957,2023-06,-4
18ABCDE4676F1Z958,2023-01,1
18ABCDE4676F1Z958,2023-02,2
18ABCDE4676F1Z958,2023-03,-4
18ABCDE4676F1Z958,2023-04,0
18ABCDE4676F1Z958,2023-05,0
18ABCDE4676F1Z958,2023-06,4
29ABCDE3352F1Z959,2023-01,-4
29ABCDE3352F1Z959,2023-02,3
29ABCDE3352F1Z959,2023-03,-4
29ABCDE3352F1Z959,2023-04,-5
29ABCDE3352F1Z959,2023-05,-3
29ABCDE3352F1Z959,2023-06,5
22ABCDE9373F1Z960,2023-01,-5
22ABCDE9373F1Z960,2023-02,2
22ABCDE9373F1Z960,2023-03,3
22ABCDE9373F1Z960,2023-04,-3
22ABCDE9373F1Z960,2023-05,-5
22ABCDE9373F1Z960,2023-06,3
12ABCDE3527F1Z961,2023-01,0
12ABCDE3527F1Z961,2023-02,-1
12ABCDE3527F1Z961,2023-03,-5
12ABCDE3527F1Z961,2023-04,3
12ABCDE3527F1Z961,2023-05,-4
12ABCDE3527F1Z961,2023-06,5
19ABCDE3698F1Z962,2023-01,3
19ABCDE3698F1Z962,2023-02,0
19ABCDE3698F1Z962,2023-03,2
19ABCDE3698F1Z962,2023-04,3
19ABCDE3698F1Z962,2023-05,3
19ABCDE3698F1Z962,2023-06,0
26ABCDE3221F1Z963,2023-01,-2
26ABCDE3221F1Z963,2023-02,-2
26ABCDE3221F1Z963,2023-03,-5
26ABCDE3221F1Z963,2023-04,4
26ABCDE3221F1Z963,2023-05,-4
26ABCDE3221F1Z963,2023-06,-2
14ABCDE8807F1Z964,2023-01,4
14ABCDE8807F1Z964,2023-02,-2
14ABCDE8807F1Z964,2023-03,0
14ABCDE8807F1Z964,2023-04,1
14ABCDE8807F1Z964,2023-05,-4
14ABCDE8807F1Z964,2023-06,4
34ABCDE8159F1Z965,2023-01,-2
34ABCDE8159F1Z965,2023-02,-1
34ABCDE8159F1Z965,2023-03,-5
34ABCDE8159F1Z965,2023-04,0
34ABCDE8159F1Z965,2023-05,5
34ABCDE8159F1Z965,2023-06,0
14ABCDE6854F1Z966,2023-01,-4
14ABCDE6854F1Z966,2023-02,-4
14ABCDE6854F1Z966,2023-03,-1
14ABCDE6854F1Z966,2023-04,-1
14ABCDE6854F1Z966,2023-05,4
14ABCDE6854F1Z966,2023-06,2
32ABCDE8216F1Z967,2023-01,0
32ABCDE8216F1Z967,2023-02,1
32ABCDE8216F1Z967,2023-03,-5
32ABCDE8216F1Z967,2023-04,1
32ABCDE8216F1Z967,2023-05,-2
32ABCDE8216F1Z967,2023-06,4
20ABCDE3560F1Z968,2023-01,0
20ABCDE3560F1Z968,2023-02,1
20ABCDE3560F1Z968,2023-03,3
20ABCDE3560F1Z968,2023-04,-4
20ABCDE3560F1Z968,2023-05,1
20ABCDE3560F1Z968,2023-06,0
34ABCDE7931F1Z969,2023-01,-3
34ABCDE7931F1Z969,2023-02,0
34ABCDE7931F1Z969,2023-03,-5
34ABCDE7931F1Z969,2023-04,2
34ABCDE7931F1Z969,2023-05,-2
34ABCDE7931F1Z969,2023-06,-3
17ABCDE6967F1Z970,2023-01,3
17ABCDE6967F1Z970,2023-02,-1
17ABCDE6967F1Z970,2023-03,-1
17ABCDE6967F1Z970,2023-04,-5
17ABCDE6967F1Z970,2023-05,2
17ABCDE6967F1Z970,2023-06,5
29ABCDE1238F1Z971,2023-01,-2
29ABCDE1238F1Z971,2023-02,-2
29ABCDE1238F1Z971,2023-03,3
29ABCDE1238F1Z971,2023-04,0
29ABCDE1238F1Z971,2023-05,-4
29ABCDE1238F1Z971,2023-06,3
34ABCDE4502F1Z972,2023-01,2
34ABCDE4502F1Z972,2023-02,-3
34ABCDE4502F1Z972,2023-03,-3
34ABCDE4502F1Z972,2023-04,5
34ABCDE4502F1Z972,2023-05,4
34ABCDE4502F1Z972,2023-06,3
31ABCDE6203F1Z973,2023-01,-5
31ABCDE6203F1Z973,2023-02,5
31ABCDE6203F1Z973,2023-03,4
31ABCDE6203F1Z973,2023-04,-4
31ABCDE6203F1Z973,2023-05,0
31ABCDE6203F1Z973,2023-06,-3
19ABCDE7623F1Z974,2023-01,4
19ABCDE7623F1Z974,2023-02,1
19ABCDE7623F1Z974,2023-03,0
19ABCDE7623F1Z974,2023-04,-2
19ABCDE7623F1Z974,2023-05,-5
19ABCDE7623F1Z974,2023-06,0
36ABCDE2204F1Z975,2023-01,-2
36ABCDE2204F1Z975,2023-02,0
36ABCDE2204F1Z975,2023-03,2
36ABCDE2204F1Z975,2023-04,-4
36ABCDE2204F1Z975,2023-05,4
36ABCDE2204F1Z975,2023-06,2
30ABCDE3864F1Z976,2023-01,-5
30ABCDE3864F1Z976,2023-02,-1
30ABCDE3864F1Z976,2023-03,-3
30ABCDE3864F1Z976,2023-04,1
30ABCDE3864F1Z976,2023-05,-1
30ABCDE3864F1Z976,2023-06,0
23ABCDE7418F1Z977,2023-01,4
23ABCDE7418F1Z977,2023-02,4
23ABCDE7418F1Z977,2023-03,-2
23ABCDE7418F1Z977,2023-04,1
23ABCDE7418F1Z977,2023-05,2
23ABCDE7418F1Z977,2023-06,1
16ABCDE5248F1Z978,2023-01,3
16ABCDE5248F1Z978,2023-02,-4
16ABCDE5248F1Z978,2023-03,-3
16ABCDE5248F1Z978,2023-04,-4
16ABCDE5248F1Z978,2023-05,5
16ABCDE5248F1Z978,2023-06,2
31ABCDE6669F1Z979,2023-01,-5
31ABCDE6669F1Z979,2023-02,2
31ABCDE6669F1Z979,2023-03,-1
31ABCDE6669F1Z979,2023-04,-4
31ABCDE6669F1Z979,2023-05,-3
31ABCDE6669F1Z979,2023-06,-4
24ABCDE1708F1Z980,2023-01,-4
24ABCDE1708F1Z980,2023-02,-4
24ABCDE1708F1Z980,2023-03,1
24ABCDE1708F1Z980,2023-04,5
24ABCDE1708F1Z980,2023-05,2
24ABCDE1708F1Z980,2023-06,-2
32ABCDE4650F1Z981,2023-01,-3
32ABCDE4650F1Z981,2023-02,-5
32ABCDE4650F1Z981,2023-03,-3
32ABCDE4650F1Z981,2023-04,1
32ABCDE4650F1Z981,2023-05,1
32ABCDE4650F1Z981,2023-06,4
26ABCDE3090F1Z982,2023-01,-5
26ABCDE3090F1Z982,2023-02,1
26ABCDE3090F1Z982,2023-03,-1
26ABCDE3090F1Z982,2023-04,5
26ABCDE3090F1Z982,2023-05,-5
26ABCDE3090F1Z982,2023-06,-1
31ABCDE6071F1Z983,2023-01,-5
31ABCDE6071F1Z983,2023-02,4
31ABCDE6071F1Z983,2023-03,2
31ABCDE6071F1Z983,2023-04,2
31ABCDE6071F1Z983,2023-05,-3
31ABCDE6071F1Z983,2023-06,-3
23ABCDE8043F1Z984,2023-01,-5
23ABCDE8043F1Z984,2023-02,3
23ABCDE8043F1Z984,2023-03,-4
23ABCDE8043F1Z984,2023-04,-1
23ABCDE8043F1Z984,2023-05,5
23ABCDE8043F1Z984,2023-06,4
36ABCDE7058F1Z985,2023-01,5
36ABCDE7058F1Z985,2023-02,-5
36ABCDE7058F1Z985,2023-03,0
36ABCDE7058F1Z985,2023-04,3
36ABCDE7058F1Z985,2023-05,3
36ABCDE7058F1Z985,2023-06,-4
19ABCDE1740F1Z986,2023-01,-5
19ABCDE1740F1Z986,2023-02,5
19ABCDE1740F1Z986,2023-03,3
19ABCDE1740F1Z986,2023-04,-2
19ABCDE1740F1Z986,2023-05,-3
19ABCDE1740F1Z986,2023-06,-1
30ABCDE2719F1Z987,2023-01,-1
30ABCDE2719F1Z987,2023-02,1
30ABCDE2719F1Z987,2023-03,4
30ABCDE2719F1Z987,2023-04,-5
30ABCDE2719F1Z987,2023-05,5
30ABCDE2719F1Z987,2023-06,-2
28ABCDE4596F1Z988,2023-01,-3
28ABCDE4596F1Z988,2023-02,1
28ABCDE4596F1Z988,2023-03,2
28ABCDE4596F1Z988,2023-04,-5
28ABCDE4596F1Z988,2023-05,-1
28ABCDE4596F1Z988,2023-06,-5
14ABCDE2282F1Z989,2023-01,-3
14ABCDE2282F1Z989,2023-02,-3
14ABCDE2282F1Z989,2023-03,-1
14ABCDE2282F1Z989,2023-04,2
14ABCDE2282F1Z989,2023-05,-4
14ABCDE2282F1Z989,2023-06,2
31ABCDE1837F1Z990,2023-01,-2
31ABCDE1837F1Z990,2023-02,-3
31ABCDE1837F1Z990,2023-03,-1
31ABCDE1837F1Z990,2023-04,0
31ABCDE1837F1Z990,2023-05,-3
31ABCDE1837F1Z990,2023-06,1
33ABCDE4703F1Z991,2023-01,5
33ABCDE4703F1Z991,2023-02,0
33ABCDE4703F1Z991,2023-03,-1
33ABCDE4703F1Z991,2023-04,-4
33ABCDE4703F1Z991,2023-05,-1
33ABCDE4703F1Z991,2023-06,1
30ABCDE7169F1Z992,2023-01,-5
30ABCDE7169F1Z992,2023-02,4
30ABCDE7169F1Z992,2023-03,-4
30ABCDE7169F1Z992,2023-04,-3
30ABCDE7169F1Z992,2023-05,-5
30ABCDE7169F1Z992,2023-06,5
10ABCDE4586F1Z993,2023-01,-4
10ABCDE4586F1Z993,2023-02,0
10ABCDE4586F1Z993,2023-03,-5
10ABCDE4586F1Z993,2023-04,-3
10ABCDE4586F1Z993,2023-05,4
10ABCDE4586F1Z993,2023-06,5
32ABCDE7818F1Z994,2023-01,-3
32ABCDE7818F1Z994,2023-02,4
32ABCDE7818F1Z994,2023-03,-1
32ABCDE7818F1Z994,2023-04,0
32ABCDE7818F1Z994,2023-05,5
32ABCDE7818F1Z994,2023-06,-3
34ABCDE6284F1Z995,2023-01,-3
34ABCDE6284F1Z995,2023-02,4
34ABCDE6284F1Z995,2023-03,-1
34ABCDE6284F1Z995,2023-04,2
34ABCDE6284F1Z995,2023-05,4
34ABCDE6284F1Z995,2023-06,-4
23ABCDE8277F1Z996,2023-01,-2
23ABCDE8277F1Z996,2023-02,-3
23ABCDE8277F1Z996,2023-03,3
23ABCDE8277F1Z996,2023-04,-3
23ABCDE8277F1Z996,2023-05,0
23ABCDE8277F1Z996,2023-06,-1
12ABCDE4004F1Z997,2023-01,-1
12ABCDE4004F1Z997,2023-02,-2
12ABCDE4004F1Z997,2023-03,0
12ABCDE4004F1Z997,2023-04,0
12ABCDE4004F1Z997,2023-05,4
12ABCDE4004F1Z997,2023-06,-2
25ABCDE4372F1Z998,2023-01,-3
25ABCDE4372F1Z998,2023-02,-1
25ABCDE4372F1Z998,2023-03,-5
25ABCDE4372F1Z998,2023-04,-5
25ABCDE4372F1Z998,2023-05,-1
25ABCDE4372F1Z998,2023-06,-1
29ABCDE5589F1Z999,2023-01,-1
29ABCDE5589F1Z999,2023-02,-4
29ABCDE5589F1Z999,2023-03,-4
29ABCDE5589F1Z999,2023-04,1
29ABCDE5589F1Z999,2023-05,3
29ABCDE5589F1Z999,2023-06,-3
30ABCDE8830F1Z1000,2023-01,2
30ABCDE8830F1Z1000,2023-02,-3
30ABCDE8830F1Z1000,2023-03,-5
30ABCDE8830F1Z1000,2023-04,4
30ABCDE8830F1Z1000,2023-05,2
30ABCDE8830F1Z1000,2023-06,-1
34ABCDE5129F1Z1001,2023-01,4
34ABCDE5129F1Z1001,2023-02,-2
34ABCDE5129F1Z1001,2023-03,3
34ABCDE5129F1Z1001,2023-04,4
34ABCDE5129F1Z1001,2023-05,4
34ABCDE5129F1Z1001,2023-06,-4
29ABCDE2784F1Z1002,2023-01,4
29ABCDE2784F1Z1002,2023-02,4
29ABCDE2784F1Z1002,2023-03,5
29ABCDE2784F1Z1002,2023-04,4
29ABCDE2784F1Z1002,2023-05,5
29ABCDE2784F1Z1002,2023-06,0
19ABCDE2666F1Z1003,2023-01,-2
19ABCDE2666F1Z1003,2023-02,-3
19ABCDE2666F1Z1003,2023-03,-5
19ABCDE2666F1Z1003,2023-04,4
19ABCDE2666F1Z1003,2023-05,-5
19ABCDE2666F1Z1003,2023-06,-5
24ABCDE3344F1Z1004,2023-01,4
24ABCDE3344F1Z1004,2023-02,-2
24ABCDE3344F1Z1004,2023-03,3
24ABCDE3344F1Z1004,2023-04,0
24ABCDE3344F1Z1004,2023-05,0
24ABCDE3344F1Z1004,2023-06,2
15ABCDE6714F1Z1005,2023-01,-5
15ABCDE6714F1Z1005,2023-02,-4
15ABCDE6714F1Z1005,2023-03,3
15ABCDE6714F1Z1005,2023-04,1
15ABCDE6714F1Z1005,2023-05,-3
15ABCDE6714F1Z1005,2023-06,0
13ABCDE3972F1Z1006,2023-01,-3
13ABCDE3972F1Z1006,2023-02,5
13ABCDE3972F1Z1006,2023-03,2
13ABCDE3972F1Z1006,2023-04,-5
13ABCDE3972F1Z1006,2023-05,4
13ABCDE3972F1Z1006,2023-06,-5
12ABCDE7283F1Z1007,2023-01,5
12ABCDE7283F1Z1007,2023-02,-3
12ABCDE7283F1Z1007,2023-03,2
12ABCDE7283F1Z1007,2023-04,-1
12ABCDE7283F1Z1007,2023-05,-1
12ABCDE7283F1Z1007,2023-06,0
21ABCDE4726F1Z1008,2023-01,-1
21ABCDE4726F1Z1008,2023-02,-5
21ABCDE4726F1Z1008,2023-03,-5
21ABCDE4726F1Z1008,2023-04,2
21ABCDE4726F1Z1008,2023-05,0
21ABCDE4726F1Z1008,2023-06,2
14ABCDE4493F1Z1009,2023-01,-2
14ABCDE4493F1Z1009,2023-02,-1
14ABCDE4493F1Z1009,2023-03,2
14ABCDE4493F1Z1009,2023-04,2
14ABCDE4493F1Z1009,2023-05,2
14ABCDE4493F1Z1009,2023-06,2
17ABCDE9604F1Z1010,2023-01,-4
17ABCDE9604F1Z1010,2023-02,-4
17ABCDE9604F1Z1010,2023-03,5
17ABCDE9604F1Z1010,2023-04,3
17ABCDE9604F1Z1010,2023-05,0
17ABCDE9604F1Z1010,2023-06,-4
19ABCDE8656F1Z1011,2023-01,-5
19ABCDE8656F1Z1011,2023-02,5
19ABCDE8656F1Z1011,2023-03,-2
19ABCDE8656F1Z1011,2023-04,0
19ABCDE8656F1Z1011,2023-05,-2
19ABCDE8656F1Z1011,2023-06,-3
24ABCDE2949F1Z1012,2023-01,-1
24ABCDE2949F1Z1012,2023-02,5
24ABCDE2949F1Z1012,2023-03,-5
24ABCDE2949F1Z1012,2023-04,2
24ABCDE2949F1Z1012,2023-05,-1
24ABCDE2949F1Z1012,2023-06,-3
33ABCDE9239F1Z1013,2023-01,0
33ABCDE9239F1Z1013,2023-02,-1
33ABCDE9239F1Z1013,2023-03,-4
33ABCDE9239F1Z1013,2023-04,-2
33ABCDE9239F1Z1013,2023-05,-3
33ABCDE9239F1Z1013,2023-06,3
20ABCDE3257F1Z1014,2023-01,3
20ABCDE3257F1Z1014,2023-02,-4
20ABCDE3257F1Z1014,2023-03,2
20ABCDE3257F1Z1014,2023-04,-1
20ABCDE3257F1Z1014,2023-05,-2
20ABCDE3257F1Z1014,2023-06,-4
24ABCDE7910F1Z1015,2023-01,-3
24ABCDE7910F1Z1015,2023-02,3
24ABCDE7910F1Z1015,2023-03,1
24ABCDE7910F1Z1015,2023-04,-4
24ABCDE7910F1Z1015,2023-05,-2
24ABCDE7910F1Z1015,2023-06,2
12ABCDE2287F1Z1016,2023-01,3
12ABCDE2287F1Z1016,2023-02,4
12ABCDE2287F1Z1016,2023-03,-4
12ABCDE2287F1Z1016,2023-04,-3
12ABCDE2287F1Z1016,2023-05,-5
12ABCDE2287F1Z1016,2023-06,-1
24ABCDE6433F1Z1017,2023-01,5
24ABCDE6433F1Z1017,2023-02,-3
24ABCDE6433F1Z1017,2023-03,-1
24ABCDE6433F1Z1017,2023-04,4
24ABCDE6433F1Z1017,2023-05,1
24ABCDE6433F1Z1017,2023-06,0
25ABCDE6703F1Z1018,2023-01,-4
25ABCDE6703F1Z1018,2023-02,5
25ABCDE6703F1Z1018,2023-03,-2
25ABCDE6703F1Z1018,2023-04,1
25ABCDE6703F1Z1018,2023-05,5
25ABCDE6703F1Z1018,2023-06,0
17ABCDE8336F1Z1019,2023-01,2
17ABCDE8336F1Z1019,2023-02,4
17ABCDE8336F1Z1019,2023-03,3
17ABCDE8336F1Z1019,2023-04,-5
17ABCDE8336F1Z1019,2023-05,4
17ABCDE8336F1Z1019,2023-06,5
18ABCDE9906F1Z1020,2023-01,2
18ABCDE9906F1Z1020,2023-02,-2
18ABCDE9906F1Z1020,2023-03,4
18ABCDE9906F1Z1020,2023-04,5
18ABCDE9906F1Z1020,2023-05,3
18ABCDE9906F1Z1020,2023-06,0
20ABCDE4734F1Z1021,2023-01,4
20ABCDE4734F1Z1021,2023-02,-1
20ABCDE4734F1Z1021,2023-03,0
20ABCDE4734F1Z1021,2023-04,4
20ABCDE4734F1Z1021,2023-05,-5
20ABCDE4734F1Z1021,2023-06,-1
22ABCDE3369F1Z1022,2023-01,-4
22ABCDE3369F1Z1022,2023-02,2
22ABCDE3369F1Z1022,2023-03,-1
22ABCDE3369F1Z1022,2023-04,-4
22ABCDE3369F1Z1022,2023-05,-5
22ABCDE3369F1Z1022,2023-06,-1
27ABCDE3872F1Z1023,2023-01,2
27ABCDE3872F1Z1023,2023-02,1
27ABCDE3872F1Z1023,2023-03,4
27ABCDE3872F1Z1023,2023-04,-5
27ABCDE3872F1Z1023,2023-05,2
27ABCDE3872F1Z1023,2023-06,1
28ABCDE5407F1Z1024,2023-01,1
28ABCDE5407F1Z1024,2023-02,-2
28ABCDE5407F1Z1024,2023-03,3
28ABCDE5407F1Z1024,2023-04,-2
28ABCDE5407F1Z1024,2023-05,4
28ABCDE5407F1Z1024,2023-06,2
14ABCDE3928F1Z1025,2023-01,-4
14ABCDE3928F1Z1025,2023-02,-2
14ABCDE3928F1Z1025,2023-03,-5
14ABCDE3928F1Z1025,2023-04,4
14ABCDE3928F1Z1025,2023-05,-3
14ABCDE3928F1Z1025,2023-06,-5
16ABCDE5979F1Z1026,2023-01,-1
16ABCDE5979F1Z1026,2023-02,-3
16ABCDE5979F1Z1026,2023-03,-1
16ABCDE5979F1Z1026,2023-04,5
16ABCDE5979F1Z1026,2023-05,4
16ABCDE5979F1Z1026,2023-06,1
15ABCDE9853F1Z1027,2023-01,5
15ABCDE9853F1Z1027,2023-02,-1
15ABCDE9853F1Z1027,2023-03,0
15ABCDE9853F1Z1027,2023-04,4
15ABCDE9853F1Z1027,2023-05,-2
15ABCDE9853F1Z1027,2023-06,-5
33ABCDE4695F1Z1028,2023-01,5
33ABCDE4695F1Z1028,2023-02,5
33ABCDE4695F1Z1028,2023-03,-5
33ABCDE4695F1Z1028,2023-04,1
33ABCDE4695F1Z1028,2023-05,2
33ABCDE4695F1Z1028,2023-06,-1
28ABCDE6266F1Z1029,2023-01,-5
28ABCDE6266F1Z1029,2023-02,-2
28ABCDE6266F1Z1029,2023-03,-3
28ABCDE6266F1Z1029,2023-04,-5
28ABCDE6266F1Z1029,2023-05,-1
28ABCDE6266F1Z1029,2023-06,0
21ABCDE5068F1Z1030,2023-01,4
21ABCDE5068F1Z1030,2023-02,-2
21ABCDE5068F1Z1030,2023-03,1
21ABCDE5068F1Z1030,2023-04,-4
21ABCDE5068F1Z1030,2023-05,-2
21ABCDE5068F1Z1030,2023-06,0
22ABCDE5113F1Z1031,2023-01,-2
22ABCDE5113F1Z1031,2023-02,4
22ABCDE5113F1Z1031,2023-03,-2
22ABCDE5113F1Z1031,2023-04,2
22ABCDE5113F1Z1031,2023-05,4
22ABCDE5113F1Z1031,2023-06,1
35ABCDE5136F1Z1032,2023-01,2
35ABCDE5136F1Z1032,2023-02,0
35ABCDE5136F1Z1032,2023-03,-3
35ABCDE5136F1Z1032,2023-04,5
35ABCDE5136F1Z1032,2023-05,-3
35ABCDE5136F1Z1032,2023-06,4
30ABCDE2187F1Z1033,2023-01,-2
30ABCDE2187F1Z1033,2023-02,3
30ABCDE2187F1Z1033,2023-03,2
30ABCDE2187F1Z1033,2023-04,4
30ABCDE2187F1Z1033,2023-05,1
30ABCDE2187F1Z1033,2023-06,-4
17ABCDE4209F1Z1034,2023-01,-3
17ABCDE4209F1Z1034,2023-02,-5
17ABCDE4209F1Z1034,2023-03,-4
17ABCDE4209F1Z1034,2023-04,2
17ABCDE4209F1Z1034,2023-05,2
17ABCDE4209F1Z1034,2023-06,-2
10ABCDE8279F1Z1035,2023-01,5
10ABCDE8279F1Z1035,2023-02,2
10ABCDE8279F1Z1035,2023-03,1
10ABCDE8279F1Z1035,2023-04,3
10ABCDE8279F1Z1035,2023-05,1
10ABCDE8279F1Z1035,2023-06,1
25ABCDE4358F1Z1036,2023-01,-5
25ABCDE4358F1Z1036,2023-02,-2
25ABCDE4358F1Z1036,2023-03,3
25ABCDE4358F1Z1036,2023-04,1
25ABCDE4358F1Z1036,2023-05,-3
25ABCDE4358F1Z1036,2023-06,2
12ABCDE9910F1Z1037,2023-01,4
12ABCDE9910F1Z1037,2023-02,2
12ABCDE9910F1Z1037,2023-03,1
12ABCDE9910F1Z1037,2023-04,-1
12ABCDE9910F1Z1037,2023-05,-1
12ABCDE9910F1Z1037,2023-06,-3
25ABCDE2449F1Z1038,2023-01,0
25ABCDE2449F1Z1038,2023-02,-4
25ABCDE2449F1Z1038,2023-03,1
25ABCDE2449F1Z1038,2023-04,-5
25ABCDE2449F1Z1038,2023-05,3
25ABCDE2449F1Z1038,2023-06,-5
35ABCDE6775F1Z1039,2023-01,-4
35ABCDE6775F1Z1039,2023-02,1
35ABCDE6775F1Z1039,2023-03,1
35ABCDE6775F1Z1039,2023-04,4
35ABCDE6775F1Z1039,2023-05,1
35ABCDE6775F1Z1039,2023-06,4
16ABCDE8448F1Z1040,2023-01,-5
16ABCDE8448F1Z1040,2023-02,5
16ABCDE8448F1Z1040,2023-03,5
16ABCDE8448F1Z1040,2023-04,-3
16ABCDE8448F1Z1040,2023-05,2
16ABCDE8448F1Z1040,2023-06,0
27ABCDE2301F1Z1041,2023-01,-4
27ABCDE2301F1Z1041,2023-02,5
27ABCDE2301F1Z1041,2023-03,3
27ABCDE2301F1Z1041,2023-04,-4
27ABCDE2301F1Z1041,2023-05,4
27ABCDE2301F1Z1041,2023-06,-2
32ABCDE4394F1Z1042,2023-01,2
32ABCDE4394F1Z1042,2023-02,4
32ABCDE4394F1Z1042,2023-03,-5
32ABCDE4394F1Z1042,2023-04,4
32ABCDE4394F1Z1042,2023-05,-1
32ABCDE4394F1Z1042,2023-06,3
21ABCDE8432F1Z1043,2023-01,5
21ABCDE8432F1Z1043,2023-02,-5
21ABCDE8432F1Z1043,2023-03,1
21ABCDE8432F1Z1043,2023-04,-5
21ABCDE8432F1Z1043,2023-05,-1
21ABCDE8432F1Z1043,2023-06,-4
17ABCDE8591F1Z1044,2023-01,-4
17ABCDE8591F1Z1044,2023-02,-5
17ABCDE8591F1Z1044,2023-03,-3
17ABCDE8591F1Z1044,2023-04,-1
17ABCDE8591F1Z1044,2023-05,5
17ABCDE8591F1Z1044,2023-06,-3
29ABCDE6331F1Z1045,2023-01,-3
29ABCDE6331F1Z1045,2023-02,-4
29ABCDE6331F1Z1045,2023-03,3
29ABCDE6331F1Z1045,2023-04,2
29ABCDE6331F1Z1045,2023-05,1
29ABCDE6331F1Z1045,2023-06,2
15ABCDE5502F1Z1046,2023-01,5
15ABCDE5502F1Z1046,2023-02,-2
15ABCDE5502F1Z1046,2023-03,1
15ABCDE5502F1Z1046,2023-04,5
15ABCDE5502F1Z1046,2023-05,-5
15ABCDE5502F1Z1046,2023-06,4
26ABCDE5038F1Z1047,2023-01,4
26ABCDE5038F1Z1047,2023-02,1
26ABCDE5038F1Z1047,2023-03,-5
26ABCDE5038F1Z1047,2023-04,5
26ABCDE5038F1Z1047,2023-05,3
26ABCDE5038F1Z1047,2023-06,0
34ABCDE8423F1Z1048,2023-01,-1
34ABCDE8423F1Z1048,2023-02,-1
34ABCDE8423F1Z1048,2023-03,-1
34ABCDE8423F1Z1048,2023-04,-5
34ABCDE8423F1Z1048,2023-05,-4
34ABCDE8423F1Z1048,2023-06,-1
20ABCDE5677F1Z1049,2023-01,1
20ABCDE5677F1Z1049,2023-02,3
20ABCDE5677F1Z1049,2023-03,-5
20ABCDE5677F1Z1049,2023-04,-4
20ABCDE5677F1Z1049,2023-05,2
20ABCDE5677F1Z1049,2023-06,-5
36ABCDE4662F1Z1050,2023-01,-3
36ABCDE4662F1Z1050,2023-02,-2
36ABCDE4662F1Z1050,2023-03,0
36ABCDE4662F1Z1050,2023-04,3
36ABCDE4662F1Z1050,2023-05,3
36ABCDE4662F1Z1050,2023-06,-2
27ABCDE4756F1Z1051,2023-01,5
27ABCDE4756F1Z1051,2023-02,5
27ABCDE4756F1Z1051,2023-03,3
27ABCDE4756F1Z1051,2023-04,5
27ABCDE4756F1Z1051,2023-05,-2
27ABCDE4756F1Z1051,2023-06,3
12ABCDE6661F1Z1052,2023-01,-1
12ABCDE6661F1Z1052,2023-02,-2
12ABCDE6661F1Z1052,2023-03,-4
12ABCDE6661F1Z1052,2023-04,-2
12ABCDE6661F1Z1052,2023-05,4
12ABCDE6661F1Z1052,2023-06,2
30ABCDE4005F1Z1053,2023-01,-4
30ABCDE4005F1Z1053,2023-02,-3
30ABCDE4005F1Z1053,2023-03,0
30ABCDE4005F1Z1053,2023-04,2
30ABCDE4005F1Z1053,2023-05,-1
30ABCDE4005F1Z1053,2023-06,-4
16ABCDE7838F1Z1054,2023-01,1
16ABCDE7838F1Z1054,2023-02,-1
16ABCDE7838F1Z1054,2023-03,4
16ABCDE7838F1Z1054,2023-04,2
16ABCDE7838F1Z1054,2023-05,2
16ABCDE7838F1Z1054,2023-06,-4
11ABCDE9265F1Z1055,2023-01,-5
11ABCDE9265F1Z1055,2023-02,4
11ABCDE9265F1Z1055,2023-03,3
11ABCDE9265F1Z1055,2023-04,4
11ABCDE9265F1Z1055,2023-05,-4
11ABCDE9265F1Z1055,2023-06,-1
34ABCDE6742F1Z1056,2023-01,4
34ABCDE6742F1Z1056,2023-02,-1
34ABCDE6742F1Z1056,2023-03,-1
34ABCDE6742F1Z1056,2023-04,1
34ABCDE6742F1Z1056,2023-05,2
34ABCDE6742F1Z1056,2023-06,0
11ABCDE9096F1Z1057,2023-01,-1
11ABCDE9096F1Z1057,2023-02,1
11ABCDE9096F1Z1057,2023-03,-4
11ABCDE9096F1Z1057,2023-04,-5
11ABCDE9096F1Z1057,2023-05,-4
11ABCDE9096F1Z1057,2023-06,5
34ABCDE2861F1Z1058,2023-01,2
34ABCDE2861F1Z1058,2023-02,3
34ABCDE2861F1Z1058,2023-03,-3
34ABCDE2861F1Z1058,2023-04,-5
34ABCDE2861F1Z1058,2023-05,-5
34ABCDE2861F1Z1058,2023-06,-1
10ABCDE4963F1Z1059,2023-01,2
10ABCDE4963F1Z1059,2023-02,1
10ABCDE4963F1Z1059,2023-03,-5
10ABCDE4963F1Z1059,2023-04,0
10ABCDE4963F1Z1059,2023-05,-2
10ABCDE4963F1Z1059,2023-06,-4
11ABCDE2862F1Z1060,2023-01,-3
11ABCDE2862F1Z1060,2023-02,-5
11ABCDE2862F1Z1060,2023-03,1
11ABCDE2862F1Z1060,2023-04,3
11ABCDE2862F1Z1060,2023-05,-1
11ABCDE2862F1Z1060,2023-06,-5
24ABCDE5173F1Z1061,2023-01,5
24ABCDE5173F1Z1061,2023-02,3
24ABCDE5173F1Z1061,2023-03,4
24ABCDE5173F1Z1061,2023-04,5
24ABCDE5173F1Z1061,2023-05,3
24ABCDE5173F1Z1061,2023-06,2
36ABCDE1352F1Z1062,2023-01,0
36ABCDE1352F1Z1062,2023-02,-5
36ABCDE1352F1Z1062,2023-03,-3
36ABCDE1352F1Z1062,2023-04,-5
36ABCDE1352F1Z1062,2023-05,-2
36ABCDE1352F1Z1062,2023-06,-4
16ABCDE1711F1Z1063,2023-01,-3
16ABCDE1711F1Z1063,2023-02,-1
16ABCDE1711F1Z1063,2023-03,1
16ABCDE1711F1Z1063,2023-04,-2
16ABCDE1711F1Z1063,2023-05,4
16ABCDE1711F1Z1063,2023-06,0
13ABCDE6084F1Z1064,2023-01,-1
13ABCDE6084F1Z1064,2023-02,1
13ABCDE6084F1Z1064,2023-03,2
13ABCDE6084F1Z1064,2023-04,-4
13ABCDE6084F1Z1064,2023-05,-5
13ABCDE6084F1Z1064,2023-06,-1
17ABCDE1009F1Z1065,2023-01,-5
17ABCDE1009F1Z1065,2023-02,4
17ABCDE1009F1Z1065,2023-03,-2
17ABCDE1009F1Z1065,2023-04,-4
17ABCDE1009F1Z1065,2023-05,0
17ABCDE1009F1Z1065,2023-06,1
30ABCDE1655F1Z1066,2023-01,-4
30ABCDE1655F1Z1066,2023-02,-5
30ABCDE1655F1Z1066,2023-03,0
30ABCDE1655F1Z1066,2023-04,3
30ABCDE1655F1Z1066,2023-05,1
30ABCDE1655F1Z1066,2023-06,-2
17ABCDE3092F1Z1067,2023-01,5
17ABCDE3092F1Z1067,2023-02,-1
17ABCDE3092F1Z1067,2023-03,1
17ABCDE3092F1Z1067,2023-04,-4
17ABCDE3092F1Z1067,2023-05,2
17ABCDE3092F1Z1067,2023-06,-1
13ABCDE1699F1Z1068,2023-01,-5
13ABCDE1699F1Z1068,2023-02,-3
13ABCDE1699F1Z1068,2023-03,-3
13ABCDE1699F1Z1068,2023-04,5
13ABCDE1699F1Z1068,2023-05,-5
13ABCDE1699F1Z1068,2023-06,2
32ABCDE6616F1Z1069,2023-01,1
32ABCDE6616F1Z1069,2023-02,1
32ABCDE6616F1Z1069,2023-03,-2
32ABCDE6616F1Z1069,2023-04,-3
32ABCDE6616F1Z1069,2023-05,3
32ABCDE6616F1Z1069,2023-06,4
23ABCDE6728F1Z1070,2023-01,5
23ABCDE6728F1Z1070,2023-02,-2
23ABCDE6728F1Z1070,2023-03,-3
23ABCDE6728F1Z1070,2023-04,-2
23ABCDE6728F1Z1070,2023-05,1
23ABCDE6728F1Z1070,2023-06,-2
22ABCDE6420F1Z1071,2023-01,5
22ABCDE6420F1Z1071,2023-02,4
22ABCDE6420F1Z1071,2023-03,-5
22ABCDE6420F1Z1071,2023-04,0
22ABCDE6420F1Z1071,2023-05,-4
22ABCDE6420F1Z1071,2023-06,-4
20ABCDE8549F1Z1072,2023-01,-4
20ABCDE8549F1Z1072,2023-02,-1
20ABCDE8549F1Z1072,2023-03,5
20ABCDE8549F1Z1072,2023-04,-2
20ABCDE8549F1Z1072,2023-05,0
20ABCDE8549F1Z1072,2023-06,1
28ABCDE7289F1Z1073,2023-01,2
28ABCDE7289F1Z1073,2023-02,3
28ABCDE7289F1Z1073,2023-03,-1
28ABCDE7289F1Z1073,2023-04,-2
28ABCDE7289F1Z1073,2023-05,0
28ABCDE7289F1Z1073,2023-06,-4
31ABCDE3798F1Z1074,2023-01,-2
31ABCDE3798F1Z1074,2023-02,-5
31ABCDE3798F1Z1074,2023-03,0
31ABCDE3798F1Z1074,2023-04,-4
31ABCDE3798F1Z1074,2023-05,-2
31ABCDE3798F1Z1074,2023-06,-3
35ABCDE7046F1Z1075,2023-01,-5
35ABCDE7046F1Z1075,2023-02,-2
35ABCDE7046F1Z1075,2023-03,-1
35ABCDE7046F1Z1075,2023-04,2
35ABCDE7046F1Z1075,2023-05,5
35ABCDE7046F1Z1075,2023-06,4
35ABCDE4343F1Z1076,2023-01,-1
35ABCDE4343F1Z1076,2023-02,1
35ABCDE4343F1Z1076,2023-03,-2
35ABCDE4343F1Z1076,2023-04,1
35ABCDE4343F1Z1076,2023-05,1
35ABCDE4343F1Z1076,2023-06,-5
35ABCDE8276F1Z1077,2023-01,-2
35ABCDE8276F1Z1077,2023-02,2
35ABCDE8276F1Z1077,2023-03,-5
35ABCDE8276F1Z1077,2023-04,3
35ABCDE8276F1Z1077,2023-05,-1
35ABCDE8276F1Z1077,2023-06,1
36ABCDE7838F1Z1078,2023-01,-4
36ABCDE7838F1Z1078,2023-02,-3
36ABCDE7838F1Z1078,2023-03,-5
36ABCDE7838F1Z1078,2023-04,-1
36ABCDE7838F1Z1078,2023-05,-1
36ABCDE7838F1Z1078,2023-06,-2
11ABCDE6156F1Z1079,2023-01,-3
11ABCDE6156F1Z1079,2023-02,-5
11ABCDE6156F1Z1079,2023-03,1
11ABCDE6156F1Z1079,2023-04,4
11ABCDE6156F1Z1079,2023-05,4
11ABCDE6156F1Z1079,2023-06,-5
32ABCDE9565F1Z1080,2023-01,-1
32ABCDE9565F1Z1080,2023-02,0
32ABCDE9565F1Z1080,2023-03,-5
32ABCDE9565F1Z1080,2023-04,-3
32ABCDE9565F1Z1080,2023-05,-2
32ABCDE9565F1Z1080,2023-06,3
33ABCDE2789F1Z1081,2023-01,3
33ABCDE2789F1Z1081,2023-02,2
33ABCDE2789F1Z1081,2023-03,2
33ABCDE2789F1Z1081,2023-04,-3
33ABCDE2789F1Z1081,2023-05,-2
33ABCDE2789F1Z1081,2023-06,2
25ABCDE4204F1Z1082,2023-01,2
25ABCDE4204F1Z1082,2023-02,3
25ABCDE4204F1Z1082,2023-03,0
25ABCDE4204F1Z1082,2023-04,-3
25ABCDE4204F1Z1082,2023-05,-3
25ABCDE4204F1Z1082,2023-06,2
18ABCDE1022F1Z1083,2023-01,2
18ABCDE1022F1Z1083,2023-02,1
18ABCDE1022F1Z1083,2023-03,5
18ABCDE1022F1Z1083,2023-04,2
18ABCDE1022F1Z1083,2023-05,1
18ABCDE1022F1Z1083,2023-06,3
29ABCDE5072F1Z1084,2023-01,-3
29ABCDE5072F1Z1084,2023-02,-4
29ABCDE5072F1Z1084,2023-03,-1
29ABCDE5072F1Z1084,2023-04,5
29ABCDE5072F1Z1084,2023-05,4
29ABCDE5072F1Z1084,2023-06,-3
19ABCDE4065F1Z1085,2023-01,-5
19ABCDE4065F1Z1085,2023-02,1
19ABCDE4065F1Z1085,2023-03,5
19ABCDE4065F1Z1085,2023-04,4
19ABCDE4065F1Z1085,2023-05,3
19ABCDE4065F1Z1085,2023-06,-2
21ABCDE1042F1Z1086,2023-01,3
21ABCDE1042F1Z1086,2023-02,3
21ABCDE1042F1Z1086,2023-03,-1
21ABCDE1042F1Z1086,2023-04,-2
21ABCDE1042F1Z1086,2023-05,4
21ABCDE1042F1Z1086,2023-06,-1
17ABCDE4282F1Z1087,2023-01,-4
17ABCDE4282F1Z1087,2023-02,-5
17ABCDE4282F1Z1087,2023-03,-4
17ABCDE4282F1Z1087,2023-04,1
17ABCDE4282F1Z1087,2023-05,-1
17ABCDE4282F1Z1087,2023-06,5
34ABCDE2538F1Z1088,2023-01,-3
34ABCDE2538F1Z1088,2023-02,-1
34ABCDE2538F1Z1088,2023-03,2
34ABCDE2538F1Z1088,2023-04,0
34ABCDE2538F1Z1088,2023-05,-2
34ABCDE2538F1Z1088,2023-06,-4
16ABCDE3746F1Z1089,2023-01,1
16ABCDE3746F1Z1089,2023-02,-1
16ABCDE3746F1Z1089,2023-03,-3
16ABCDE3746F1Z1089,2023-04,5
16ABCDE3746F1Z1089,2023-05,1
16ABCDE3746F1Z1089,2023-06,-4
32ABCDE3626F1Z1090,2023-01,-1
32ABCDE3626F1Z1090,2023-02,-2
32ABCDE3626F1Z1090,2023-03,-2
32ABCDE3626F1Z1090,2023-04,-2
32ABCDE3626F1Z1090,2023-05,1
32ABCDE3626F1Z1090,2023-06,-3
13ABCDE1304F1Z1091,2023-01,-1
13ABCDE1304F1Z1091,2023-02,2
13ABCDE1304F1Z1091,2023-03,0
13ABCDE1304F1Z1091,2023-04,4
13ABCDE1304F1Z1091,2023-05,5
13ABCDE1304F1Z1091,2023-06,-4
12ABCDE7479F1Z1092,2023-01,2
12ABCDE7479F1Z1092,2023-02,-2
12ABCDE7479F1Z1092,2023-03,-3
12ABCDE7479F1Z1092,2023-04,0
12ABCDE7479F1Z1092,2023-05,0
12ABCDE7479F1Z1092,2023-06,-4
20ABCDE4908F1Z1093,2023-01,1
20ABCDE4908F1Z1093,2023-02,0
20ABCDE4908F1Z1093,2023-03,3
20ABCDE4908F1Z1093,2023-04,-3
20ABCDE4908F1Z1093,2023-05,4
20ABCDE4908F1Z1093,2023-06,2
23ABCDE9228F1Z1094,2023-01,-1
23ABCDE9228F1Z1094,2023-02,2
23ABCDE9228F1Z1094,2023-03,5
23ABCDE9228F1Z1094,2023-04,3
23ABCDE9228F1Z1094,2023-05,-5
23ABCDE9228F1Z1094,2023-06,-2
18ABCDE5702F1Z1095,2023-01,3
18ABCDE5702F1Z1095,2023-02,4
18ABCDE5702F1Z1095,2023-03,-3
18ABCDE5702F1Z1095,2023-04,1
18ABCDE5702F1Z1095,2023-05,2
18ABCDE5702F1Z1095,2023-06,1
18ABCDE5634F1Z1096,2023-01,0
18ABCDE5634F1Z1096,2023-02,-5
18ABCDE5634F1Z1096,2023-03,-2
18ABCDE5634F1Z1096,2023-04,4
18ABCDE5634F1Z1096,2023-05,-5
18ABCDE5634F1Z1096,2023-06,3
26ABCDE9625F1Z1097,2023-01,1
26ABCDE9625F1Z1097,2023-02,4
26ABCDE9625F1Z1097,2023-03,0
26ABCDE9625F1Z1097,2023-04,-1
26ABCDE9625F1Z1097,2023-05,-3
26ABCDE9625F1Z1097,2023-06,-2
10ABCDE9725F1Z1098,2023-01,-3
10ABCDE9725F1Z1098,2023-02,-4
10ABCDE9725F1Z1098,2023-03,-2
10ABCDE9725F1Z1098,2023-04,-4
10ABCDE9725F1Z1098,2023-05,2
10ABCDE9725F1Z1098,2023-06,-3
28ABCDE9131F1Z1099,2023-01,-3
28ABCDE9131F1Z1099,2023-02,4
28ABCDE9131F1Z1099,2023-03,1
28ABCDE9131F1Z1099,2023-04,-5
28ABCDE9131F1Z1099,2023-05,-5
28ABCDE9131F1Z1099,2023-06,-3
13ABCDE7342F1Z1100,2023-01,5
13ABCDE7342F1Z1100,2023-02,1
13ABCDE7342F1Z1100,2023-03,-5
13ABCDE7342F1Z1100,2023-04,3
13ABCDE7342F1Z1100,2023-05,5
13ABCDE7342F1Z1100,2023-06,-5
25ABCDE8234F1Z1101,2023-01,-1
25ABCDE8234F1Z1101,2023-02,5
25ABCDE8234F1Z1101,2023-03,5
25ABCDE8234F1Z1101,2023-04,2
25ABCDE8234F1Z1101,2023-05,5
25ABCDE8234F1Z1101,2023-06,1
18ABCDE4223F1Z1102,2023-01,-4
18ABCDE4223F1Z1102,2023-02,4
18ABCDE4223F1Z1102,2023-03,-4
18ABCDE4223F1Z1102,2023-04,5
18ABCDE4223F1Z1102,2023-05,0
18ABCDE4223F1Z1102,2023-06,4
27ABCDE7883F1Z1103,2023-01,-5
27ABCDE7883F1Z1103,2023-02,0
27ABCDE7883F1Z1103,2023-03,-4
27ABCDE7883F1Z1103,2023-04,-3
27ABCDE7883F1Z1103,2023-05,-5
27ABCDE7883F1Z1103,2023-06,3
26ABCDE2287F1Z1104,2023-01,-4
26ABCDE2287F1Z1104,2023-02,5
26ABCDE2287F1Z1104,2023-03,-5
26ABCDE2287F1Z1104,2023-04,5
26ABCDE2287F1Z1104,2023-05,4
26ABCDE2287F1Z1104,2023-06,2
35ABCDE3257F1Z1105,2023-01,2
35ABCDE3257F1Z1105,2023-02,3
35ABCDE3257F1Z1105,2023-03,-2
35ABCDE3257F1Z1105,2023-04,-3
35ABCDE3257F1Z1105,2023-05,-3
35ABCDE3257F1Z1105,2023-06,2
18ABCDE3479F1Z1106,2023-01,4
18ABCDE3479F1Z1106,2023-02,0
18ABCDE3479F1Z1106,2023-03,1
18ABCDE3479F1Z1106,2023-04,-5
18ABCDE3479F1Z1106,2023-05,5
18ABCDE3479F1Z1106,2023-06,3
24ABCDE9165F1Z1107,2023-01,3
24ABCDE9165F1Z1107,2023-02,-4
24ABCDE9165F1Z1107,2023-03,-4
24ABCDE9165F1Z1107,2023-04,-3
24ABCDE9165F1Z1107,2023-05,4
24ABCDE9165F1Z1107,2023-06,0
29ABCDE9836F1Z1108,2023-01,4
29ABCDE9836F1Z1108,2023-02,2
29ABCDE9836F1Z1108,2023-03,4
29ABCDE9836F1Z1108,2023-04,-3
29ABCDE9836F1Z1108,2023-05,3
29ABCDE9836F1Z1108,2023-06,-3
28ABCDE4765F1Z1109,2023-01,0
28ABCDE4765F1Z1109,2023-02,-4
28ABCDE4765F1Z1109,2023-03,-1
28ABCDE4765F1Z1109,2023-04,3
28ABCDE4765F1Z1109,2023-05,3
28ABCDE4765F1Z1109,2023-06,-1
22ABCDE1168F1Z1110,2023-01,4
22ABCDE1168F1Z1110,2023-02,-1
22ABCDE1168F1Z1110,2023-03,3
22ABCDE1168F1Z1110,2023-04,-4
22ABCDE1168F1Z1110,2023-05,-5
22ABCDE1168F1Z1110,2023-06,-1
11ABCDE2126F1Z1111,2023-01,0
11ABCDE2126F1Z1111,2023-02,1
11ABCDE2126F1Z1111,2023-03,0
11ABCDE2126F1Z1111,2023-04,-3
11ABCDE2126F1Z1111,2023-05,5
11ABCDE2126F1Z1111,2023-06,-1
20ABCDE7829F1Z1112,2023-01,-4
20ABCDE7829F1Z1112,2023-02,-3
20ABCDE7829F1Z1112,2023-03,5
20ABCDE7829F1Z1112,2023-04,5
20ABCDE7829F1Z1112,2023-05,-4
20ABCDE7829F1Z1112,2023-06,5
13ABCDE8267F1Z1113,2023-01,1
13ABCDE8267F1Z1113,2023-02,4
13ABCDE8267F1Z1113,2023-03,3
13ABCDE8267F1Z1113,2023-04,-5
13ABCDE8267F1Z1113,2023-05,-1
13ABCDE8267F1Z1113,2023-06,-3
31ABCDE9311F1Z1114,2023-01,-4
31ABCDE9311F1Z1114,2023-02,-2
31ABCDE9311F1Z1114,2023-03,-3
31ABCDE9311F1Z1114,2023-04,-3
31ABCDE9311F1Z1114,2023-05,5
31ABCDE9311F1Z1114,2023-06,1
33ABCDE9908F1Z1115,2023-01,-3
33ABCDE9908F1Z1115,2023-02,-1
33ABCDE9908F1Z1115,2023-03,-2
33ABCDE9908F1Z1115,2023-04,2
33ABCDE9908F1Z1115,2023-05,-2
33ABCDE9908F1Z1115,2023-06,-2
26ABCDE1062F1Z1116,2023-01,1
26ABCDE1062F1Z1116,2023-02,-5
26ABCDE1062F1Z1116,2023-03,5
26ABCDE1062F1Z1116,2023-04,3
26ABCDE1062F1Z1116,2023-05,-4
26ABCDE1062F1Z1116,2023-06,-3
23ABCDE1261F1Z1117,2023-01,0
23ABCDE1261F1Z1117,2023-02,4
23ABCDE1261F1Z1117,2023-03,-5
23ABCDE1261F1Z1117,2023-04,5
23ABCDE1261F1Z1117,2023-05,4
23ABCDE1261F1Z1117,2023-06,-4
33ABCDE5749F1Z1118,2023-01,-5
33ABCDE5749F1Z1118,2023-02,-1
33ABCDE5749F1Z1118,2023-03,-1
33ABCDE5749F1Z1118,2023-04,-1
33ABCDE5749F1Z1118,2023-05,2
33ABCDE5749F1Z1118,2023-06,-5
15ABCDE8314F1Z1119,2023-01,3
15ABCDE8314F1Z1119,2023-02,-5
15ABCDE8314F1Z1119,2023-03,-1
15ABCDE8314F1Z1119,2023-04,5
15ABCDE8314F1Z1119,2023-05,1
15ABCDE8314F1Z1119,2023-06,-5
16ABCDE1321F1Z1120,2023-01,-5
16ABCDE1321F1Z1120,2023-02,0
16ABCDE1321F1Z1120,2023-03,2
16ABCDE1321F1Z1120,2023-04,-5
16ABCDE1321F1Z1120,2023-05,0
16ABCDE1321F1Z1120,2023-06,-5
25ABCDE4419F1Z1121,2023-01,-4
25ABCDE4419F1Z1121,2023-02,-2
25ABCDE4419F1Z1121,2023-03,1
25ABCDE4419F1Z1121,2023-04,0
25ABCDE4419F1Z1121,2023-05,3
25ABCDE4419F1Z1121,2023-06,3
10ABCDE4341F1Z1122,2023-01,3
10ABCDE4341F1Z1122,2023-02,-1
10ABCDE4341F1Z1122,2023-03,-4
10ABCDE4341F1Z1122,2023-04,-1
10ABCDE4341F1Z1122,2023-05,-3
10ABCDE4341F1Z1122,2023-06,-5
21ABCDE6293F1Z1123,2023-01,4
21ABCDE6293F1Z1123,2023-02,-2
21ABCDE6293F1Z1123,2023-03,-1
21ABCDE6293F1Z1123,2023-04,4
21ABCDE6293F1Z1123,2023-05,3
21ABCDE6293F1Z1123,2023-06,3
23ABCDE5185F1Z1124,2023-01,-5
23ABCDE5185F1Z1124,2023-02,-2
23ABCDE5185F1Z1124,2023-03,-1
23ABCDE5185F1Z1124,2023-04,3
23ABCDE5185F1Z1124,2023-05,2
23ABCDE5185F1Z1124,2023-06,2
36ABCDE9458F1Z1125,2023-01,-2
36ABCDE9458F1Z1125,2023-02,4
36ABCDE9458F1Z1125,2023-03,1
36ABCDE9458F1Z1125,2023-04,4
36ABCDE9458F1Z1125,2023-05,2
36ABCDE9458F1Z1125,2023-06,-4
36ABCDE3233F1Z1126,2023-01,5
36ABCDE3233F1Z1126,2023-02,3
36ABCDE3233F1Z1126,2023-03,5
36ABCDE3233F1Z1126,2023-04,-5
36ABCDE3233F1Z1126,2023-05,-3
36ABCDE3233F1Z1126,2023-06,0
34ABCDE7847F1Z1127,2023-01,0
34ABCDE7847F1Z1127,2023-02,1
34ABCDE7847F1Z1127,2023-03,5
34ABCDE7847F1Z1127,2023-04,-3
34ABCDE7847F1Z1127,2023-05,3
34ABCDE7847F1Z1127,2023-06,3
12ABCDE6252F1Z1128,2023-01,-3
12ABCDE6252F1Z1128,2023-02,3
12ABCDE6252F1Z1128,2023-03,-3
12ABCDE6252F1Z1128,2023-04,-3
12ABCDE6252F1Z1128,2023-05,0
12ABCDE6252F1Z1128,2023-06,5
22ABCDE9794F1Z1129,2023-01,-5
22ABCDE9794F1Z1129,2023-02,2
22ABCDE9794F1Z1129,2023-03,5
22ABCDE9794F1Z1129,2023-04,-3
22ABCDE9794F1Z1129,2023-05,4
22ABCDE9794F1Z1129,2023-06,-1
33ABCDE5290F1Z1130,2023-01,0
33ABCDE5290F1Z1130,2023-02,-5
33ABCDE5290F1Z1130,2023-03,0
33ABCDE5290F1Z1130,2023-04,1
33ABCDE5290F1Z1130,2023-05,3
33ABCDE5290F1Z1130,2023-06,-1
16ABCDE4474F1Z1131,2023-01,1
16ABCDE4474F1Z1131,2023-02,-3
16ABCDE4474F1Z1131,2023-03,1
16ABCDE4474F1Z1131,2023-04,-2
16ABCDE4474F1Z1131,2023-05,-2
16ABCDE4474F1Z1131,2023-06,2
15ABCDE4484F1Z1132,2023-01,1
15ABCDE4484F1Z1132,2023-02,2
15ABCDE4484F1Z1132,2023-03,4
15ABCDE4484F1Z1132,2023-04,2
15ABCDE4484F1Z1132,2023-05,1
15ABCDE4484F1Z1132,2023-06,2
28ABCDE1530F1Z1133,2023-01,2
28ABCDE1530F1Z1133,2023-02,1
28ABCDE1530F1Z1133,2023-03,-3
28ABCDE1530F1Z1133,2023-04,-4
28ABCDE1530F1Z1133,2023-05,-4
28ABCDE1530F1Z1133,2023-06,-2
20ABCDE2385F1Z1134,2023-01,-2
20ABCDE2385F1Z1134,2023-02,-3
20ABCDE2385F1Z1134,2023-03,-5
20ABCDE2385F1Z1134,2023-04,4
20ABCDE2385F1Z1134,2023-05,3
20ABCDE2385F1Z1134,2023-06,-5
13ABCDE3950F1Z1135,2023-01,-5
13ABCDE3950F1Z1135,2023-02,5
13ABCDE3950F1Z1135,2023-03,1
13ABCDE3950F1Z1135,2023-04,2
13ABCDE3950F1Z1135,2023-05,-5
13ABCDE3950F1Z1135,2023-06,5
24ABCDE2133F1Z1136,2023-01,4
24ABCDE2133F1Z1136,2023-02,-4
24ABCDE2133F1Z1136,2023-03,0
24ABCDE2133F1Z1136,2023-04,5
24ABCDE2133F1Z1136,2023-05,5
24ABCDE2133F1Z1136,2023-06,2
29ABCDE8851F1Z1137,2023-01,3
29ABCDE8851F1Z1137,2023-02,0
29ABCDE8851F1Z1137,2023-03,-3
29ABCDE8851F1Z1137,2023-04,-1
29ABCDE8851F1Z1137,2023-05,-4
29ABCDE8851F1Z1137,2023-06,5
22ABCDE3151F1Z1138,2023-01,0
22ABCDE3151F1Z1138,2023-02,-1
22ABCDE3151F1Z1138,2023-03,-4
22ABCDE3151F1Z1138,2023-04,-4
22ABCDE3151F1Z1138,2023-05,4
22ABCDE3151F1Z1138,2023-06,-3
19ABCDE1102F1Z1139,2023-01,-5
19ABCDE1102F1Z1139,2023-02,5
19ABCDE1102F1Z1139,2023-03,1
19ABCDE1102F1Z1139,2023-04,-1
19ABCDE1102F1Z1139,2023-05,-1
19ABCDE1102F1Z1139,2023-06,-3
18ABCDE6384F1Z1140,2023-01,-4
18ABCDE6384F1Z1140,2023-02,2
18ABCDE6384F1Z1140,2023-03,-4
18ABCDE6384F1Z1140,2023-04,3
18ABCDE6384F1Z1140,2023-05,-5
18ABCDE6384F1Z1140,2023-06,2
32ABCDE7917F1Z1141,2023-01,2
32ABCDE7917F1Z1141,2023-02,-2
32ABCDE7917F1Z1141,2023-03,3
32ABCDE7917F1Z1141,2023-04,-2
32ABCDE7917F1Z1141,2023-05,5
32ABCDE7917F1Z1141,2023-06,-3
31ABCDE1569F1Z1142,2023-01,-5
31ABCDE1569F1Z1142,2023-02,-3
31ABCDE1569F1Z1142,2023-03,-2
31ABCDE1569F1Z1142,2023-04,2
31ABCDE1569F1Z1142,2023-05,4
31ABCDE1569F1Z1142,2023-06,1
27ABCDE1601F1Z1143,2023-01,-3
27ABCDE1601F1Z1143,2023-02,1
27ABCDE1601F1Z1143,2023-03,4
27ABCDE1601F1Z1143,2023-04,3
27ABCDE1601F1Z1143,2023-05,-3
27ABCDE1601F1Z1143,2023-06,-3
35ABCDE2550F1Z1144,2023-01,1
35ABCDE2550F1Z1144,2023-02,-2
35ABCDE2550F1Z1144,2023-03,2
35ABCDE2550F1Z1144,2023-04,1
35ABCDE2550F1Z1144,2023-05,-5
35ABCDE2550F1Z1144,2023-06,5
29ABCDE5237F1Z1145,2023-01,-4
29ABCDE5237F1Z1145,2023-02,-1
29ABCDE5237F1Z1145,2023-03,-5
29ABCDE5237F1Z1145,2023-04,-4
29ABCDE5237F1Z1145,2023-05,5
29ABCDE5237F1Z1145,2023-06,-2
28ABCDE7416F1Z1146,2023-01,0
28ABCDE7416F1Z1146,2023-02,1
28ABCDE7416F1Z1146,2023-03,-3
28ABCDE7416F1Z1146,2023-04,1
28ABCDE7416F1Z1146,2023-05,3
28ABCDE7416F1Z1146,2023-06,0
36ABCDE4441F1Z1147,2023-01,-2
36ABCDE4441F1Z1147,2023-02,2
36ABCDE4441F1Z1147,2023-03,-1
36ABCDE4441F1Z1147,2023-04,4
36ABCDE4441F1Z1147,2023-05,3
36ABCDE4441F1Z1147,2023-06,-3
24ABCDE4081F1Z1148,2023-01,-4
24ABCDE4081F1Z1148,2023-02,-5
24ABCDE4081F1Z1148,2023-03,5
24ABCDE4081F1Z1148,2023-04,1
24ABCDE4081F1Z1148,2023-05,1
24ABCDE4081F1Z1148,2023-06,-2
25ABCDE8899F1Z1149,2023-01,-2
25ABCDE8899F1Z1149,2023-02,-3
25ABCDE8899F1Z1149,2023-03,1
25ABCDE8899F1Z1149,2023-04,1
25ABCDE8899F1Z1149,2023-05,4
25ABCDE8899F1Z1149,2023-06,0
26ABCDE7837F1Z1150,2023-01,1
26ABCDE7837F1Z1150,2023-02,1
26ABCDE7837F1Z1150,2023-03,-1
26ABCDE7837F1Z1150,2023-04,0
26ABCDE7837F1Z1150,2023-05,5
26ABCDE7837F1Z1150,2023-06,-2
20ABCDE9220F1Z1151,2023-01,-2
20ABCDE9220F1Z1151,2023-02,2
20ABCDE9220F1Z1151,2023-03,3
20ABCDE9220F1Z1151,2023-04,-4
20ABCDE9220F1Z1151,2023-05,5
20ABCDE9220F1Z1151,2023-06,3
33ABCDE1229F1Z1152,2023-01,-1
33ABCDE1229F1Z1152,2023-02,-2
33ABCDE1229F1Z1152,2023-03,-3
33ABCDE1229F1Z1152,2023-04,0
33ABCDE1229F1Z1152,2023-05,3
33ABCDE1229F1Z1152,2023-06,1
25ABCDE8551F1Z1153,2023-01,-2
25ABCDE8551F1Z1153,2023-02,-3
25ABCDE8551F1Z1153,2023-03,-4
25ABCDE8551F1Z1153,2023-04,-3
25ABCDE8551F1Z1153,2023-05,1
25ABCDE8551F1Z1153,2023-06,4
23ABCDE7612F1Z1154,2023-01,2
23ABCDE7612F1Z1154,2023-02,3
23ABCDE7612F1Z1154,2023-03,-1
23ABCDE7612F1Z1154,2023-04,3
23ABCDE7612F1Z1154,2023-05,-4
23ABCDE7612F1Z1154,2023-06,-5
22ABCDE2529F1Z1155,2023-01,2
22ABCDE2529F1Z1155,2023-02,3
22ABCDE2529F1Z1155,2023-03,3
22ABCDE2529F1Z1155,2023-04,-3
22ABCDE2529F1Z1155,2023-05,-1
22ABCDE2529F1Z1155,2023-06,-1
13ABCDE7105F1Z1156,2023-01,2
13ABCDE7105F1Z1156,2023-02,1
13ABCDE7105F1Z1156,2023-03,0
13ABCDE7105F1Z1156,2023-04,0
13ABCDE7105F1Z1156,2023-05,-1
13ABCDE7105F1Z1156,2023-06,-1
11ABCDE2164F1Z1157,2023-01,4
11ABCDE2164F1Z1157,2023-02,-4
11ABCDE2164F1Z1157,2023-03,-5
11ABCDE2164F1Z1157,2023-04,-2
11ABCDE2164F1Z1157,2023-05,1
11ABCDE2164F1Z1157,2023-06,2
29ABCDE5934F1Z1158,2023-01,5
29ABCDE5934F1Z1158,2023-02,-4
29ABCDE5934F1Z1158,2023-03,-1
29ABCDE5934F1Z1158,2023-04,3
29ABCDE5934F1Z1158,2023-05,-1
29ABCDE5934F1Z1158,2023-06,5
14ABCDE5954F1Z1159,2023-01,2
14ABCDE5954F1Z1159,2023-02,-1
14ABCDE5954F1Z1159,2023-03,4
14ABCDE5954F1Z1159,2023-04,0
14ABCDE5954F1Z1159,2023-05,-4
14ABCDE5954F1Z1159,2023-06,5
15ABCDE7342F1Z1160,2023-01,-1
15ABCDE7342F1Z1160,2023-02,-5
15ABCDE7342F1Z1160,2023-03,1
15ABCDE7342F1Z1160,2023-04,-2
15ABCDE7342F1Z1160,2023-05,-2
15ABCDE7342F1Z1160,2023-06,4
18ABCDE5109F1Z1161,2023-01,3
18ABCDE5109F1Z1161,2023-02,3
18ABCDE5109F1Z1161,2023-03,1
18ABCDE5109F1Z1161,2023-04,-3
18ABCDE5109F1Z1161,2023-05,3
18ABCDE5109F1Z1161,2023-06,-3
25ABCDE8409F1Z1162,2023-01,1
25ABCDE8409F1Z1162,2023-02,2
25ABCDE8409F1Z1162,2023-03,2
25ABCDE8409F1Z1162,2023-04,-1
25ABCDE8409F1Z1162,2023-05,-3
25ABCDE8409F1Z1162,2023-06,-1
28ABCDE8858F1Z1163,2023-01,-2
28ABCDE8858F1Z1163,2023-02,2
28ABCDE8858F1Z1163,2023-03,2
28ABCDE8858F1Z1163,2023-04,-2
28ABCDE8858F1Z1163,2023-05,1
28ABCDE8858F1Z1163,2023-06,5
11ABCDE4953F1Z1164,2023-01,5
11ABCDE4953F1Z1164,2023-02,5
11ABCDE4953F1Z1164,2023-03,-2
11ABCDE4953F1Z1164,2023-04,4
11ABCDE4953F1Z1164,2023-05,3
11ABCDE4953F1Z1164,2023-06,-3
19ABCDE6422F1Z1165,2023-01,-5
19ABCDE6422F1Z1165,2023-02,-1
19ABCDE6422F1Z1165,2023-03,4
19ABCDE6422F1Z1165,2023-04,-5
19ABCDE6422F1Z1165,2023-05,4
19ABCDE6422F1Z1165,2023-06,-4
22ABCDE2816F1Z1166,2023-01,-2
22ABCDE2816F1Z1166,2023-02,-3
22ABCDE2816F1Z1166,2023-03,0
22ABCDE2816F1Z1166,2023-04,-5
22ABCDE2816F1Z1166,2023-05,-3
22ABCDE2816F1Z1166,2023-06,-2
21ABCDE7921F1Z1167,2023-01,4
21ABCDE7921F1Z1167,2023-02,-3
21ABCDE7921F1Z1167,2023-03,3
21ABCDE7921F1Z1167,2023-04,-5
21ABCDE7921F1Z1167,2023-05,5
21ABCDE7921F1Z1167,2023-06,-2
22ABCDE6373F1Z1168,2023-01,3
22ABCDE6373F1Z1168,2023-02,1
22ABCDE6373F1Z1168,2023-03,2
22ABCDE6373F1Z1168,2023-04,-3
22ABCDE6373F1Z1168,2023-05,0
22ABCDE6373F1Z1168,2023-06,2
15ABCDE7062F1Z1169,2023-01,-5
15ABCDE7062F1Z1169,2023-02,5
15ABCDE7062F1Z1169,2023-03,-2
15ABCDE7062F1Z1169,2023-04,-2
15ABCDE7062F1Z1169,2023-05,0
15ABCDE7062F1Z1169,2023-06,5
23ABCDE1863F1Z1170,2023-01,4
23ABCDE1863F1Z1170,2023-02,2
23ABCDE1863F1Z1170,2023-03,-5
23ABCDE1863F1Z1170,2023-04,1
23ABCDE1863F1Z1170,2023-05,0
23ABCDE1863F1Z1170,2023-06,-5
24ABCDE2581F1Z1171,2023-01,-1
24ABCDE2581F1Z1171,2023-02,-5
24ABCDE2581F1Z1171,2023-03,3
24ABCDE2581F1Z1171,2023-04,0
24ABCDE2581F1Z1171,2023-05,-1
24ABCDE2581F1Z1171,2023-06,-3
13ABCDE5880F1Z1172,2023-01,2
13ABCDE5880F1Z1172,2023-02,-3
13ABCDE5880F1Z1172,2023-03,2
13ABCDE5880F1Z1172,2023-04,3
13ABCDE5880F1Z1172,2023-05,1
13ABCDE5880F1Z1172,2023-06,-3
19ABCDE8624F1Z1173,2023-01,4
19ABCDE8624F1Z1173,2023-02,4
19ABCDE8624F1Z1173,2023-03,-4
19ABCDE8624F1Z1173,2023-04,4
19ABCDE8624F1Z1173,2023-05,-4
19ABCDE8624F1Z1173,2023-06,4
16ABCDE6185F1Z1174,2023-01,4
16ABCDE6185F1Z1174,2023-02,-3
16ABCDE6185F1Z1174,2023-03,-5
16ABCDE6185F1Z1174,2023-04,4
16ABCDE6185F1Z1174,2023-05,-4
16ABCDE6185F1Z1174,2023-06,-5
23ABCDE6617F1Z1175,2023-01,-5
23ABCDE6617F1Z1175,2023-02,-4
23ABCDE6617F1Z1175,2023-03,2
23ABCDE6617F1Z1175,2023-04,-3
23ABCDE6617F1Z1175,2023-05,1
23ABCDE6617F1Z1175,2023-06,-1
16ABCDE7885F1Z1176,2023-01,3
16ABCDE7885F1Z1176,2023-02,-3
16ABCDE7885F1Z1176,2023-03,2
16ABCDE7885F1Z1176,2023-04,-3
16ABCDE7885F1Z1176,2023-05,-4
16ABCDE7885F1Z1176,2023-06,-1
35ABCDE1396F1Z1177,2023-01,-2
35ABCDE1396F1Z1177,2023-02,-2
35ABCDE1396F1Z1177,2023-03,2
35ABCDE1396F1Z1177,2023-04,-2
35ABCDE1396F1Z1177,2023-05,5
35ABCDE1396F1Z1177,2023-06,-2
23ABCDE1540F1Z1178,2023-01,-1
23ABCDE1540F1Z1178,2023-02,2
23ABCDE1540F1Z1178,2023-03,-1
23ABCDE1540F1Z1178,2023-04,3
23ABCDE1540F1Z1178,2023-05,3
23ABCDE1540F1Z1178,2023-06,3
20ABCDE3309F1Z1179,2023-01,1
20ABCDE3309F1Z1179,2023-02,4
20ABCDE3309F1Z1179,2023-03,0
20ABCDE3309F1Z1179,2023-04,-2
20ABCDE3309F1Z1179,2023-05,-1
20ABCDE3309F1Z1179,2023-06,-4
10ABCDE2392F1Z1180,2023-01,-4
10ABCDE2392F1Z1180,2023-02,-5
10ABCDE2392F1Z1180,2023-03,-5
10ABCDE2392F1Z1180,2023-04,4
10ABCDE2392F1Z1180,2023-05,1
10ABCDE2392F1Z1180,2023-06,-2
14ABCDE7562F1Z1181,2023-01,-1
14ABCDE7562F1Z1181,2023-02,-3
14ABCDE7562F1Z1181,2023-03,4
14ABCDE7562F1Z1181,2023-04,5
14ABCDE7562F1Z1181,2023-05,1
14ABCDE7562F1Z1181,2023-06,2
23ABCDE3374F1Z1182,2023-01,-5
23ABCDE3374F1Z1182,2023-02,3
23ABCDE3374F1Z1182,2023-03,-4
23ABCDE3374F1Z1182,2023-04,-1
23ABCDE3374F1Z1182,2023-05,-5
23ABCDE3374F1Z1182,2023-06,1
12ABCDE2467F1Z1183,2023-01,-3
12ABCDE2467F1Z1183,2023-02,2
12ABCDE2467F1Z1183,2023-03,-1
12ABCDE2467F1Z1183,2023-04,5
12ABCDE2467F1Z1183,2023-05,4
12ABCDE2467F1Z1183,2023-06,-1
16ABCDE8096F1Z1184,2023-01,4
16ABCDE8096F1Z1184,2023-02,-4
16ABCDE8096F1Z1184,2023-03,-1
16ABCDE8096F1Z1184,2023-04,-1
16ABCDE8096F1Z1184,2023-05,-1
16ABCDE8096F1Z1184,2023-06,4
32ABCDE4881F1Z1185,2023-01,2
32ABCDE4881F1Z1185,2023-02,2
32ABCDE4881F1Z1185,2023-03,2
32ABCDE4881F1Z1185,2023-04,1
32ABCDE4881F1Z1185,2023-05,2
32ABCDE4881F1Z1185,2023-06,-1
17ABCDE2928F1Z1186,2023-01,-2
17ABCDE2928F1Z1186,2023-02,5
17ABCDE2928F1Z1186,2023-03,-4
17ABCDE2928F1Z1186,2023-04,-3
17ABCDE2928F1Z1186,2023-05,-4
17ABCDE2928F1Z1186,2023-06,1
33ABCDE1110F1Z1187,2023-01,-5
33ABCDE1110F1Z1187,2023-02,-1
33ABCDE1110F1Z1187,2023-03,2
33ABCDE1110F1Z1187,2023-04,-2
33ABCDE1110F1Z1187,2023-05,-2
33ABCDE1110F1Z1187,2023-06,2
10ABCDE5607F1Z1188,2023-01,-3
10ABCDE5607F1Z1188,2023-02,-5
10ABCDE5607F1Z1188,2023-03,-5
10ABCDE5607F1Z1188,2023-04,-4
10ABCDE5607F1Z1188,2023-05,5
10ABCDE5607F1Z1188,2023-06,-2
29ABCDE2955F1Z1189,2023-01,3
29ABCDE2955F1Z1189,2023-02,0
29ABCDE2955F1Z1189,2023-03,2
29ABCDE2955F1Z1189,2023-04,4
29ABCDE2955F1Z1189,2023-05,-2
29ABCDE2955F1Z1189,2023-06,-2
21ABCDE3898F1Z1190,2023-01,-4
21ABCDE3898F1Z1190,2023-02,4
21ABCDE3898F1Z1190,2023-03,-3
21ABCDE3898F1Z1190,2023-04,-2
21ABCDE3898F1Z1190,2023-05,3
21ABCDE3898F1Z1190,2023-06,-5
35ABCDE4294F1Z1191,2023-01,1
35ABCDE4294F1Z1191,2023-02,1
35ABCDE4294F1Z1191,2023-03,-2
35ABCDE4294F1Z1191,2023-04,0
35ABCDE4294F1Z1191,2023-05,-5
35ABCDE4294F1Z1191,2023-06,4
12ABCDE2142F1Z1192,2023-01,0
12ABCDE2142F1Z1192,2023-02,-1
12ABCDE2142F1Z1192,2023-03,5
12ABCDE2142F1Z1192,2023-04,-5
12ABCDE2142F1Z1192,2023-05,-1
12ABCDE2142F1Z1192,2023-06,-3
14ABCDE6213F1Z1193,2023-01,5
14ABCDE6213F1Z1193,2023-02,4
14ABCDE6213F1Z1193,2023-03,1
14ABCDE6213F1Z1193,2023-04,5
14ABCDE6213F1Z1193,2023-05,3
14ABCDE6213F1Z1193,2023-06,4
12ABCDE4800F1Z1194,2023-01,2
12ABCDE4800F1Z1194,2023-02,1
12ABCDE4800F1Z1194,2023-03,-3
12ABCDE4800F1Z1194,2023-04,-1
12ABCDE4800F1Z1194,2023-05,5
12ABCDE4800F1Z1194,2023-06,-5
35ABCDE9854F1Z1195,2023-01,0
35ABCDE9854F1Z1195,2023-02,1
35ABCDE9854F1Z1195,2023-03,-3
35ABCDE9854F1Z1195,2023-04,-5
35ABCDE9854F1Z1195,2023-05,0
35ABCDE9854F1Z1195,2023-06,-3
30ABCDE3150F1Z1196,2023-01,1
30ABCDE3150F1Z1196,2023-02,-2
30ABCDE3150F1Z1196,2023-03,-2
30ABCDE3150F1Z1196,2023-04,-2
30ABCDE3150F1Z1196,2023-05,2
30ABCDE3150F1Z1196,2023-06,-3
21ABCDE2929F1Z1197,2023-01,3
21ABCDE2929F1Z1197,2023-02,-2
21ABCDE2929F1Z1197,2023-03,4
21ABCDE2929F1Z1197,2023-04,5
21ABCDE2929F1Z1197,2023-05,4
21ABCDE2929F1Z1197,2023-06,3
28ABCDE2170F1Z1198,2023-01,1
28ABCDE2170F1Z1198,2023-02,-5
28ABCDE2170F1Z1198,2023-03,0
28ABCDE2170F1Z1198,2023-04,5
28ABCDE2170F1Z1198,2023-05,4
28ABCDE2170F1Z1198,2023-06,0
29ABCDE7537F1Z1199,2023-01,5
29ABCDE7537F1Z1199,2023-02,5
29ABCDE7537F1Z1199,2023-03,4
29ABCDE7537F1Z1199,2023-04,3
29ABCDE7537F1Z1199,2023-05,0
29ABCDE7537F1Z1199,2023-06,1
